[33m[Apr-21-2026 10:53:03 -04:00 -> generate:delta][39m - [35mwarn[39m: [35m╔══════════════════════════════════════════════════════════════════════════════════════════════════════════════╗[39m
[33m[Apr-21-2026 10:53:03 -04:00 -> generate:delta][39m - [35mwarn[39m: [35m║ saf generate delta is officially released - report any questions/bugs to https://github.com/mitre/saf/issues ║[39m
[33m[Apr-21-2026 10:53:03 -04:00 -> generate:delta][39m - [35mwarn[39m: [35m╚══════════════════════════════════════════════════════════════════════════════════════════════════════════════╝[39m
[36m==================== Delta Process =====================[39m
[36mDate: 2026-04-21T14:53:03.198Z[39m
[33m[Apr-21-2026 10:53:03 -04:00 -> generate:delta][39m - [36minfo[39m: [36mVerifying that the XCCDF file is valid: U_Amazon_Linux_2023_STIG_V1R3_Manual-xccdf.xml...[39m
[36mVerifying that the XCCDF file is valid: U_Amazon_Linux_2023_STIG_V1R3_Manual-xccdf.xml...[39m
[33m[Apr-21-2026 10:53:03 -04:00 -> generate:delta][39m - [34mdebug[39m: [34m  Processing a XCCDF file (.xml)[39m
[33m[Apr-21-2026 10:53:03 -04:00 -> generate:delta][39m - [34mdebug[39m: [34m  Valid XCCDF file provided[39m
[33m[Apr-21-2026 10:53:03 -04:00 -> generate:delta][39m - [34mdebug[39m: [34m  Retrieved XCCDF from zip package: U_Amazon_Linux_2023_STIG_V1R3_Manual-xccdf.xml[39m
[36m  Retrieved XCCDF from zip package: U_Amazon_Linux_2023_STIG_V1R3_Manual-xccdf.xml[39m
[36mProcess Flags ===========================================[39m
[36mlogLevel=info[39m
[36minspecJsonFile=/tmp/rhel9-hybrid-profile.json[39m
[36mxccdfXmlFile=<PATH_TO_STIG_XCCDF_LIBRARY>/Amazon_Linux_2023/v1r3/U_Amazon_Linux_2023_STIG_V1R3_Manual-xccdf.xml[39m
[36mdeltaOutputDir=/tmp/al2023-patched-run2[39m
[36mreportFile=/tmp/al2023-patched-report2.md[39m
[36midType=rule[39m
[36mrunMapControls=true[39m
[36mcontrolsDir=/Users/alippold/github/mitre/rhel9-v2r7-plus-gui/controls[39m
[36m[39m
[36m[39m
[33m[Apr-21-2026 10:53:03 -04:00 -> generate:delta][39m - [36minfo[39m: [36mProcessing the InSpec Profiles JSON summary (generate if not provided)...[39m
[36mProcessing the InSpec Profiles JSON summary (generate if not provided)...[39m
[33m[Apr-21-2026 10:53:03 -04:00 -> generate:delta][39m - [36minfo[39m: [36m  Using profile controls summary file: rhel9-hybrid-profile.json[39m
[36m  Using profile controls summary file: rhel9-hybrid-profile.json[39m
[36m  Loading /tmp/rhel9-hybrid-profile.json as Profile JSON/Execution JSON[39m
[36m  Loaded /tmp/rhel9-hybrid-profile.json as Profile JSON/Execution JSON[39m
[33m[Apr-21-2026 10:53:03 -04:00 -> generate:delta][39m - [36minfo[39m: [36mChecking if an OVAL XML file was provided...[39m
[36mChecking if an OVAL XML file was provided...[39m
[36m  An OVAL XML file was not provided[39m
[33m[Apr-21-2026 10:53:03 -04:00 -> generate:delta][39m - [36minfo[39m: [36mChecking if control mapping is required...[39m
[36mChecking if control mapping is required...[39m
[33m[Apr-21-2026 10:53:03 -04:00 -> generate:delta][39m - [36minfo[39m: [36m  Mapping controls (using fuzzy logic - lower value = best match) from the old profile to the new profile[39m
[36m  Mapping controls (using fuzzy logic - lower value = best match) from the old profile to the new profile[39m
[36mMapping controls (using fuzzy logic - lower value = best match) from the old profile to the new profile[39m
[36m[39m
[36mMapping Process ===========================================================================[39m
[36mUsing requirement-first pipeline: SRG-ID blocking + CCI Jaccard tiebreak + vendor-prefix-normalized Fuse fallback[39m
[36m[39m
[36mProcessing New Control:  SV-273994[39m
[36m     New Control Title:  Amazon Linux 2023 local disk partitions must implement cryptographic mechanisms to prevent unauthorized disclosure or modification of all information that requires at rest protection.[39m
[36m     Old Control Title:  RHEL 9 local disk partitions must implement cryptographic mechanisms to prevent unauthorized disclosure or modification of all information that requires at rest protection.[39m
[36m       Match method:  Fuse title-fuzzy (no SRG overlap, confidence=100%) [primary][39m
[36m  Best Match Candidate:  SV-257879 --> SV-273994[39m
[36m[39m
[36mProcessing New Control:  SV-273995[39m
[36m     New Control Title:  Amazon Linux 2023 must ensure cryptographic verification of vendor software packages.[39m
[36m     Old Control Title:  RHEL 9 must ensure cryptographic verification of vendor software packages.[39m
[36m       Match method:  SRG block + CCI tiebreak (Jaccard=50%) [primary][39m
[36m  Best Match Candidate:  SV-257819 --> SV-273995[39m
[36m[39m
[36mProcessing New Control:  SV-273996[39m
[36m     New Control Title:  Amazon Linux 2023 must check the GPG signature of locally installed software packages before installation.[39m
[36m     Old Control Title:  RHEL 9 must check the GPG signature of locally installed software packages before installation.[39m
[36m       Match method:  SRG block + CCI tiebreak (Jaccard=50%) [primary][39m
[36m  Best Match Candidate:  SV-257821 --> SV-273996[39m
[36m[39m
[36mProcessing New Control:  SV-273997[39m
[36m     New Control Title:  Amazon Linux 2023 must check the GPG signature of software packages originating from external software repositories before installation.[39m
[36m     Old Control Title:  RHEL 9 must check the GPG signature of software packages originating from external software repositories before installation.[39m
[36m       Match method:  SRG block + CCI tiebreak (Jaccard=50%) [primary][39m
[36m  Best Match Candidate:  SV-257820 --> SV-273997[39m
[36m[39m
[36mProcessing New Control:  SV-273998[39m
[36m     New Control Title:  Amazon Linux 2023 must have GPG signature verification enabled for all software repositories.[39m
[36m     Old Control Title:  RHEL 9 must have GPG signature verification enabled for all software repositories.[39m
[36m       Match method:  SRG block + CCI tiebreak (Jaccard=50%) [primary][39m
[36m  Best Match Candidate:  SV-257822 --> SV-273998[39m
[36m[39m
[36mProcessing New Control:  SV-273999[39m
[36m     New Control Title:  Amazon Linux 2023 must be a vendor-supported release.[39m
[36m     Old Control Title:  RHEL 9 must be a vendor-supported release.[39m
[36m       Match method:  Fuse title-fuzzy (no SRG overlap, confidence=100%) [primary][39m
[36m  Best Match Candidate:  SV-257777 --> SV-273999[39m
[36m[39m
[36mProcessing New Control:  SV-274000[39m
[36m     New Control Title:  Amazon Linux 2023 systemd-journald service must be enabled.[39m
[36m     Old Control Title:  RHEL 9 systemd-journald service must be enabled.[39m
[36m       Match method:  SRG deterministic (SRG-OS-000269-GPOS-00103) [primary][39m
[36m  Best Match Candidate:  SV-257783 --> SV-274000[39m
[36m[39m
[36mProcessing New Control:  SV-274001[39m
[36m     New Control Title:  Amazon Linux 2023 must restrict access to the kernel message buffer.[39m
[36m     Old Control Title:  RHEL 9 must restrict access to the kernel message buffer.[39m
[36m       Match method:  SRG block + CCI tiebreak (Jaccard=100%) [primary][39m
[36m  Best Match Candidate:  SV-257797 --> SV-274001[39m
[36m[39m
[36mProcessing New Control:  SV-274002[39m
[36m     New Control Title:  Amazon Linux 2023 must prevent kernel profiling by nonprivileged users.[39m
[36m     Old Control Title:  RHEL 9 must prevent kernel profiling by nonprivileged users.[39m
[36m       Match method:  SRG block + CCI tiebreak (Jaccard=100%) [primary][39m
[36m  Best Match Candidate:  SV-257798 --> SV-274002[39m
[36m[39m
[36mProcessing New Control:  SV-274003[39m
[36m     New Control Title:  Amazon Linux 2023 must restrict exposed kernel pointer addresses access.[39m
[36m     Old Control Title:  RHEL 9 must restrict exposed kernel pointer addresses access.[39m
[36m       Match method:  SRG block + CCI tiebreak (Jaccard=67%) [primary][39m
[36m  Best Match Candidate:  SV-257800 --> SV-274003[39m
[36m[39m
[36mProcessing New Control:  SV-274004[39m
[36m     New Control Title:  Amazon Linux 2023 must disable access to network bpf system call from nonprivileged processes.[39m
[36m     Old Control Title:  RHEL 9 must disable access to network bpf system call from nonprivileged processes.[39m
[36m       Match method:  SRG block + CCI tiebreak (Jaccard=50%) [primary][39m
[36m  Best Match Candidate:  SV-257810 --> SV-274004[39m
[36m[39m
[36mProcessing New Control:  SV-274005[39m
[36m     New Control Title:  Amazon Linux 2023 must restrict usage of ptrace to descendant processes.[39m
[36m     Old Control Title:  RHEL 9 must restrict usage of ptrace to descendant processes.[39m
[36m       Match method:  SRG block + CCI tiebreak (Jaccard=50%) [primary][39m
[36m  Best Match Candidate:  SV-257811 --> SV-274005[39m
[36m[39m
[36mProcessing New Control:  SV-274006[39m
[36m     New Control Title:  Amazon Linux 2023 must implement address space layout randomization (ASLR) to protect its memory from unauthorized code execution.[39m
[36m     Old Control Title:  RHEL 9 must implement address space layout randomization (ASLR) to protect its memory from unauthorized code execution.[39m
[36m       Match method:  SRG block + CCI tiebreak (Jaccard=50%) [primary][39m
[36m  Best Match Candidate:  SV-257809 --> SV-274006[39m
[36m[39m
[36mProcessing New Control:  SV-274007[39m
[36m     New Control Title:  Amazon Linux 2023 must not have the vsftpd package installed.[39m
[36m     Old Control Title:  RHEL 9 must not have a File Transfer Protocol (FTP) server package installed.[39m
[36m       Match method:  SRG deterministic (SRG-OS-000074-GPOS-00042) [primary][39m
[36m  Best Match Candidate:  SV-257826 --> SV-274007[39m
[36m[39m
[36mProcessing New Control:  SV-274008[39m
[36m     New Control Title:  Amazon Linux 2023 must not have the sendmail package installed.[39m
[36m     Old Control Title:  RHEL 9 must not have the nfs-utils package installed.[39m
[36m       Match method:  SRG block + CCI tiebreak (Jaccard=100%) [primary][39m
[36m  Best Match Candidate:  SV-257828 --> SV-274008[39m
[36m[39m
[36mProcessing New Control:  SV-274009[39m
[36m     New Control Title:  Amazon Linux 2023 must not have the nfs-utils package installed.[39m
[36m     Old Control Title:  RHEL 9 must not have the ypserv package installed.[39m
[36m       Match method:  SRG block + CCI tiebreak (Jaccard=100%) [primary][39m
[36m  Best Match Candidate:  SV-257829 --> SV-274009[39m
[36m[39m
[36mProcessing New Control:  SV-274010[39m
[36m     New Control Title:  Amazon Linux 2023 must not have the telnet-server package installed.[39m
[36m     Old Control Title:  RHEL 9 must not have the telnet-server package installed.[39m
[36m       Match method:  SRG block + CCI tiebreak (Jaccard=100%) [primary][39m
[36m  Best Match Candidate:  SV-257831 --> SV-274010[39m
[36m[39m
[36mProcessing New Control:  SV-274011[39m
[36m     New Control Title:  Amazon Linux 2023 must not have the gssproxy package installed.[39m
[36m     Old Control Title:  RHEL 9 must not install packages from the Extra Packages for Enterprise Linux (EPEL) repository.[39m
[36m       Match method:  SRG block + CCI tiebreak (Jaccard=100%) [primary][39m
[36m  Best Match Candidate:  SV-257830 --> SV-274011[39m
[36m[39m
[36mProcessing New Control:  SV-274012[39m
[36m     New Control Title:  Amazon Linux 2023 must have the sudo package installed.[39m
[36m     Old Control Title:  RHEL 9 must have the sudo package installed.[39m
[36m       Match method:  SRG block + CCI tiebreak (Jaccard=100%) [primary][39m
[36m  Best Match Candidate:  SV-258083 --> SV-274012[39m
[36m[39m
[36mProcessing New Control:  SV-274013[39m
[36m     New Control Title:  Amazon Linux 2023 must not be configured to bypass password requirements for privilege escalation.[39m
[36m     Old Control Title:  RHEL 9 must enable kernel parameters to enforce discretionary access control (DAC) on hardlinks.[39m
[36m       Match method:  SRG block + CCI tiebreak (Jaccard=50%) [primary][39m
[36m  Best Match Candidate:  SV-257801 --> SV-274013[39m
[36m[39m
[36mProcessing New Control:  SV-274014[39m
[36m     New Control Title:  Amazon Linux 2023 must require reauthentication when using the "sudo" command.[39m
[36m     Old Control Title:  RHEL 9 must require reauthentication when using the "sudo" command.[39m
[36m       Match method:  Fuse title-fuzzy (no SRG overlap, confidence=100%) [primary][39m
[36m  Best Match Candidate:  SV-258084 --> SV-274014[39m
[36m[39m
[36mProcessing New Control:  SV-274015[39m
[36m     New Control Title:  Amazon Linux 2023 must require users to reauthenticate for privilege escalation.[39m
[36m     Old Control Title:  RHEL 9 must require users to reauthenticate for privilege escalation.[39m
[36m       Match method:  SRG block + CCI tiebreak (Jaccard=50%) [primary][39m
[36m  Best Match Candidate:  SV-258086 --> SV-274015[39m
[36m[39m
[36mProcessing New Control:  SV-274016[39m
[36m     New Control Title:  Amazon Linux 2023 must require users to provide a password for privilege escalation.[39m
[36m     Old Control Title:  RHEL 9 must restrict privilege elevation to authorized personnel.[39m
[36m       Match method:  SRG block + CCI tiebreak (Jaccard=100%) [primary][39m
[36m  Best Match Candidate:  SV-258087 --> SV-274016[39m
[36m[39m
[36mProcessing New Control:  SV-274017[39m
[36m     New Control Title:  Amazon Linux 2023 must have the audit package installed.[39m
[36m     Old Control Title:  RHEL 9 audit package must be installed.[39m
[36m       Match method:  SRG block + CCI tiebreak (Jaccard=96%) [primary][39m
[36m  Best Match Candidate:  SV-258151 --> SV-274017[39m
[36m[39m
[36mProcessing New Control:  SV-274018[39m
[36m     New Control Title:  Amazon Linux 2023 must produce audit records containing information to establish what type of events occurred.[39m
[36m     Old Control Title:  RHEL 9 must enable auditing of processes that start prior to the audit daemon.[39m
[36m       Match method:  SRG block + CCI tiebreak (Jaccard=24%) [primary][39m
[35m** Potential Mismatch **[39m
[36m  Best Match Candidate:  SV-257796 --> SV-274018[39m
[36m[39m
[36mProcessing New Control:  SV-274019[39m
[36m     New Control Title:  Amazon Linux 2023 audispd-plugins package must be installed.[39m
[36m     Old Control Title:  RHEL 9 audispd-plugins package must be installed.[39m
[36m       Match method:  SRG block + CCI tiebreak (Jaccard=100%) [primary][39m
[36m  Best Match Candidate:  SV-258175 --> SV-274019[39m
[36m[39m
[36mProcessing New Control:  SV-274020[39m
[36m     New Control Title:  Amazon Linux 2023 must have the rsyslog package installed.[39m
[36m     Old Control Title:  RHEL 9 must periodically flush audit records to disk to prevent the loss of audit records.[39m
[36m       Match method:  SRG deterministic (SRG-OS-000051-GPOS-00024) [primary][39m
[36m  Best Match Candidate:  SV-258168 --> SV-274020[39m
[36m[39m
[36mProcessing New Control:  SV-274021[39m
[36m     New Control Title:  Amazon Linux 2023 must monitor remote access methods.[39m
[36m     Old Control Title:  All RHEL 9 remote access methods must be monitored.[39m
[36m       Match method:  SRG block + CCI tiebreak (Jaccard=100%) [primary][39m
[36m  Best Match Candidate:  SV-258144 --> SV-274021[39m
[36m[39m
[36mProcessing New Control:  SV-274022[39m
[36m     New Control Title:  Amazon Linux 2023 must have the chrony package installed.[39m
[36m     Old Control Title:  RHEL 9 must have the chrony package installed.[39m
[36m       Match method:  SRG block + CCI tiebreak (Jaccard=0%) [primary][39m
[35m** Potential Mismatch **[39m
[36m  Best Match Candidate:  SV-257943 --> SV-274022[39m
[36m[39m
[36mProcessing New Control:  SV-274023[39m
[36m     New Control Title:  Amazon Linux 2023 chronyd service must be enabled.[39m
[36m     Old Control Title:  RHEL 9 chronyd service must be enabled.[39m
[36m       Match method:  SRG block + CCI tiebreak (Jaccard=0%) [primary][39m
[35m** Potential Mismatch **[39m
[36m  Best Match Candidate:  SV-257944 --> SV-274023[39m
[36m[39m
[36mProcessing New Control:  SV-274024[39m
[36m     New Control Title:  Amazon Linux 2023 must have the Advanced Intrusion Detection Environment (AIDE) package installed.[39m
[36m     Old Control Title:  RHEL 9 must have the AIDE package installed.[39m
[36m       Match method:  SRG block + CCI tiebreak (Jaccard=67%) [primary][39m
[36m  Best Match Candidate:  SV-258134 --> SV-274024[39m
[36m[39m
[36mProcessing New Control:  SV-274025[39m
[36m     New Control Title:  Amazon Linux 2023 must routinely check the baseline configuration for unauthorized changes and notify the system administrator (SA) when anomalies in the operation of any security functions are discovered.[39m
[36m     Old Control Title:  RHEL 9 must routinely check the baseline configuration for unauthorized changes and notify the system administrator when anomalies in the operation of any security functions are discovered.[39m
[36m       Match method:  SRG block + CCI tiebreak (Jaccard=100%) [primary][39m
[36m  Best Match Candidate:  SV-258135 --> SV-274025[39m
[36m[39m
[36mProcessing New Control:  SV-274026[39m
[36m     New Control Title:  Amazon Linux 2023 must use cryptographic mechanisms to protect the integrity of audit tools.[39m
[36m     Old Control Title:  RHEL 9 must use cryptographic mechanisms to protect the integrity of audit tools.[39m
[36m       Match method:  SRG block + CCI tiebreak (Jaccard=100%) [primary][39m
[36m  Best Match Candidate:  SV-258137 --> SV-274026[39m
[36m[39m
[36mProcessing New Control:  SV-274027[39m
[36m     New Control Title:  Amazon Linux 2023 must have the firewalld package installed.[39m
[36m     Old Control Title:  RHEL 9 must have the firewalld package installed.[39m
[36m       Match method:  SRG block + CCI tiebreak (Jaccard=80%) [primary][39m
[36m  Best Match Candidate:  SV-257935 --> SV-274027[39m
[36m[39m
[36mProcessing New Control:  SV-274028[39m
[36m     New Control Title:  Amazon Linux 2023 must have the firewalld service active.[39m
[36m     Old Control Title:  The firewalld service on RHEL 9 must be active.[39m
[36m       Match method:  SRG block + CCI tiebreak (Jaccard=60%) [primary][39m
[36m  Best Match Candidate:  SV-257936 --> SV-274028[39m
[36m[39m
[36m     New XCCDF Control:  SV-274030[39m
[31m[1m    No Match Found for:  SV-274030 (SRG=SRG-OS-000142-GPOS-00071)[22m[39m
[31m[1m[22m[39m
[36mProcessing New Control:  SV-274031[39m
[36m     New Control Title:  Amazon Linux 2023 must have the s-nail package installed.[39m
[36m     Old Control Title:  RHEL 9 must have the s-nail package installed.[39m
[36m       Match method:  SRG block + CCI tiebreak (Jaccard=100%) [primary][39m
[36m  Best Match Candidate:  SV-257842 --> SV-274031[39m
[36m[39m
[36mProcessing New Control:  SV-274032[39m
[36m     New Control Title:  Amazon Linux 2023 must have the libreswan package installed.[39m
[36m     Old Control Title:  RHEL 9 must use mechanisms meeting the requirements of applicable federal laws, executive orders, directives, policies, regulations, standards, and guidance for authentication to a cryptographic module.[39m
[36m       Match method:  SRG deterministic (SRG-OS-000120-GPOS-00061) [primary][39m
[36m  Best Match Candidate:  SV-258237 --> SV-274032[39m
[36m[39m
[36mProcessing New Control:  SV-274033[39m
[36m     New Control Title:  Amazon Linux 2023 must have the policycoreutils package installed.[39m
[36m     Old Control Title:  RHEL 9 must have policycoreutils package installed.[39m
[36m       Match method:  Fuse title-fuzzy (no SRG overlap, confidence=94%) [primary][39m
[36m  Best Match Candidate:  SV-258081 --> SV-274033[39m
[36m[39m
[36mProcessing New Control:  SV-274034[39m
[36m     New Control Title:  Amazon Linux 2023 must have the pcsc-lite package installed.[39m
[36m     Old Control Title:  RHEL 9 must have the pcsc-lite package installed.[39m
[36m       Match method:  SRG block + CCI tiebreak (Jaccard=50%) [primary][39m
[36m  Best Match Candidate:  SV-258124 --> SV-274034[39m
[36m[39m
[36mProcessing New Control:  SV-274035[39m
[36m     New Control Title:  Amazon Linux 2023 must have the packages required for encrypting off-loaded audit logs installed.[39m
[36m     Old Control Title:  RHEL 9 must use mechanisms meeting the requirements of applicable federal laws, executive orders, directives, policies, regulations, standards, and guidance for authentication to a cryptographic module.[39m
[36m       Match method:  SRG deterministic (SRG-OS-000120-GPOS-00061) [related][39m
[36m  Best Match Candidate:  SV-258237 --> SV-274035[39m
[36m[39m
[36mProcessing New Control:  SV-274036[39m
[36m     New Control Title:  Amazon Linux 2023 must have the opensc package installed.[39m
[36m     Old Control Title:  RHEL 9 must have the opensc package installed.[39m
[36m       Match method:  SRG block + CCI tiebreak (Jaccard=67%) [primary][39m
[36m  Best Match Candidate:  SV-258126 --> SV-274036[39m
[36m[39m
[36mProcessing New Control:  SV-274037[39m
[36m     New Control Title:  Amazon Linux 2023 must have the openssl-pkcs11 package installed.[39m
[36m     Old Control Title:  RHEL 9 must implement certificate status checking for multifactor authentication.[39m
[36m       Match method:  SRG block + CCI tiebreak (Jaccard=50%) [primary][39m
[36m  Best Match Candidate:  SV-258123 --> SV-274037[39m
[36m[39m
[36mProcessing New Control:  SV-274038[39m
[36m     New Control Title:  Amazon Linux 2023 must have SSH installed.[39m
[36m     Old Control Title:  All RHEL 9 networked systems must have SSH installed.[39m
[36m       Match method:  Fuse title-fuzzy (no SRG overlap, confidence=100%) [primary][39m
[36m  Best Match Candidate:  SV-257978 --> SV-274038[39m
[36m[39m
[36mProcessing New Control:  SV-274039[39m
[36m     New Control Title:  Amazon Linux 2023 must implement SSH to protect the confidentiality and integrity of transmitted and received information, as well as information during preparation for transmission.[39m
[36m     Old Control Title:  All RHEL 9 networked systems must have and implement SSH to protect the confidentiality and integrity of transmitted and received information, as well as information during preparation for transmission.[39m
[36m       Match method:  Fuse title-fuzzy (no SRG overlap, confidence=98%) [primary][39m
[36m  Best Match Candidate:  SV-257979 --> SV-274039[39m
[36m[39m
[36mProcessing New Control:  SV-274040[39m
[36m     New Control Title:  Amazon Linux 2023 must have the crypto-policies package installed.[39m
[36m     Old Control Title:  RHEL 9 must have the crypto-policies package installed.[39m
[36m       Match method:  SRG block + CCI tiebreak (Jaccard=75%) [primary][39m
[36m  Best Match Candidate:  SV-258234 --> SV-274040[39m
[36m[39m
[36mProcessing New Control:  SV-274042[39m
[36m     New Control Title:  Amazon Linux 2023 server must be configured to use only DOD-approved encryption ciphers employing FIPS 140-2/140-3 validated cryptographic hash algorithms to protect the confidentiality of SSH server connections.[39m
[36m     Old Control Title:  The RHEL 9 SSH server must be configured to use only DOD-approved encryption ciphers employing FIPS 140-3 validated cryptographic hash algorithms to protect the confidentiality of SSH server connections.[39m
[36m       Match method:  SRG block + CCI tiebreak (Jaccard=100%) [primary][39m
[36m  Best Match Candidate:  SV-257989 --> SV-274042[39m
[36m[39m
[36mProcessing New Control:  SV-274043[39m
[36m     New Control Title:  Amazon Linux 2023 SSH server must be configured to use only Message Authentication Codes (MACs) employing FIPS 140-2/140-3 validated cryptographic hash algorithms to protect the confidentiality of SSH server connections.[39m
[36m     Old Control Title:  The RHEL 9 SSH server must be configured to use only Message Authentication Codes (MACs) employing FIPS 140-3 validated cryptographic hash algorithms to protect the confidentiality of SSH server connections.[39m
[36m       Match method:  SRG block + CCI tiebreak (Jaccard=100%) [primary][39m
[36m  Best Match Candidate:  SV-257991 --> SV-274043[39m
[36m[39m
[36mProcessing New Control:  SV-274044[39m
[36m     New Control Title:  Amazon Linux 2023 SSH daemon must not allow Generic Security Service Application Program Interface (GSSAPI) authentication.[39m
[36m     Old Control Title:  RHEL 9 SSH daemon must not allow GSSAPI authentication.[39m
[36m       Match method:  SRG block + CCI tiebreak (Jaccard=50%) [primary][39m
[36m  Best Match Candidate:  SV-258003 --> SV-274044[39m
[36m[39m
[36mProcessing New Control:  SV-274045[39m
[36m     New Control Title:  Amazon Linux 2023 SSH daemon must not allow Kerberos authentication.[39m
[36m     Old Control Title:  RHEL 9 SSH daemon must not allow Kerberos authentication.[39m
[36m       Match method:  SRG block + CCI tiebreak (Jaccard=50%) [primary][39m
[36m  Best Match Candidate:  SV-258004 --> SV-274045[39m
[36m[39m
[36mProcessing New Control:  SV-274046[39m
[36m     New Control Title:  Amazon Linux 2023 must force a frequent session key renegotiation for SSH connections to the server.[39m
[36m     Old Control Title:  RHEL 9 must force a frequent session key renegotiation for SSH connections to the server.[39m
[36m       Match method:  SRG block + CCI tiebreak (Jaccard=100%) [primary][39m
[36m  Best Match Candidate:  SV-257994 --> SV-274046[39m
[36m[39m
[36mProcessing New Control:  SV-274047[39m
[36m     New Control Title:  Amazon Linux 2023 SSHD must accept public key authentication.[39m
[36m     Old Control Title:  RHEL 9 SSHD must accept public key authentication.[39m
[36m       Match method:  SRG block + CCI tiebreak (Jaccard=50%) [primary][39m
[36m  Best Match Candidate:  SV-257983 --> SV-274047[39m
[36m[39m
[36mProcessing New Control:  SV-274048[39m
[36m     New Control Title:  Amazon Linux 2023 SSHD must not allow blank passwords.[39m
[36m     Old Control Title:  RHEL 9 SSHD must not allow blank passwords.[39m
[36m       Match method:  SRG deterministic (SRG-OS-000106-GPOS-00053) [primary][39m
[36m  Best Match Candidate:  SV-257984 --> SV-274048[39m
[36m[39m
[36mProcessing New Control:  SV-274049[39m
[36m     New Control Title:  Amazon Linux 2023 must not permit direct logons to the root account using remote access via SSH.[39m
[36m     Old Control Title:  RHEL 9 must not permit direct logons to the root account using remote access via SSH.[39m
[36m       Match method:  SRG deterministic (SRG-OS-000109-GPOS-00056) [primary][39m
[36m  Best Match Candidate:  SV-257985 --> SV-274049[39m
[36m[39m
[36mProcessing New Control:  SV-274050[39m
[36m     New Control Title:  Amazon Linux 2023 must be configured so that all network connections associated with SSH traffic are terminated after 10 minutes of becoming unresponsive.[39m
[36m     Old Control Title:  RHEL 9 must be configured so that all network connections associated with SSH traffic terminate after becoming unresponsive.[39m
[36m       Match method:  SRG block + CCI tiebreak (Jaccard=67%) [primary][39m
[36m  Best Match Candidate:  SV-257995 --> SV-274050[39m
[36m[39m
[36mProcessing New Control:  SV-274051[39m
[36m     New Control Title:  Amazon Linux 2023 must be configured so that all network connections associated with SSH traffic terminate after becoming unresponsive.[39m
[36m     Old Control Title:  RHEL 9 must terminate idle user sessions.[39m
[36m       Match method:  SRG block + CCI tiebreak (Jaccard=50%) [primary][39m
[36m  Best Match Candidate:  SV-258077 --> SV-274051[39m
[36m[39m
[36mProcessing New Control:  SV-274052[39m
[36m     New Control Title:  Amazon Linux 2023 must enable the Pluggable Authentication Module (PAM) interface for SSHD.[39m
[36m     Old Control Title:  RHEL 9 must enable the Pluggable Authentication Module (PAM) interface for SSHD.[39m
[36m       Match method:  SRG deterministic (SRG-OS-000125-GPOS-00065) [primary][39m
[36m  Best Match Candidate:  SV-257986 --> SV-274052[39m
[36m[39m
[36mProcessing New Control:  SV-274057[39m
[36m     New Control Title:  Amazon Linux 2023 must enable FIPS mode.[39m
[36m     Old Control Title:  RHEL 9 must enable FIPS mode.[39m
[36m       Match method:  SRG block + CCI tiebreak (Jaccard=100%) [primary][39m
[36m  Best Match Candidate:  SV-258230 --> SV-274057[39m
[36m[39m
[36mProcessing New Control:  SV-274058[39m
[36m     New Control Title:  Amazon Linux 2023 crypto policy must not be overridden.[39m
[36m     Old Control Title:  RHEL 9 cryptographic policy must not be overridden.[39m
[36m       Match method:  SRG block + CCI tiebreak (Jaccard=50%) [primary][39m
[36m  Best Match Candidate:  SV-258236 --> SV-274058[39m
[36m[39m
[36mProcessing New Control:  SV-274059[39m
[36m     New Control Title:  Amazon Linux 2023 must enable certificate-based smart card authentication.[39m
[36m     Old Control Title:  RHEL 9 must enable certificate based smart card authentication.[39m
[36m       Match method:  SRG block + CCI tiebreak (Jaccard=50%) [primary][39m
[36m  Best Match Candidate:  SV-258122 --> SV-274059[39m
[36m[39m
[36mProcessing New Control:  SV-274060[39m
[36m     New Control Title:  Amazon Linux 2023 must map the authenticated identity to the user or group account for PKI-based authentication.[39m
[36m     Old Control Title:  RHEL 9 must map the authenticated identity to the user or group account for PKI-based authentication.[39m
[36m       Match method:  SRG deterministic (SRG-OS-000068-GPOS-00036) [primary][39m
[36m  Best Match Candidate:  SV-258132 --> SV-274060[39m
[36m[39m
[36mProcessing New Control:  SV-274061[39m
[36m     New Control Title:  Amazon Linux 2023 must implement certificate status checking for multifactor authentication.[39m
[36m     Old Control Title:  The pcscd service on RHEL 9 must be active.[39m
[36m       Match method:  SRG block + CCI tiebreak (Jaccard=33%) [primary][39m
[35m** Potential Mismatch **[39m
[36m  Best Match Candidate:  SV-258125 --> SV-274061[39m
[36m[39m
[36mProcessing New Control:  SV-274062[39m
[36m     New Control Title:  Amazon Linux 2023 must prohibit the use of cached authenticators after one day.[39m
[36m     Old Control Title:  RHEL 9 must prohibit the use of cached authenticators after one day.[39m
[36m       Match method:  SRG deterministic (SRG-OS-000383-GPOS-00166) [primary][39m
[36m  Best Match Candidate:  SV-258133 --> SV-274062[39m
[36m[39m
[36mProcessing New Control:  SV-274063[39m
[36m     New Control Title:  Amazon Linux 2023, for PKI-based authentication, must validate certificates by constructing a certification path (which includes status information) to an accepted trust anchor.[39m
[36m     Old Control Title:  RHEL 9, for PKI-based authentication, must validate certificates by constructing a certification path (which includes status information) to an accepted trust anchor.[39m
[36m       Match method:  SRG deterministic (SRG-OS-000066-GPOS-00034) [primary][39m
[36m  Best Match Candidate:  SV-258131 --> SV-274063[39m
[36m[39m
[36mProcessing New Control:  SV-274064[39m
[36m     New Control Title:  Amazon Linux 2023, for PKI-based authentication, must enforce authorized access to the corresponding private key.[39m
[36m     Old Control Title:  RHEL 9, for PKI-based authentication, must enforce authorized access to the corresponding private key.[39m
[36m       Match method:  SRG deterministic (SRG-OS-000067-GPOS-00035) [primary][39m
[36m  Best Match Candidate:  SV-258127 --> SV-274064[39m
[36m[39m
[36mProcessing New Control:  SV-274065[39m
[36m     New Control Title:  Amazon Linux 2023 must display the Standard Mandatory DOD Notice and Consent Banner before granting local or remote access to the system.[39m
[36m     Old Control Title:  RHEL 9 must display the Standard Mandatory DOD Notice and Consent Banner before granting local or remote access to the system via a graphical user logon.[39m
[36m       Match method:  SRG block + CCI tiebreak (Jaccard=100%) [primary][39m
[36m  Best Match Candidate:  SV-270174 --> SV-274065[39m
[36m[39m
[36mProcessing New Control:  SV-274066[39m
[36m     New Control Title:  Amazon Linux 2023 must display the Standard Mandatory DOD Notice and Consent Banner before granting local or remote access to the system via a SSH logon.[39m
[36m     Old Control Title:  RHEL 9 must display the Standard Mandatory DOD Notice and Consent Banner before granting local or remote access to the system via a SSH logon.[39m
[36m       Match method:  Fuse title-fuzzy (no SRG overlap, confidence=100%) [primary][39m
[36m  Best Match Candidate:  SV-257981 --> SV-274066[39m
[36m[39m
[36mProcessing New Control:  SV-274067[39m
[36m     New Control Title:  Amazon Linux 2023 must allocate audit record storage capacity to store at least one week's worth of audit records, when audit records are not immediately sent to a central audit record storage facility.[39m
[36m     Old Control Title:  RHEL 9 must allocate audit record storage capacity to store at least one week's worth of audit records.[39m
[36m       Match method:  SRG block + CCI tiebreak (Jaccard=50%) [primary][39m
[36m  Best Match Candidate:  SV-258155 --> SV-274067[39m
[36m[39m
[36mProcessing New Control:  SV-274068[39m
[36m     New Control Title:  Amazon Linux 2023 must use a separate file system for the system audit data path.[39m
[36m     Old Control Title:  RHEL 9 must use a separate file system for the system audit data path.[39m
[36m       Match method:  SRG block + CCI tiebreak (Jaccard=50%) [primary][39m
[36m  Best Match Candidate:  SV-257847 --> SV-274068[39m
[36m[39m
[36mProcessing New Control:  SV-274069[39m
[36m     New Control Title:  Amazon Linux 2023 must label all off-loaded audit logs before sending them to the central log server.[39m
[36m     Old Control Title:  RHEL 9 must authenticate the remote logging server for offloading audit logs via rsyslog.[39m
[36m       Match method:  SRG block + CCI tiebreak (Jaccard=100%) [primary][39m
[36m  Best Match Candidate:  SV-258146 --> SV-274069[39m
[36m[39m
[36mProcessing New Control:  SV-274070[39m
[36m     New Control Title:  Amazon Linux 2023 must take appropriate action when the internal event queue is full.[39m
[36m     Old Control Title:  RHEL 9 must take appropriate action when the internal event queue is full.[39m
[36m       Match method:  SRG block + CCI tiebreak (Jaccard=100%) [primary][39m
[36m  Best Match Candidate:  SV-258162 --> SV-274070[39m
[36m[39m
[36mProcessing New Control:  SV-274071[39m
[36m     New Control Title:  Amazon Linux 2023 must take action when allocated audit record storage volume reaches 75 percent of the repository maximum audit record storage capacity.[39m
[36m     Old Control Title:  RHEL 9 must take action when allocated audit record storage volume reaches 75 percent of the repository maximum audit record storage capacity.[39m
[36m       Match method:  SRG block + CCI tiebreak (Jaccard=100%) [primary][39m
[36m  Best Match Candidate:  SV-258156 --> SV-274071[39m
[36m[39m
[36mProcessing New Control:  SV-274072[39m
[36m     New Control Title:  Amazon Linux 2023 must notify the system administrator (SA) and information system security officer (ISSO) (at a minimum) when allocated audit record storage volume 75 percent utilization.[39m
[36m     Old Control Title:  RHEL 9 must notify the system administrator (SA) and information system security officer (ISSO) (at a minimum) when allocated audit record storage volume reaches 75 percent utilization.[39m
[36m       Match method:  SRG block + CCI tiebreak (Jaccard=100%) [primary][39m
[36m  Best Match Candidate:  SV-258157 --> SV-274072[39m
[36m[39m
[36mProcessing New Control:  SV-274073[39m
[36m     New Control Title:  Amazon Linux 2023 must take action when allocated audit record storage volume reaches 95 percent of the audit record storage capacity.[39m
[36m     Old Control Title:  RHEL 9 must take action when allocated audit record storage volume reaches 95 percent of the audit record storage capacity.[39m
[36m       Match method:  SRG block + CCI tiebreak (Jaccard=100%) [primary][39m
[36m  Best Match Candidate:  SV-258158 --> SV-274073[39m
[36m[39m
[36mProcessing New Control:  SV-274074[39m
[36m     New Control Title:  Amazon Linux 2023 must take action when allocated audit record storage volume reaches 95 percent of the repository maximum audit record storage capacity.[39m
[36m     Old Control Title:  RHEL 9 must take action when allocated audit record storage volume reaches 95 percent of the repository maximum audit record storage capacity.[39m
[36m       Match method:  SRG block + CCI tiebreak (Jaccard=100%) [primary][39m
[36m  Best Match Candidate:  SV-258159 --> SV-274074[39m
[36m[39m
[36mProcessing New Control:  SV-274075[39m
[36m     New Control Title:  Amazon Linux 2023 must immediately notify the system administrator (SA) and information system security officer (ISSO), at a minimum, of an audit processing failure event.[39m
[36m     Old Control Title:  RHEL 9 must notify the system administrator (SA) and information system security officer (ISSO) (at a minimum) when allocated audit record storage volume reaches 75 percent utilization.[39m
[36m       Match method:  SRG block + CCI tiebreak (Jaccard=100%) [related][39m
[36m  Best Match Candidate:  SV-258157 --> SV-274075[39m
[36m[39m
[36mProcessing New Control:  SV-274076[39m
[36m     New Control Title:  Amazon Linux 2023 must be configured to off-load audit records onto a different system from the system being audited via syslog.[39m
[36m     Old Control Title:  RHEL 9 must be configured to forward audit records via TCP to a different system or media from the system being audited via rsyslog.[39m
[36m       Match method:  SRG block + CCI tiebreak (Jaccard=50%) [primary][39m
[36m  Best Match Candidate:  SV-258149 --> SV-274076[39m
[36m[39m
[36mProcessing New Control:  SV-274077[39m
[36m     New Control Title:  Amazon Linux 2023 must authenticate the remote logging server for off-loading audit logs via rsyslog.[39m
[36m     Old Control Title:  RHEL 9 must have the rsyslog package installed.[39m
[36m       Match method:  SRG block + CCI tiebreak (Jaccard=33%) [primary][39m
[35m** Potential Mismatch **[39m
[36m  Best Match Candidate:  SV-258140 --> SV-274077[39m
[36m[39m
[36mProcessing New Control:  SV-274078[39m
[36m     New Control Title:  Amazon Linux 2023 must encrypt the transfer of audit records off-loaded onto a different system or media from the system being audited via rsyslog.[39m
[36m     Old Control Title:  RHEL 9 must be configured to forward audit records via TCP to a different system or media from the system being audited via rsyslog.[39m
[36m       Match method:  SRG block + CCI tiebreak (Jaccard=50%) [related][39m
[36m  Best Match Candidate:  SV-258149 --> SV-274078[39m
[36m[39m
[36mProcessing New Control:  SV-274079[39m
[36m     New Control Title:  Amazon Linux 2023 must encrypt via the gtls driver the transfer of audit records off-loaded onto a different system or media from the system being audited via rsyslog.[39m
[36m     Old Control Title:  RHEL 9 must be configured to forward audit records via TCP to a different system or media from the system being audited via rsyslog.[39m
[36m       Match method:  SRG block + CCI tiebreak (Jaccard=50%) [related][39m
[36m  Best Match Candidate:  SV-258149 --> SV-274079[39m
[36m[39m
[36mProcessing New Control:  SV-274080[39m
[36m     New Control Title:  Amazon Linux 2023 must be configured to off-load audit records onto a different system from the system being audited via syslog.[39m
[36m     Old Control Title:  RHEL 9 must encrypt the transfer of audit records offloaded onto a different system or media from the system being audited via rsyslog.[39m
[36m       Match method:  SRG block + CCI tiebreak (Jaccard=100%) [primary][39m
[36m  Best Match Candidate:  SV-258147 --> SV-274080[39m
[36m[39m
[36mProcessing New Control:  SV-274081[39m
[36m     New Control Title:  Amazon Linux 2023 must generate audit records for all account creations, modifications, disabling, and termination events that affect /etc/sudoers.[39m
[36m     Old Control Title:  RHEL 9 must generate audit records for all account creations, modifications, disabling, and termination events that affect /etc/sudoers.[39m
[36m       Match method:  SRG block + CCI tiebreak (Jaccard=92%) [primary][39m
[36m  Best Match Candidate:  SV-258217 --> SV-274081[39m
[36m[39m
[36mProcessing New Control:  SV-274082[39m
[36m     New Control Title:  Amazon Linux 2023 must generate audit records for all account creations, modifications, disabling, and termination events that affect /etc/sudoers.d/ directory.[39m
[36m     Old Control Title:  RHEL 9 must generate audit records for all account creations, modifications, disabling, and termination events that affect /etc/sudoers.d/ directory.[39m
[36m       Match method:  SRG block + CCI tiebreak (Jaccard=92%) [primary][39m
[36m  Best Match Candidate:  SV-258218 --> SV-274082[39m
[36m[39m
[36mProcessing New Control:  SV-274083[39m
[36m     New Control Title:  Amazon Linux 2023 must generate audit records for all account creations, modifications, disabling, and termination events that affect /etc/group.[39m
[36m     Old Control Title:  RHEL 9 must generate audit records for all account creations, modifications, disabling, and termination events that affect /etc/group.[39m
[36m       Match method:  SRG block + CCI tiebreak (Jaccard=92%) [primary][39m
[36m  Best Match Candidate:  SV-258219 --> SV-274083[39m
[36m[39m
[36mProcessing New Control:  SV-274084[39m
[36m     New Control Title:  Amazon Linux 2023 must generate audit records for all account creations, modifications, disabling, and termination events that affect /etc/gshadow.[39m
[36m     Old Control Title:  RHEL 9 must generate audit records for all account creations, modifications, disabling, and termination events that affect /etc/gshadow.[39m
[36m       Match method:  SRG block + CCI tiebreak (Jaccard=92%) [primary][39m
[36m  Best Match Candidate:  SV-258220 --> SV-274084[39m
[36m[39m
[36mProcessing New Control:  SV-274085[39m
[36m     New Control Title:  Amazon Linux 2023 must generate audit records for all account creations, modifications, disabling, and termination events that affect /etc/opasswd.[39m
[36m     Old Control Title:  RHEL 9 must generate audit records for all account creations, modifications, disabling, and termination events that affect /etc/opasswd.[39m
[36m       Match method:  SRG block + CCI tiebreak (Jaccard=92%) [primary][39m
[36m  Best Match Candidate:  SV-258221 --> SV-274085[39m
[36m[39m
[36mProcessing New Control:  SV-274086[39m
[36m     New Control Title:  Amazon Linux 2023 must audit uses of the "execve" system call.[39m
[36m     Old Control Title:  RHEL 9 must audit uses of the "execve" system call.[39m
[36m       Match method:  SRG deterministic (SRG-OS-000326-GPOS-00126) [primary][39m
[36m  Best Match Candidate:  SV-258176 --> SV-274086[39m
[36m[39m
[36mProcessing New Control:  SV-274087[39m
[36m     New Control Title:  Amazon Linux 2023 must audit all uses of the chmod, fchmod, and fchmodat system calls.[39m
[36m     Old Control Title:  RHEL 9 must audit all uses of the chmod, fchmod, and fchmodat system calls.[39m
[36m       Match method:  SRG block + CCI tiebreak (Jaccard=100%) [primary][39m
[36m  Best Match Candidate:  SV-258177 --> SV-274087[39m
[36m[39m
[36mProcessing New Control:  SV-274088[39m
[36m     New Control Title:  Amazon Linux 2023 must audit all uses of the chown, fchown, fchownat, and lchown system calls.[39m
[36m     Old Control Title:  RHEL 9 must audit all uses of the chown, fchown, fchownat, and lchown system calls.[39m
[36m       Match method:  SRG block + CCI tiebreak (Jaccard=100%) [primary][39m
[36m  Best Match Candidate:  SV-258178 --> SV-274088[39m
[36m[39m
[36mProcessing New Control:  SV-274089[39m
[36m     New Control Title:  Amazon Linux 2023 must audit all uses of the setxattr, fsetxattr, lsetxattr, removexattr, fremovexattr, and lremovexattr system calls.[39m
[36m     Old Control Title:  RHEL 9 must audit all uses of the setxattr, fsetxattr, lsetxattr, removexattr, fremovexattr, and lremovexattr system calls.[39m
[36m       Match method:  SRG block + CCI tiebreak (Jaccard=100%) [primary][39m
[36m  Best Match Candidate:  SV-258179 --> SV-274089[39m
[36m[39m
[36mProcessing New Control:  SV-274090[39m
[36m     New Control Title:  Amazon Linux 2023 must audit all uses of the truncate, ftruncate, creat, open, openat, and open_by_handle_at system calls.[39m
[36m     Old Control Title:  RHEL 9 must audit all uses of the truncate, ftruncate, creat, open, openat, and open_by_handle_at system calls.[39m
[36m       Match method:  SRG block + CCI tiebreak (Jaccard=100%) [primary][39m
[36m  Best Match Candidate:  SV-258188 --> SV-274090[39m
[36m[39m
[36mProcessing New Control:  SV-274091[39m
[36m     New Control Title:  Amazon Linux 2023 must audit all uses of the init_module and finit_module system calls.[39m
[36m     Old Control Title:  RHEL 9 must audit all uses of the init_module and finit_module system calls.[39m
[36m       Match method:  SRG block + CCI tiebreak (Jaccard=100%) [primary][39m
[36m  Best Match Candidate:  SV-258190 --> SV-274091[39m
[36m[39m
[36mProcessing New Control:  SV-274092[39m
[36m     New Control Title:  Amazon Linux 2023 must audit all uses of the create_module system call.[39m
[36m     Old Control Title:  RHEL 9 must audit all uses of the delete_module system call.[39m
[36m       Match method:  SRG block + CCI tiebreak (Jaccard=100%) [primary][39m
[36m  Best Match Candidate:  SV-258189 --> SV-274092[39m
[36m[39m
[36mProcessing New Control:  SV-274093[39m
[36m     New Control Title:  Amazon Linux 2023 must audit all uses of the kmod command.[39m
[36m     Old Control Title:  RHEL 9 must audit all uses of the kmod command.[39m
[36m       Match method:  SRG block + CCI tiebreak (Jaccard=100%) [primary][39m
[36m  Best Match Candidate:  SV-258195 --> SV-274093[39m
[36m[39m
[36mProcessing New Control:  SV-274094[39m
[36m     New Control Title:  Amazon Linux 2023 must audit all uses of the rename, unlink, rmdir, renameat, and unlinkat system calls.[39m
[36m     Old Control Title:  RHEL 9 must audit all uses of the rename, unlink, rmdir, renameat, and unlinkat system calls.[39m
[36m       Match method:  SRG block + CCI tiebreak (Jaccard=100%) [primary][39m
[36m  Best Match Candidate:  SV-258187 --> SV-274094[39m
[36m[39m
[36mProcessing New Control:  SV-274095[39m
[36m     New Control Title:  Amazon Linux 2023 must audit all uses of the chcon command.[39m
[36m     Old Control Title:  RHEL 9 must audit all uses of the chcon command.[39m
[36m       Match method:  SRG block + CCI tiebreak (Jaccard=100%) [primary][39m
[36m  Best Match Candidate:  SV-258183 --> SV-274095[39m
[36m[39m
[36mProcessing New Control:  SV-274096[39m
[36m     New Control Title:  Amazon Linux 2023 must generate audit records for all account creations, modifications, disabling, and termination events that affect /var/log/faillock.[39m
[36m     Old Control Title:  RHEL 9 must generate audit records for all account creations, modifications, disabling, and termination events that affect /var/log/faillock.[39m
[36m       Match method:  SRG block + CCI tiebreak (Jaccard=100%) [primary][39m
[36m  Best Match Candidate:  SV-258224 --> SV-274096[39m
[36m[39m
[36mProcessing New Control:  SV-274097[39m
[36m     New Control Title:  Amazon Linux 2023 must generate audit records for all account creations, modifications, disabling, and termination events that affect /var/log/lastlog.[39m
[36m     Old Control Title:  RHEL 9 must generate audit records for all account creations, modifications, disabling, and termination events that affect /var/log/lastlog.[39m
[36m       Match method:  SRG block + CCI tiebreak (Jaccard=100%) [primary][39m
[36m  Best Match Candidate:  SV-258225 --> SV-274097[39m
[36m[39m
[36mProcessing New Control:  SV-274098[39m
[36m     New Control Title:  Amazon Linux 2023 must audit all uses of the init command.[39m
[36m     Old Control Title:  Successful/unsuccessful uses of the init command in RHEL 9 must generate an audit record.[39m
[36m       Match method:  SRG block + CCI tiebreak (Jaccard=100%) [primary][39m
[36m  Best Match Candidate:  SV-258211 --> SV-274098[39m
[36m[39m
[36mProcessing New Control:  SV-274099[39m
[36m     New Control Title:  Amazon Linux 2023 must audit all uses of the reboot command.[39m
[36m     Old Control Title:  Successful/unsuccessful uses of the reboot command in RHEL 9 must generate an audit record.[39m
[36m       Match method:  SRG block + CCI tiebreak (Jaccard=100%) [primary][39m
[36m  Best Match Candidate:  SV-258213 --> SV-274099[39m
[36m[39m
[36mProcessing New Control:  SV-274100[39m
[36m     New Control Title:  Amazon Linux 2023 must audit all uses of the shutdown command.[39m
[36m     Old Control Title:  Successful/unsuccessful uses of the shutdown command in RHEL 9 must generate an audit record.[39m
[36m       Match method:  SRG block + CCI tiebreak (Jaccard=100%) [primary][39m
[36m  Best Match Candidate:  SV-258214 --> SV-274100[39m
[36m[39m
[36mProcessing New Control:  SV-274101[39m
[36m     New Control Title:  Amazon Linux 2023 audit tools must have a mode of "0755" or less permissive.[39m
[36m     Old Control Title:  RHEL 9 audit tools must have a mode of 0755 or less permissive.[39m
[36m       Match method:  SRG block + CCI tiebreak (Jaccard=100%) [primary][39m
[36m  Best Match Candidate:  SV-257887 --> SV-274101[39m
[36m[39m
[36mProcessing New Control:  SV-274102[39m
[36m     New Control Title:  Amazon Linux 2023 audit tools must be owned by root.[39m
[36m     Old Control Title:  RHEL 9 audit tools must be owned by root.[39m
[36m       Match method:  SRG block + CCI tiebreak (Jaccard=100%) [primary][39m
[36m  Best Match Candidate:  SV-257924 --> SV-274102[39m
[36m[39m
[36mProcessing New Control:  SV-274103[39m
[36m     New Control Title:  Amazon Linux 2023 audit tools must be group-owned by root.[39m
[36m     Old Control Title:  RHEL 9 audit tools must be group-owned by root.[39m
[36m       Match method:  SRG block + CCI tiebreak (Jaccard=100%) [primary][39m
[36m  Best Match Candidate:  SV-257925 --> SV-274103[39m
[36m[39m
[36mProcessing New Control:  SV-274104[39m
[36m     New Control Title:  Amazon Linux 2023 must generate audit records for all account creations, modifications, disabling, and termination events that affect /etc/passwd.[39m
[36m     Old Control Title:  RHEL 9 must generate audit records for all account creations, modifications, disabling, and termination events that affect /etc/shadow.[39m
[36m       Match method:  SRG block + CCI tiebreak (Jaccard=92%) [primary][39m
[36m  Best Match Candidate:  SV-258223 --> SV-274104[39m
[36m[39m
[36mProcessing New Control:  SV-274105[39m
[36m     New Control Title:  Amazon Linux 2023 must audit all successful/unsuccessful uses of the chage command.[39m
[36m     Old Control Title:  RHEL 9 must audit all uses of the chage command.[39m
[36m       Match method:  SRG block + CCI tiebreak (Jaccard=100%) [primary][39m
[36m  Best Match Candidate:  SV-258191 --> SV-274105[39m
[36m[39m
[36mProcessing New Control:  SV-274107[39m
[36m     New Control Title:  Amazon Linux 2023 must off-load audit records onto a different system in the event the audit storage volume is full.[39m
[36m     Old Control Title:  RHEL 9 must encrypt via the gtls driver the transfer of audit records offloaded onto a different system or media from the system being audited via rsyslog.[39m
[36m       Match method:  SRG block + CCI tiebreak (Jaccard=100%) [primary][39m
[36m  Best Match Candidate:  SV-258148 --> SV-274107[39m
[36m[39m
[36mProcessing New Control:  SV-274108[39m
[36m     New Control Title:  Amazon Linux 2023 audit logs must be group-owned by root or by a restricted logging group to prevent unauthorized read access.[39m
[36m     Old Control Title:  RHEL 9 audit logs must be group-owned by root or by a restricted logging group to prevent unauthorized read access.[39m
[36m       Match method:  SRG block + CCI tiebreak (Jaccard=100%) [primary][39m
[36m  Best Match Candidate:  SV-258165 --> SV-274108[39m
[36m[39m
[36mProcessing New Control:  SV-274109[39m
[36m     New Control Title:  Amazon Linux 2023 audit log directory must be owned by root to prevent unauthorized read access.[39m
[36m     Old Control Title:  RHEL 9 audit log directory must be owned by root to prevent unauthorized read access.[39m
[36m       Match method:  SRG block + CCI tiebreak (Jaccard=100%) [primary][39m
[36m  Best Match Candidate:  SV-258166 --> SV-274109[39m
[36m[39m
[36mProcessing New Control:  SV-274110[39m
[36m     New Control Title:  Amazon Linux 2023 audit logs file must have mode "0600" or less permissive to prevent unauthorized access to the audit log.[39m
[36m     Old Control Title:  RHEL 9 audit logs file must have mode 0600 or less permissive to prevent unauthorized access to the audit log.[39m
[36m       Match method:  SRG block + CCI tiebreak (Jaccard=100%) [primary][39m
[36m  Best Match Candidate:  SV-258167 --> SV-274110[39m
[36m[39m
[36mProcessing New Control:  SV-274111[39m
[36m     New Control Title:  Amazon Linux 2023 must allow only the information system security manager (ISSM) (or individuals or roles appointed by the ISSM) to select which auditable events are to be audited.[39m
[36m     Old Control Title:  RHEL 9 must allow only the information system security manager (ISSM) (or individuals or roles appointed by the ISSM) to select which auditable events are to be audited.[39m
[36m       Match method:  SRG block + CCI tiebreak (Jaccard=100%) [primary][39m
[36m  Best Match Candidate:  SV-258171 --> SV-274111[39m
[36m[39m
[36mProcessing New Control:  SV-274112[39m
[36m     New Control Title:  Amazon Linux 2023 must audit all uses of the sudo command.[39m
[36m     Old Control Title:  RHEL 9 must audit all uses of the sudo command.[39m
[36m       Match method:  SRG block + CCI tiebreak (Jaccard=100%) [primary][39m
[36m  Best Match Candidate:  SV-258204 --> SV-274112[39m
[36m[39m
[36mProcessing New Control:  SV-274113[39m
[36m     New Control Title:  Amazon Linux 2023 must generate audit records for all account creations, modifications, disabling, and termination events that affect /etc/passwd.[39m
[36m     Old Control Title:  RHEL 9 must generate audit records for all account creations, modifications, disabling, and termination events that affect /etc/passwd.[39m
[36m       Match method:  SRG block + CCI tiebreak (Jaccard=69%) [primary][39m
[36m  Best Match Candidate:  SV-258222 --> SV-274113[39m
[36m[39m
[36mProcessing New Control:  SV-274114[39m
[36m     New Control Title:  Amazon Linux 2023 must generate audit records for all account creations, modifications, disabling, and termination events that affect /etc/shadow.[39m
[36m     Old Control Title:  RHEL 9 must generate audit records for all account creations, modifications, disabling, and termination events that affect /etc/shadow.[39m
[36m       Match method:  SRG block + CCI tiebreak (Jaccard=92%) [related][39m
[36m  Best Match Candidate:  SV-258223 --> SV-274114[39m
[36m[39m
[36mProcessing New Control:  SV-274115[39m
[36m     New Control Title:  Amazon Linux 2023 must produce audit records containing information to establish the identity of any individual or process associated with the event.[39m
[36m     Old Control Title:  RHEL 9 must produce audit records containing information to establish the identity of any individual or process associated with the event.[39m
[36m       Match method:  SRG deterministic (SRG-OS-000255-GPOS-00096) [primary][39m
[36m  Best Match Candidate:  SV-258169 --> SV-274115[39m
[36m[39m
[36mProcessing New Control:  SV-274116[39m
[36m     New Control Title:  Amazon Linux 2023 audit logs must be group-owned by root or by a restricted logging group to prevent unauthorized read access.[39m
[36m     Old Control Title:  RHEL 9 /var/log directory must be group-owned by root.[39m
[36m       Match method:  SRG block + CCI tiebreak (Jaccard=100%) [primary][39m
[36m  Best Match Candidate:  SV-257915 --> SV-274116[39m
[36m[39m
[36mProcessing New Control:  SV-274117[39m
[36m     New Control Title:  Amazon Linux 2023 must ensure the audit log directory be owned by root to prevent unauthorized read access.[39m
[36m     Old Control Title:  RHEL 9 /var/log directory must be owned by root.[39m
[36m       Match method:  SRG block + CCI tiebreak (Jaccard=100%) [primary][39m
[36m  Best Match Candidate:  SV-257914 --> SV-274117[39m
[36m[39m
[36mProcessing New Control:  SV-274119[39m
[36m     New Control Title:  Amazon Linux 2023 library directories must be group-owned by root or a system account.[39m
[36m     Old Control Title:  RHEL 9 library directories must be group-owned by root or a system account.[39m
[36m       Match method:  SRG block + CCI tiebreak (Jaccard=100%) [primary][39m
[36m  Best Match Candidate:  SV-257923 --> SV-274119[39m
[36m[39m
[36mProcessing New Control:  SV-274120[39m
[36m     New Control Title:  Amazon Linux 2023 library directories must have mode "755" or less permissive.[39m
[36m     Old Control Title:  RHEL 9 library directories must have mode 755 or less permissive.[39m
[36m       Match method:  SRG block + CCI tiebreak (Jaccard=100%) [primary][39m
[36m  Best Match Candidate:  SV-257883 --> SV-274120[39m
[36m[39m
[36mProcessing New Control:  SV-274121[39m
[36m     New Control Title:  Amazon Linux 2023 library files must have mode "755" or less permissive.[39m
[36m     Old Control Title:  RHEL 9 library files must have mode 755 or less permissive.[39m
[36m       Match method:  SRG block + CCI tiebreak (Jaccard=100%) [primary][39m
[36m  Best Match Candidate:  SV-257884 --> SV-274121[39m
[36m[39m
[36mProcessing New Control:  SV-274122[39m
[36m     New Control Title:  Amazon Linux 2023 library files must be owned by root.[39m
[36m     Old Control Title:  RHEL 9 library files must be owned by root.[39m
[36m       Match method:  SRG block + CCI tiebreak (Jaccard=100%) [primary][39m
[36m  Best Match Candidate:  SV-257920 --> SV-274122[39m
[36m[39m
[36mProcessing New Control:  SV-274123[39m
[36m     New Control Title:  Amazon Linux 2023 library files must be group-owned by root or a system account.[39m
[36m     Old Control Title:  RHEL 9 library files must be group-owned by root or a system account.[39m
[36m       Match method:  SRG block + CCI tiebreak (Jaccard=100%) [primary][39m
[36m  Best Match Candidate:  SV-257921 --> SV-274123[39m
[36m[39m
[36mProcessing New Control:  SV-274124[39m
[36m     New Control Title:  Amazon Linux 2023 library directories must be owned by root.[39m
[36m     Old Control Title:  RHEL 9 library directories must be owned by root.[39m
[36m       Match method:  SRG block + CCI tiebreak (Jaccard=100%) [primary][39m
[36m  Best Match Candidate:  SV-257922 --> SV-274124[39m
[36m[39m
[36mProcessing New Control:  SV-274125[39m
[36m     New Control Title:  Amazon Linux 2023 must ensure the /var/log directory have mode "0755" or less permissive.[39m
[36m     Old Control Title:  RHEL 9 /var/log directory must have mode 0755 or less permissive.[39m
[36m       Match method:  SRG block + CCI tiebreak (Jaccard=100%) [primary][39m
[36m  Best Match Candidate:  SV-257885 --> SV-274125[39m
[36m[39m
[36mProcessing New Control:  SV-274126[39m
[36m     New Control Title:  Amazon Linux 2023 must ensure the /var/log directory be owned by root.[39m
[36m     Old Control Title:  RHEL 9 /var/log/messages file must be owned by root.[39m
[36m       Match method:  SRG block + CCI tiebreak (Jaccard=100%) [primary][39m
[36m  Best Match Candidate:  SV-257916 --> SV-274126[39m
[36m[39m
[36mProcessing New Control:  SV-274127[39m
[36m     New Control Title:  Amazon Linux 2023 must ensure the /var/log directory be group-owned by root.[39m
[36m     Old Control Title:  RHEL 9 /var/log/messages file must be group-owned by root.[39m
[36m       Match method:  SRG block + CCI tiebreak (Jaccard=100%) [primary][39m
[36m  Best Match Candidate:  SV-257917 --> SV-274127[39m
[36m[39m
[36mProcessing New Control:  SV-274128[39m
[36m     New Control Title:  Amazon Linux 2023 must ensure the /var/log/messages file have mode "0640" or less permissive.[39m
[36m     Old Control Title:  RHEL 9 /var/log/messages file must have mode 0640 or less permissive.[39m
[36m       Match method:  SRG block + CCI tiebreak (Jaccard=100%) [primary][39m
[36m  Best Match Candidate:  SV-257886 --> SV-274128[39m
[36m[39m
[36mProcessing New Control:  SV-274129[39m
[36m     New Control Title:  Amazon Linux 2023 must ensure the /var/log/messages file be group-owned by root.[39m
[36m     Old Control Title:  RHEL 9 /var/log/messages file must be group-owned by root.[39m
[36m       Match method:  SRG block + CCI tiebreak (Jaccard=100%) [related][39m
[36m  Best Match Candidate:  SV-257917 --> SV-274129[39m
[36m[39m
[36mProcessing New Control:  SV-274130[39m
[36m     New Control Title:  Amazon Linux 2023 must ensure the /var/log/messages file be owned by root.[39m
[36m     Old Control Title:  RHEL 9 /var/log/messages file must be owned by root.[39m
[36m       Match method:  SRG block + CCI tiebreak (Jaccard=100%) [related][39m
[36m  Best Match Candidate:  SV-257916 --> SV-274130[39m
[36m[39m
[36mProcessing New Control:  SV-274131[39m
[36m     New Control Title:  Amazon Linux 2023 system commands must be owned by root.[39m
[36m     Old Control Title:  RHEL 9 system commands must be owned by root.[39m
[36m       Match method:  SRG block + CCI tiebreak (Jaccard=100%) [primary][39m
[36m  Best Match Candidate:  SV-257918 --> SV-274131[39m
[36m[39m
[36mProcessing New Control:  SV-274132[39m
[36m     New Control Title:  Amazon Linux 2023 system commands must be group-owned by root or a system account.[39m
[36m     Old Control Title:  RHEL 9 system commands must be group-owned by root or a system account.[39m
[36m       Match method:  SRG block + CCI tiebreak (Jaccard=100%) [primary][39m
[36m  Best Match Candidate:  SV-257919 --> SV-274132[39m
[36m[39m
[36mProcessing New Control:  SV-274133[39m
[36m     New Control Title:  Amazon Linux 2023 must enforce password complexity by requiring that at least one uppercase character be used.[39m
[36m     Old Control Title:  RHEL 9 must enforce password complexity by requiring that at least one uppercase character be used.[39m
[36m       Match method:  SRG block + CCI tiebreak (Jaccard=33%) [primary][39m
[35m** Potential Mismatch **[39m
[36m  Best Match Candidate:  SV-258111 --> SV-274133[39m
[36m[39m
[36mProcessing New Control:  SV-274134[39m
[36m     New Control Title:  Amazon Linux 2023 must enforce password complexity by requiring that at least one lowercase character be used.[39m
[36m     Old Control Title:  RHEL 9 must enforce password complexity by requiring that at least one lowercase character be used.[39m
[36m       Match method:  SRG deterministic (SRG-OS-000070-GPOS-00038) [primary][39m
[36m  Best Match Candidate:  SV-258102 --> SV-274134[39m
[36m[39m
[36mProcessing New Control:  SV-274135[39m
[36m     New Control Title:  Amazon Linux 2023 must enforce password complexity by requiring that at least one numeric character be used.[39m
[36m     Old Control Title:  RHEL 9 must enforce password complexity by requiring that at least one numeric character be used.[39m
[36m       Match method:  SRG deterministic (SRG-OS-000071-GPOS-00039) [primary][39m
[36m  Best Match Candidate:  SV-258103 --> SV-274135[39m
[36m[39m
[36mProcessing New Control:  SV-274136[39m
[36m     New Control Title:  Amazon Linux 2023 must require the change of at least 50 percent of the total number of characters when passwords are changed.[39m
[36m     Old Control Title:  RHEL 9 must require the change of at least eight characters when passwords are changed.[39m
[36m       Match method:  SRG block + CCI tiebreak (Jaccard=33%) [primary][39m
[35m** Potential Mismatch **[39m
[36m  Best Match Candidate:  SV-258112 --> SV-274136[39m
[36m[39m
[36mProcessing New Control:  SV-274137[39m
[36m     New Control Title:  Amazon Linux 2023 must enforce a minimum 15-character password length.[39m
[36m     Old Control Title:  RHEL 9 passwords must be created with a minimum of 15 characters.[39m
[36m       Match method:  SRG deterministic (SRG-OS-000078-GPOS-00046) [primary][39m
[36m  Best Match Candidate:  SV-258107 --> SV-274137[39m
[36m[39m
[36mProcessing New Control:  SV-274138[39m
[36m     New Control Title:  Amazon Linux 2023 must enforce password complexity by requiring that at least one special character be used.[39m
[36m     Old Control Title:  RHEL 9 must enforce password complexity by requiring that at least one special character be used.[39m
[36m       Match method:  SRG deterministic (SRG-OS-000266-GPOS-00101) [primary][39m
[36m  Best Match Candidate:  SV-258109 --> SV-274138[39m
[36m[39m
[36mProcessing New Control:  SV-274139[39m
[36m     New Control Title:  Amazon Linux 2023 must enforce password complexity rules for the root account.[39m
[36m     Old Control Title:  RHEL 9 must enforce password complexity rules for the root account.[39m
[36m       Match method:  SRG block + CCI tiebreak (Jaccard=13%) [primary][39m
[35m** Potential Mismatch **[39m
[36m  Best Match Candidate:  SV-258101 --> SV-274139[39m
[36m[39m
[36mProcessing New Control:  SV-274140[39m
[36m     New Control Title:  Amazon Linux 2023 must prevent the use of dictionary words for passwords.[39m
[36m     Old Control Title:  RHEL 9 must prevent the use of dictionary words for passwords.[39m
[36m       Match method:  SRG deterministic (SRG-OS-000480-GPOS-00225) [primary][39m
[36m  Best Match Candidate:  SV-258110 --> SV-274140[39m
[36m[39m
[36mProcessing New Control:  SV-274141[39m
[36m     New Control Title:  Amazon Linux 2023 must limit the number of concurrent sessions to ten for all accounts and/or account types.[39m
[36m     Old Control Title:  RHEL 9 must limit the number of concurrent sessions to ten for all accounts and/or account types.[39m
[36m       Match method:  SRG deterministic (SRG-OS-000027-GPOS-00008) [primary][39m
[36m  Best Match Candidate:  SV-258069 --> SV-274141[39m
[36m[39m
[36mProcessing New Control:  SV-274142[39m
[36m     New Control Title:  Amazon Linux 2023 must automatically exit interactive command shell user sessions after 15 minutes of inactivity.[39m
[36m     Old Control Title:  RHEL 9 must automatically exit interactive command shell user sessions after 10 minutes of inactivity.[39m
[36m       Match method:  SRG block + CCI tiebreak (Jaccard=100%) [primary][39m
[36m  Best Match Candidate:  SV-258068 --> SV-274142[39m
[36m[39m
[36mProcessing New Control:  SV-274143[39m
[36m     New Control Title:  Amazon Linux 2023 must enforce 24 hours/1 day as the minimum password lifetime.[39m
[36m     Old Control Title:  RHEL 9 passwords must have a 24 hours minimum password lifetime restriction in /etc/shadow.[39m
[36m       Match method:  SRG block + CCI tiebreak (Jaccard=50%) [primary][39m
[36m  Best Match Candidate:  SV-258105 --> SV-274143[39m
[36m[39m
[36mProcessing New Control:  SV-274144[39m
[36m     New Control Title:  Amazon Linux 2023 must enforce a delay of at least four seconds between logon prompts following a failed logon attempt.[39m
[36m     Old Control Title:  RHEL 9 must enforce a delay of at least four seconds between logon prompts following a failed logon attempt.[39m
[36m       Match method:  SRG deterministic (SRG-OS-000480-GPOS-00226) [primary][39m
[36m  Best Match Candidate:  SV-258071 --> SV-274144[39m
[36m[39m
[36mProcessing New Control:  SV-274145[39m
[36m     New Control Title:  Amazon Linux 2023 must define default permissions for all authenticated users in such a way that the user can only read and modify their own files.[39m
[36m     Old Control Title:  RHEL 9 must define default permissions for all authenticated users in such a way that the user can only read and modify their own files.[39m
[36m       Match method:  SRG block + CCI tiebreak (Jaccard=100%) [primary][39m
[36m  Best Match Candidate:  SV-258074 --> SV-274145[39m
[36m[39m
[36mProcessing New Control:  SV-274146[39m
[36m     New Control Title:  Amazon Linux 2023 must automatically remove or disable temporary user accounts after 72 hours.[39m
[36m     Old Control Title:  RHEL 9 must automatically expire temporary accounts within 72 hours.[39m
[36m       Match method:  Fuse title-fuzzy (no SRG overlap, confidence=68%) [primary][39m
[35m** Potential Mismatch **[39m
[36m  Best Match Candidate:  SV-258047 --> SV-274146[39m
[36m[39m
[36mProcessing New Control:  SV-274147[39m
[36m     New Control Title:  Amazon Linux 2023 must automatically lock an account when three unsuccessful logon attempts occur.[39m
[36m     Old Control Title:  RHEL 9 must log username information when unsuccessful logon attempts occur.[39m
[36m       Match method:  SRG block + CCI tiebreak (Jaccard=100%) [primary][39m
[36m  Best Match Candidate:  SV-258070 --> SV-274147[39m
[36m[39m
[36mProcessing New Control:  SV-274148[39m
[36m     New Control Title:  Amazon Linux 2023 must be able to enforce a 60-day maximum password lifetime restriction.[39m
[36m     Old Control Title:  RHEL 9 user account passwords must have a 60-day maximum password lifetime restriction.[39m
[36m       Match method:  SRG block + CCI tiebreak (Jaccard=50%) [primary][39m
[36m  Best Match Candidate:  SV-258042 --> SV-274148[39m
[36m[39m
[36mProcessing New Control:  SV-274149[39m
[36m     New Control Title:  Amazon Linux 2023 must disable account identifiers (individuals, groups, roles, and devices) after 35 days of inactivity.[39m
[36m     Old Control Title:  RHEL 9 must disable account identifiers (individuals, groups, roles, and devices) after 35 days of inactivity.[39m
[36m       Match method:  SRG deterministic (SRG-OS-000118-GPOS-00060) [primary][39m
[36m  Best Match Candidate:  SV-258049 --> SV-274149[39m
[36m[39m
[36mProcessing New Control:  SV-274150[39m
[36m     New Control Title:  Amazon Linux 2023 must automatically expire temporary accounts within 72 hours.[39m
[36m     Old Control Title:  RHEL 9 must automatically expire temporary accounts within 72 hours.[39m
[36m       Match method:  SRG deterministic (SRG-OS-000123-GPOS-00064) [related][39m
[36m  Best Match Candidate:  SV-258047 --> SV-274150[39m
[36m[39m
[36mProcessing New Control:  SV-274151[39m
[36m     New Control Title:  Amazon Linux 2023 must restrict the use of the "su" command.[39m
[36m     Old Control Title:  RHEL 9 must enable kernel parameters to enforce discretionary access (DAC) control on symlinks.[39m
[36m       Match method:  SRG block + CCI tiebreak (Jaccard=50%) [primary][39m
[36m  Best Match Candidate:  SV-257802 --> SV-274151[39m
[36m[39m
[36mProcessing New Control:  SV-274152[39m
[36m     New Control Title:  Amazon Linux 2023 must enable the SELinux targeted policy.[39m
[36m     Old Control Title:  RHEL 9 must enable the SELinux targeted policy.[39m
[36m       Match method:  SRG block + CCI tiebreak (Jaccard=100%) [primary][39m
[36m  Best Match Candidate:  SV-258079 --> SV-274152[39m
[36m[39m
[36mProcessing New Control:  SV-274153[39m
[36m     New Control Title:  Amazon Linux 2023 must use a Linux Security Module configured to enforce limits on system services.[39m
[36m     Old Control Title:  RHEL 9 must use a Linux Security Module configured to enforce limits on system services.[39m
[36m       Match method:  Fuse title-fuzzy (no SRG overlap, confidence=100%) [primary][39m
[36m  Best Match Candidate:  SV-258078 --> SV-274153[39m
[36m[39m
[36mProcessing New Control:  SV-274154[39m
[36m     New Control Title:  Amazon Linux 2023 must automatically lock an account when three unsuccessful logon attempts occur.[39m
[36m     Old Control Title:  RHEL 9 must automatically lock an account when three unsuccessful logon attempts occur.[39m
[36m       Match method:  SRG block + CCI tiebreak (Jaccard=50%) [primary][39m
[36m  Best Match Candidate:  SV-258054 --> SV-274154[39m
[36m[39m
[36mProcessing New Control:  SV-274155[39m
[36m     New Control Title:  Amazon Linux 2023 must automatically lock the root account until the root account is released by an administrator when three unsuccessful logon attempts occur during a 15-minute time period.[39m
[36m     Old Control Title:  RHEL 9 must automatically lock the root account until the root account is released by an administrator when three unsuccessful logon attempts occur during a 15-minute time period.[39m
[36m       Match method:  SRG block + CCI tiebreak (Jaccard=50%) [primary][39m
[36m  Best Match Candidate:  SV-258055 --> SV-274155[39m
[36m[39m
[36mProcessing New Control:  SV-274156[39m
[36m     New Control Title:  Amazon Linux 2023 must automatically lock an account until the locked account is released by an administrator when three unsuccessful logon attempts in 15 minutes occur.[39m
[36m     Old Control Title:  RHEL 9 must maintain an account lock until the locked account is released by an administrator.[39m
[36m       Match method:  SRG block + CCI tiebreak (Jaccard=50%) [primary][39m
[36m  Best Match Candidate:  SV-258057 --> SV-274156[39m
[36m[39m
[36mProcessing New Control:  SV-274157[39m
[36m     New Control Title:  Amazon Linux 2023 must maintain an account lock until the locked account is released by an administrator.[39m
[36m     Old Control Title:  RHEL 9 must automatically lock an account when three unsuccessful logon attempts occur during a 15-minute time period.[39m
[36m       Match method:  SRG block + CCI tiebreak (Jaccard=50%) [primary][39m
[36m  Best Match Candidate:  SV-258056 --> SV-274157[39m
[36m[39m
[36mProcessing New Control:  SV-274158[39m
[36m     New Control Title:  Amazon Linux 2023 must be configured to prohibit or restrict the use of functions, ports, protocols, and/or services, as defined in the Ports, Protocols, and Services Management Category Assurance List (PPSM CAL) and vulnerability assessments.[39m
[36m     Old Control Title:  RHEL 9 must disable network management of the chrony daemon.[39m
[36m       Match method:  SRG block + CCI tiebreak (Jaccard=67%) [primary][39m
[36m  Best Match Candidate:  SV-257947 --> SV-274158[39m
[36m[39m
[36mProcessing New Control:  SV-274159[39m
[36m     New Control Title:  Amazon Linux 2023 must insure all interactive users have a primary group that exists.[39m
[36m     Old Control Title:  RHEL 9 duplicate User IDs (UIDs) must not exist for interactive users.[39m
[36m       Match method:  SRG block + CCI tiebreak (Jaccard=100%) [primary][39m
[36m  Best Match Candidate:  SV-258045 --> SV-274159[39m
[36m[39m
[36mProcessing New Control:  SV-274160[39m
[36m     New Control Title:  Amazon Linux 2023 must ensure all interactive users have unique User IDs (UIDs).[39m
[36m     Old Control Title:  All RHEL 9 interactive users must have a primary group that exists.[39m
[36m       Match method:  SRG block + CCI tiebreak (Jaccard=33%) [primary][39m
[35m** Potential Mismatch **[39m
[36m  Best Match Candidate:  SV-258048 --> SV-274160[39m
[36m[39m
[36mProcessing New Control:  SV-274161[39m
[36m     New Control Title:  Amazon Linux 2023 must ensure the password complexity module is enabled in the password-auth file.[39m
[36m     Old Control Title:  RHEL 9 must ensure the password complexity module is enabled in the password-auth file.[39m
[36m       Match method:  SRG block + CCI tiebreak (Jaccard=75%) [primary][39m
[36m  Best Match Candidate:  SV-258097 --> SV-274161[39m
[36m[39m
[36mProcessing New Control:  SV-274162[39m
[36m     New Control Title:  Amazon Linux 2023 password-auth must be configured to use a sufficient number of hashing rounds.[39m
[36m     Old Control Title:  RHEL 9 password-auth must be configured to use a sufficient number of hashing rounds.[39m
[36m       Match method:  SRG block + CCI tiebreak (Jaccard=67%) [primary][39m
[36m  Best Match Candidate:  SV-258099 --> SV-274162[39m
[36m[39m
[36mProcessing New Control:  SV-274163[39m
[36m     New Control Title:  Amazon Linux 2023 system-auth must be configured to use a sufficient number of hashing rounds.[39m
[36m     Old Control Title:  RHEL 9 system-auth must be configured to use a sufficient number of hashing rounds.[39m
[36m       Match method:  SRG block + CCI tiebreak (Jaccard=67%) [primary][39m
[36m  Best Match Candidate:  SV-258100 --> SV-274163[39m
[36m[39m
[36mProcessing New Control:  SV-274164[39m
[36m     New Control Title:  Amazon Linux 2023 must ensure a sticky bit be set on all public directories.[39m
[36m     Old Control Title:  A sticky bit must be set on all RHEL 9 public directories.[39m
[36m       Match method:  SRG deterministic (SRG-OS-000138-GPOS-00069) [primary][39m
[36m  Best Match Candidate:  SV-257929 --> SV-274164[39m
[36m[39m
[36mProcessing New Control:  SV-274165[39m
[36m     New Control Title:  Amazon Linux 2023 must ensure all world-writable directories be owned by root, sys, bin, or an application user.[39m
[36m     Old Control Title:  A sticky bit must be set on all RHEL 9 public directories.[39m
[36m       Match method:  SRG deterministic (SRG-OS-000138-GPOS-00069) [related][39m
[36m  Best Match Candidate:  SV-257929 --> SV-274165[39m
[36m[39m
[36mProcessing New Control:  SV-274166[39m
[36m     New Control Title:  Amazon Linux 2023 must terminate idle user sessions.[39m
[36m     Old Control Title:  RHEL 9 must terminate idle user sessions.[39m
[36m       Match method:  SRG block + CCI tiebreak (Jaccard=100%) [related][39m
[36m  Best Match Candidate:  SV-258077 --> SV-274166[39m
[36m[39m
[36mProcessing New Control:  SV-274167[39m
[36m     New Control Title:  Amazon Linux 2023 must enable auditing of processes that start prior to the audit daemon.[39m
[36m     Old Control Title:  RHEL 9 must audit all uses of the chacl command.[39m
[36m       Match method:  SRG block + CCI tiebreak (Jaccard=83%) [primary][39m
[36m  Best Match Candidate:  SV-258181 --> SV-274167[39m
[36m[39m
[36mProcessing New Control:  SV-274168[39m
[36m     New Control Title:  Amazon Linux 2023 must allocate an audit_backlog_limit of sufficient size to capture processes that start prior to the audit daemon.[39m
[36m     Old Control Title:  RHEL 9 must allocate an audit_backlog_limit of sufficient size to capture processes that start prior to the audit daemon.[39m
[36m       Match method:  SRG deterministic (SRG-OS-000254-GPOS-00095) [primary][39m
[36m  Best Match Candidate:  SV-258173 --> SV-274168[39m
[36m[39m
[36mProcessing New Control:  SV-274169[39m
[36m     New Control Title:  Amazon Linux 2023 must enable discretionary access control on hardlinks.[39m
[36m     Old Control Title:  RHEL 9 must enable kernel parameters to enforce discretionary access control (DAC) on hardlinks.[39m
[36m       Match method:  SRG block + CCI tiebreak (Jaccard=100%) [related][39m
[36m  Best Match Candidate:  SV-257801 --> SV-274169[39m
[36m[39m
[36mProcessing New Control:  SV-274170[39m
[36m     New Control Title:  Amazon Linux 2023 must enable kernel parameters to enforce discretionary access control on symlinks.[39m
[36m     Old Control Title:  RHEL 9 must enable kernel parameters to enforce discretionary access (DAC) control on symlinks.[39m
[36m       Match method:  SRG block + CCI tiebreak (Jaccard=100%) [related][39m
[36m  Best Match Candidate:  SV-257802 --> SV-274170[39m
[36m[39m
[36mProcessing New Control:  SV-274173[39m
[36m     New Control Title:  Amazon Linux 2023 debug-shell systemd service must be disabled.[39m
[36m     Old Control Title:  RHEL 9 debug-shell systemd service must be disabled.[39m
[36m       Match method:  SRG block + CCI tiebreak (Jaccard=50%) [primary][39m
[36m  Best Match Candidate:  SV-257786 --> SV-274173[39m
[36m[39m
[36mProcessing New Control:  SV-274175[39m
[36m     New Control Title:  Amazon Linux 2023 must synchronize internal information system clocks to the authoritative time source at least every 24 hours.[39m
[36m     Old Control Title:  RHEL 9 must securely compare internal information system clocks at least every 24 hours.[39m
[36m       Match method:  Fuse title-fuzzy (no SRG overlap, confidence=68%) [primary][39m
[35m** Potential Mismatch **[39m
[36m  Best Match Candidate:  SV-257945 --> SV-274175[39m
[36m[39m
[36mProcessing New Control:  SV-274177[39m
[36m     New Control Title:  Amazon Linux 2023 must prevent the loading of a new kernel for later execution.[39m
[36m     Old Control Title:  RHEL 9 subscription-manager package must be installed.[39m
[36m       Match method:  SRG block + CCI tiebreak (Jaccard=50%) [primary][39m
[36m  Best Match Candidate:  SV-257825 --> SV-274177[39m
[36m[39m
[36mProcessing New Control:  SV-274178[39m
[36m     New Control Title:  Amazon Linux 2023 must prevent files with the setuid and setgid bit set from being executed on the /boot/efi directory.[39m
[36m     Old Control Title:  RHEL 9 must prevent device files from being interpreted on file systems that contain user home directories.[39m
[36m       Match method:  SRG block + CCI tiebreak (Jaccard=100%) [primary][39m
[36m  Best Match Candidate:  SV-257850 --> SV-274178[39m
[36m[39m
[36mProcessing New Control:  SV-274179[39m
[36m     New Control Title:  Amazon Linux 2023 must mount /dev/shm with the nodev option.[39m
[36m     Old Control Title:  RHEL 9 must mount /dev/shm with the nodev option.[39m
[36m       Match method:  SRG block + CCI tiebreak (Jaccard=100%) [primary][39m
[36m  Best Match Candidate:  SV-257863 --> SV-274179[39m
[36m[39m
[36mProcessing New Control:  SV-274180[39m
[36m     New Control Title:  Amazon Linux 2023 must mount /dev/shm with the nosuid option.[39m
[36m     Old Control Title:  RHEL 9 must mount /dev/shm with the nosuid option.[39m
[36m       Match method:  SRG block + CCI tiebreak (Jaccard=100%) [primary][39m
[36m  Best Match Candidate:  SV-257865 --> SV-274180[39m
[36m[39m
[36mProcessing New Control:  SV-274181[39m
[36m     New Control Title:  Amazon Linux 2023 must ensure the pcscd service is active.[39m
[36m     Old Control Title:  The pcscd service on RHEL 9 must be active.[39m
[36m       Match method:  SRG block + CCI tiebreak (Jaccard=50%) [related][39m
[36m  Best Match Candidate:  SV-258125 --> SV-274181[39m
[36m[39m
[36mProcessing New Control:  SV-274182[39m
[36m     New Control Title:  Amazon Linux 2023 file system automount function must be disabled unless required.[39m
[36m     Old Control Title:  RHEL 9 must block unauthorized peripherals before establishing a connection.[39m
[36m       Match method:  SRG block + CCI tiebreak (Jaccard=100%) [primary][39m
[36m  Best Match Candidate:  SV-258038 --> SV-274182[39m
[36m[39m
[36mProcessing New Control:  SV-274183[39m
[36m     New Control Title:  Amazon Linux 2023 must protect against or limit the effects of denial-of-service (DoS) attacks by ensuring rate-limiting measures are configured on impacted network interfaces.[39m
[36m     Old Control Title:  RHEL 9 must protect against or limit the effects of denial-of-service (DoS) attacks by ensuring rate-limiting measures on impacted network interfaces are implemented.[39m
[36m       Match method:  SRG deterministic (SRG-OS-000420-GPOS-00186) [primary][39m
[36m  Best Match Candidate:  SV-257939 --> SV-274183[39m
[36m[39m
[36mProcessing New Control:  SV-274184[39m
[36m     New Control Title:  Amazon Linux 2023 must implement nonexecutable data to protect its memory from unauthorized code execution.[39m
[36m     Old Control Title:  RHEL 9 must implement nonexecutable data to protect its memory from unauthorized code execution.[39m
[36m       Match method:  SRG block + CCI tiebreak (Jaccard=100%) [primary][39m
[36m  Best Match Candidate:  SV-257817 --> SV-274184[39m
[36m[39m
[36mProcessing New Control:  SV-274185[39m
[36m     New Control Title:  Amazon Linux 2023 must remove all software components after updated versions have been installed.[39m
[36m     Old Control Title:  RHEL 9 must remove all software components after updated versions have been installed.[39m
[36m       Match method:  SRG deterministic (SRG-OS-000437-GPOS-00194) [primary][39m
[36m  Best Match Candidate:  SV-257824 --> SV-274185[39m
[36m[39m
[36mProcessing New Control:  SV-274186[39m
[36m     New Control Title:  Amazon Linux 2023 must configure the use of the pam_faillock.so module in the /etc/pam.d/system-auth file.[39m
[36m     Old Control Title:  RHEL 9 must configure the use of the pam_faillock.so module in the /etc/pam.d/system-auth file.[39m
[36m       Match method:  SRG block + CCI tiebreak (Jaccard=100%) [primary][39m
[36m  Best Match Candidate:  SV-258095 --> SV-274186[39m
[36m[39m
[36mProcessing New Control:  SV-274187[39m
[36m     New Control Title:  Amazon Linux 2023 audit system must protect logon user identifiers (UIDs) from unauthorized change.[39m
[36m     Old Control Title:  RHEL 9 audit system must protect logon UIDs from unauthorized change.[39m
[36m       Match method:  SRG deterministic (SRG-OS-000462-GPOS-00206) [primary][39m
[36m  Best Match Candidate:  SV-258228 --> SV-274187[39m
[36m[39m
[36mProcessing New Control:  SV-283440[39m
[36m     New Control Title:  Amazon Linux 2023 must implement DOD-approved encryption in the bind package.[39m
[36m     Old Control Title:  RHEL 9 must implement DOD-approved encryption in the bind package.[39m
[36m       Match method:  SRG block + CCI tiebreak (Jaccard=50%) [primary][39m
[36m  Best Match Candidate:  SV-258242 --> SV-283440[39m
[36m[39m
[36mProcessing New Control:  SV-283441[39m
[36m     New Control Title:  Amazon Linux 2023 must enable FIPS mode.[39m
[36m     Old Control Title:  RHEL 9 IP tunnels must use FIPS 140-3 approved cryptographic algorithms.[39m
[36m       Match method:  SRG block + CCI tiebreak (Jaccard=100%) [primary][39m
[36m  Best Match Candidate:  SV-258232 --> SV-283441[39m
[36m[39m
[36mProcessing New Control:  SV-283442[39m
[36m     New Control Title:  The Amazon Linux 2023 SSH client must be configured to use only DOD-approved encryption ciphers employing FIPS 140-3-validated cryptographic hash algorithms to protect the confidentiality of SSH client connections.[39m
[36m     Old Control Title:  The RHEL 9 SSH client must be configured to use only DOD-approved encryption ciphers employing FIPS 140-3 validated cryptographic hash algorithms to protect the confidentiality of SSH client connections.[39m
[36m       Match method:  SRG block + CCI tiebreak (Jaccard=100%) [primary][39m
[36m  Best Match Candidate:  SV-270177 --> SV-283442[39m
[36m[39m
[36mProcessing New Control:  SV-283443[39m
[36m     New Control Title:  The Amazon Linux 2023 SSH client must be configured to use only DOD-approved Message Authentication Codes (MACs) employing FIPS 140-3-validated cryptographic hash algorithms to protect the confidentiality of SSH client connections.[39m
[36m     Old Control Title:  The RHEL 9 SSH client must be configured to use only DOD-approved Message Authentication Codes (MACs) employing FIPS 140-3 validated cryptographic hash algorithms to protect the confidentiality of SSH client connections.[39m
[36m       Match method:  SRG block + CCI tiebreak (Jaccard=100%) [primary][39m
[36m  Best Match Candidate:  SV-270178 --> SV-283443[39m
[36m[39m
[36mProcessing New Control:  SV-283452[39m
[36m     New Control Title:  Amazon Linux 2023 must implement a FIPS 140-2/140-3 compliant systemwide cryptographic policy.[39m
[36m     Old Control Title:  RHEL 9 must implement a FIPS 140-3-compliant systemwide cryptographic policy.[39m
[36m       Match method:  SRG block + CCI tiebreak (Jaccard=60%) [primary][39m
[36m  Best Match Candidate:  SV-258241 --> SV-283452[39m
[36m[39m
[36mMapping Results ===========================================================================[39m
[36m	Old Control -> New Control[39m
[36m	   SV-257879 -> SV-273994[39m
[36m	   SV-257819 -> SV-273995[39m
[36m	   SV-257821 -> SV-273996[39m
[36m	   SV-257820 -> SV-273997[39m
[36m	   SV-257822 -> SV-273998[39m
[36m	   SV-257777 -> SV-273999[39m
[36m	   SV-257783 -> SV-274000[39m
[36m	   SV-257797 -> SV-274001[39m
[36m	   SV-257798 -> SV-274002[39m
[36m	   SV-257800 -> SV-274003[39m
[36m	   SV-257810 -> SV-274004[39m
[36m	   SV-257811 -> SV-274005[39m
[36m	   SV-257809 -> SV-274006[39m
[36m	   SV-257826 -> SV-274007[39m
[36m	   SV-257828 -> SV-274008[39m
[36m	   SV-257829 -> SV-274009[39m
[36m	   SV-257831 -> SV-274010[39m
[36m	   SV-257830 -> SV-274011[39m
[36m	   SV-258083 -> SV-274012[39m
[36m	   SV-257801 -> SV-274013[39m
[36m	   SV-258084 -> SV-274014[39m
[36m	   SV-258086 -> SV-274015[39m
[36m	   SV-258087 -> SV-274016[39m
[36m	   SV-258151 -> SV-274017[39m
[36m	   SV-257796 -> SV-274018[39m
[36m	   SV-258175 -> SV-274019[39m
[36m	   SV-258168 -> SV-274020[39m
[36m	   SV-258144 -> SV-274021[39m
[36m	   SV-257943 -> SV-274022[39m
[36m	   SV-257944 -> SV-274023[39m
[36m	   SV-258134 -> SV-274024[39m
[36m	   SV-258135 -> SV-274025[39m
[36m	   SV-258137 -> SV-274026[39m
[36m	   SV-257935 -> SV-274027[39m
[36m	   SV-257936 -> SV-274028[39m
[36m	   SV-257842 -> SV-274031[39m
[36m	   SV-258237 -> SV-274032[39m
[36m	   SV-258081 -> SV-274033[39m
[36m	   SV-258124 -> SV-274034[39m
[36m	   SV-258237 -> SV-274035[39m
[36m	   SV-258126 -> SV-274036[39m
[36m	   SV-258123 -> SV-274037[39m
[36m	   SV-257978 -> SV-274038[39m
[36m	   SV-257979 -> SV-274039[39m
[36m	   SV-258234 -> SV-274040[39m
[36m	   SV-257989 -> SV-274042[39m
[36m	   SV-257991 -> SV-274043[39m
[36m	   SV-258003 -> SV-274044[39m
[36m	   SV-258004 -> SV-274045[39m
[36m	   SV-257994 -> SV-274046[39m
[36m	   SV-257983 -> SV-274047[39m
[36m	   SV-257984 -> SV-274048[39m
[36m	   SV-257985 -> SV-274049[39m
[36m	   SV-257995 -> SV-274050[39m
[36m	   SV-258077 -> SV-274051[39m
[36m	   SV-257986 -> SV-274052[39m
[36m	   SV-258230 -> SV-274057[39m
[36m	   SV-258236 -> SV-274058[39m
[36m	   SV-258122 -> SV-274059[39m
[36m	   SV-258132 -> SV-274060[39m
[36m	   SV-258125 -> SV-274061[39m
[36m	   SV-258133 -> SV-274062[39m
[36m	   SV-258131 -> SV-274063[39m
[36m	   SV-258127 -> SV-274064[39m
[36m	   SV-270174 -> SV-274065[39m
[36m	   SV-257981 -> SV-274066[39m
[36m	   SV-258155 -> SV-274067[39m
[36m	   SV-257847 -> SV-274068[39m
[36m	   SV-258146 -> SV-274069[39m
[36m	   SV-258162 -> SV-274070[39m
[36m	   SV-258156 -> SV-274071[39m
[36m	   SV-258157 -> SV-274072[39m
[36m	   SV-258158 -> SV-274073[39m
[36m	   SV-258159 -> SV-274074[39m
[36m	   SV-258157 -> SV-274075[39m
[36m	   SV-258149 -> SV-274076[39m
[36m	   SV-258140 -> SV-274077[39m
[36m	   SV-258149 -> SV-274078[39m
[36m	   SV-258149 -> SV-274079[39m
[36m	   SV-258147 -> SV-274080[39m
[36m	   SV-258217 -> SV-274081[39m
[36m	   SV-258218 -> SV-274082[39m
[36m	   SV-258219 -> SV-274083[39m
[36m	   SV-258220 -> SV-274084[39m
[36m	   SV-258221 -> SV-274085[39m
[36m	   SV-258176 -> SV-274086[39m
[36m	   SV-258177 -> SV-274087[39m
[36m	   SV-258178 -> SV-274088[39m
[36m	   SV-258179 -> SV-274089[39m
[36m	   SV-258188 -> SV-274090[39m
[36m	   SV-258190 -> SV-274091[39m
[36m	   SV-258189 -> SV-274092[39m
[36m	   SV-258195 -> SV-274093[39m
[36m	   SV-258187 -> SV-274094[39m
[36m	   SV-258183 -> SV-274095[39m
[36m	   SV-258224 -> SV-274096[39m
[36m	   SV-258225 -> SV-274097[39m
[36m	   SV-258211 -> SV-274098[39m
[36m	   SV-258213 -> SV-274099[39m
[36m	   SV-258214 -> SV-274100[39m
[36m	   SV-257887 -> SV-274101[39m
[36m	   SV-257924 -> SV-274102[39m
[36m	   SV-257925 -> SV-274103[39m
[36m	   SV-258223 -> SV-274104[39m
[36m	   SV-258191 -> SV-274105[39m
[36m	   SV-258148 -> SV-274107[39m
[36m	   SV-258165 -> SV-274108[39m
[36m	   SV-258166 -> SV-274109[39m
[36m	   SV-258167 -> SV-274110[39m
[36m	   SV-258171 -> SV-274111[39m
[36m	   SV-258204 -> SV-274112[39m
[36m	   SV-258222 -> SV-274113[39m
[36m	   SV-258223 -> SV-274114[39m
[36m	   SV-258169 -> SV-274115[39m
[36m	   SV-257915 -> SV-274116[39m
[36m	   SV-257914 -> SV-274117[39m
[36m	   SV-257923 -> SV-274119[39m
[36m	   SV-257883 -> SV-274120[39m
[36m	   SV-257884 -> SV-274121[39m
[36m	   SV-257920 -> SV-274122[39m
[36m	   SV-257921 -> SV-274123[39m
[36m	   SV-257922 -> SV-274124[39m
[36m	   SV-257885 -> SV-274125[39m
[36m	   SV-257916 -> SV-274126[39m
[36m	   SV-257917 -> SV-274127[39m
[36m	   SV-257886 -> SV-274128[39m
[36m	   SV-257917 -> SV-274129[39m
[36m	   SV-257916 -> SV-274130[39m
[36m	   SV-257918 -> SV-274131[39m
[36m	   SV-257919 -> SV-274132[39m
[36m	   SV-258111 -> SV-274133[39m
[36m	   SV-258102 -> SV-274134[39m
[36m	   SV-258103 -> SV-274135[39m
[36m	   SV-258112 -> SV-274136[39m
[36m	   SV-258107 -> SV-274137[39m
[36m	   SV-258109 -> SV-274138[39m
[36m	   SV-258101 -> SV-274139[39m
[36m	   SV-258110 -> SV-274140[39m
[36m	   SV-258069 -> SV-274141[39m
[36m	   SV-258068 -> SV-274142[39m
[36m	   SV-258105 -> SV-274143[39m
[36m	   SV-258071 -> SV-274144[39m
[36m	   SV-258074 -> SV-274145[39m
[36m	   SV-258047 -> SV-274146[39m
[36m	   SV-258070 -> SV-274147[39m
[36m	   SV-258042 -> SV-274148[39m
[36m	   SV-258049 -> SV-274149[39m
[36m	   SV-258047 -> SV-274150[39m
[36m	   SV-257802 -> SV-274151[39m
[36m	   SV-258079 -> SV-274152[39m
[36m	   SV-258078 -> SV-274153[39m
[36m	   SV-258054 -> SV-274154[39m
[36m	   SV-258055 -> SV-274155[39m
[36m	   SV-258057 -> SV-274156[39m
[36m	   SV-258056 -> SV-274157[39m
[36m	   SV-257947 -> SV-274158[39m
[36m	   SV-258045 -> SV-274159[39m
[36m	   SV-258048 -> SV-274160[39m
[36m	   SV-258097 -> SV-274161[39m
[36m	   SV-258099 -> SV-274162[39m
[36m	   SV-258100 -> SV-274163[39m
[36m	   SV-257929 -> SV-274164[39m
[36m	   SV-257929 -> SV-274165[39m
[36m	   SV-258077 -> SV-274166[39m
[36m	   SV-258181 -> SV-274167[39m
[36m	   SV-258173 -> SV-274168[39m
[36m	   SV-257801 -> SV-274169[39m
[36m	   SV-257802 -> SV-274170[39m
[36m	   SV-257786 -> SV-274173[39m
[36m	   SV-257945 -> SV-274175[39m
[36m	   SV-257825 -> SV-274177[39m
[36m	   SV-257850 -> SV-274178[39m
[36m	   SV-257863 -> SV-274179[39m
[36m	   SV-257865 -> SV-274180[39m
[36m	   SV-258125 -> SV-274181[39m
[36m	   SV-258038 -> SV-274182[39m
[36m	   SV-257939 -> SV-274183[39m
[36m	   SV-257817 -> SV-274184[39m
[36m	   SV-257824 -> SV-274185[39m
[36m	   SV-258095 -> SV-274186[39m
[36m	   SV-258228 -> SV-274187[39m
[36m	   SV-258242 -> SV-283440[39m
[36m	   SV-258232 -> SV-283441[39m
[36m	   SV-270177 -> SV-283442[39m
[36m	   SV-270178 -> SV-283443[39m
[36m	   SV-258241 -> SV-283452[39m
[36mTotal Mapped Controls:  186[39m
[36m[39m
[36mControl Counts ===========================[39m
[36mTotal Controls Available for Delta:  452[39m
[36m     Total Controls Found on XCCDF:  187[39m
[36m[39m
[36mMatch Statistics =========================[39m
[36m                    Match Controls:  162[39m
[36m        Possible Mismatch Controls:  11[39m
[36m          Related Match Controls:  13[39m
[36m                 No Match Controls:  1[39m
[36m                New XCDDF Controls:  0[39m
[36m[39m
[36mStatistics Validation =============================================[39m
[36mMatch + Mismatch + Related = Total Mapped:  (162+11+13=186) true[39m
[36m  Total Processed = Total XCCDF Controls:  (186+1=187) true[39m

[36m[39m
[33m[Apr-21-2026 10:53:04 -04:00 -> generate:delta][39m - [36minfo[39m: [36m  Updating controls with new control number[39m
[36m  Updating controls with new control number[39m
[36mUpdating Controls ===========================================================================[39m
[36mMapping (From --> To):   SV-257879 --> SV-273994[39m
[36m   Processing control:   /rhel9-v2r7-plus-gui/controls/SV-257879.rb[39m
[36m    Processed control:   /rhel9-v2r7-plus-gui/controls/SV-257879.rb[39m
[36m  Mapped control file:   /rhel9-v2r7-plus-gui/controls/SV-257879.rb to reference ID SV-273994[39m
[36m     New control name:   SV-273994.rb[39m
[36m[39m
[36mMapping (From --> To):   SV-257819 --> SV-273995[39m
[36m   Processing control:   /rhel9-v2r7-plus-gui/controls/SV-257819.rb[39m
[36m    Processed control:   /rhel9-v2r7-plus-gui/controls/SV-257819.rb[39m
[36m  Mapped control file:   /rhel9-v2r7-plus-gui/controls/SV-257819.rb to reference ID SV-273995[39m
[36m     New control name:   SV-273995.rb[39m
[36m[39m
[36mMapping (From --> To):   SV-257821 --> SV-273996[39m
[36m   Processing control:   /rhel9-v2r7-plus-gui/controls/SV-257821.rb[39m
[36m    Processed control:   /rhel9-v2r7-plus-gui/controls/SV-257821.rb[39m
[36m  Mapped control file:   /rhel9-v2r7-plus-gui/controls/SV-257821.rb to reference ID SV-273996[39m
[36m     New control name:   SV-273996.rb[39m
[36m[39m
[36mMapping (From --> To):   SV-257820 --> SV-273997[39m
[36m   Processing control:   /rhel9-v2r7-plus-gui/controls/SV-257820.rb[39m
[36m    Processed control:   /rhel9-v2r7-plus-gui/controls/SV-257820.rb[39m
[36m  Mapped control file:   /rhel9-v2r7-plus-gui/controls/SV-257820.rb to reference ID SV-273997[39m
[36m     New control name:   SV-273997.rb[39m
[36m[39m
[36mMapping (From --> To):   SV-257822 --> SV-273998[39m
[36m   Processing control:   /rhel9-v2r7-plus-gui/controls/SV-257822.rb[39m
[36m    Processed control:   /rhel9-v2r7-plus-gui/controls/SV-257822.rb[39m
[36m  Mapped control file:   /rhel9-v2r7-plus-gui/controls/SV-257822.rb to reference ID SV-273998[39m
[36m     New control name:   SV-273998.rb[39m
[36m[39m
[36mMapping (From --> To):   SV-257777 --> SV-273999[39m
[36m   Processing control:   /rhel9-v2r7-plus-gui/controls/SV-257777.rb[39m
[36m    Processed control:   /rhel9-v2r7-plus-gui/controls/SV-257777.rb[39m
[36m  Mapped control file:   /rhel9-v2r7-plus-gui/controls/SV-257777.rb to reference ID SV-273999[39m
[36m     New control name:   SV-273999.rb[39m
[36m[39m
[36mMapping (From --> To):   SV-257783 --> SV-274000[39m
[36m   Processing control:   /rhel9-v2r7-plus-gui/controls/SV-257783.rb[39m
[36m    Processed control:   /rhel9-v2r7-plus-gui/controls/SV-257783.rb[39m
[36m  Mapped control file:   /rhel9-v2r7-plus-gui/controls/SV-257783.rb to reference ID SV-274000[39m
[36m     New control name:   SV-274000.rb[39m
[36m[39m
[36mMapping (From --> To):   SV-257797 --> SV-274001[39m
[36m   Processing control:   /rhel9-v2r7-plus-gui/controls/SV-257797.rb[39m
[36m    Processed control:   /rhel9-v2r7-plus-gui/controls/SV-257797.rb[39m
[36m  Mapped control file:   /rhel9-v2r7-plus-gui/controls/SV-257797.rb to reference ID SV-274001[39m
[36m     New control name:   SV-274001.rb[39m
[36m[39m
[36mMapping (From --> To):   SV-257798 --> SV-274002[39m
[36m   Processing control:   /rhel9-v2r7-plus-gui/controls/SV-257798.rb[39m
[36m    Processed control:   /rhel9-v2r7-plus-gui/controls/SV-257798.rb[39m
[36m  Mapped control file:   /rhel9-v2r7-plus-gui/controls/SV-257798.rb to reference ID SV-274002[39m
[36m     New control name:   SV-274002.rb[39m
[36m[39m
[36mMapping (From --> To):   SV-257800 --> SV-274003[39m
[36m   Processing control:   /rhel9-v2r7-plus-gui/controls/SV-257800.rb[39m
[36m    Processed control:   /rhel9-v2r7-plus-gui/controls/SV-257800.rb[39m
[36m  Mapped control file:   /rhel9-v2r7-plus-gui/controls/SV-257800.rb to reference ID SV-274003[39m
[36m     New control name:   SV-274003.rb[39m
[36m[39m
[36mMapping (From --> To):   SV-257810 --> SV-274004[39m
[36m   Processing control:   /rhel9-v2r7-plus-gui/controls/SV-257810.rb[39m
[36m    Processed control:   /rhel9-v2r7-plus-gui/controls/SV-257810.rb[39m
[36m  Mapped control file:   /rhel9-v2r7-plus-gui/controls/SV-257810.rb to reference ID SV-274004[39m
[36m     New control name:   SV-274004.rb[39m
[36m[39m
[36mMapping (From --> To):   SV-257811 --> SV-274005[39m
[36m   Processing control:   /rhel9-v2r7-plus-gui/controls/SV-257811.rb[39m
[36m    Processed control:   /rhel9-v2r7-plus-gui/controls/SV-257811.rb[39m
[36m  Mapped control file:   /rhel9-v2r7-plus-gui/controls/SV-257811.rb to reference ID SV-274005[39m
[36m     New control name:   SV-274005.rb[39m
[36m[39m
[36mMapping (From --> To):   SV-257809 --> SV-274006[39m
[36m   Processing control:   /rhel9-v2r7-plus-gui/controls/SV-257809.rb[39m
[36m    Processed control:   /rhel9-v2r7-plus-gui/controls/SV-257809.rb[39m
[36m  Mapped control file:   /rhel9-v2r7-plus-gui/controls/SV-257809.rb to reference ID SV-274006[39m
[36m     New control name:   SV-274006.rb[39m
[36m[39m
[36mMapping (From --> To):   SV-257826 --> SV-274007[39m
[36m   Processing control:   /rhel9-v2r7-plus-gui/controls/SV-257826.rb[39m
[36m    Processed control:   /rhel9-v2r7-plus-gui/controls/SV-257826.rb[39m
[36m  Mapped control file:   /rhel9-v2r7-plus-gui/controls/SV-257826.rb to reference ID SV-274007[39m
[36m     New control name:   SV-274007.rb[39m
[36m[39m
[36mMapping (From --> To):   SV-257828 --> SV-274008[39m
[36m   Processing control:   /rhel9-v2r7-plus-gui/controls/SV-257828.rb[39m
[36m    Processed control:   /rhel9-v2r7-plus-gui/controls/SV-257828.rb[39m
[36m  Mapped control file:   /rhel9-v2r7-plus-gui/controls/SV-257828.rb to reference ID SV-274008[39m
[36m     New control name:   SV-274008.rb[39m
[36m[39m
[36mMapping (From --> To):   SV-257829 --> SV-274009[39m
[36m   Processing control:   /rhel9-v2r7-plus-gui/controls/SV-257829.rb[39m
[36m    Processed control:   /rhel9-v2r7-plus-gui/controls/SV-257829.rb[39m
[36m  Mapped control file:   /rhel9-v2r7-plus-gui/controls/SV-257829.rb to reference ID SV-274009[39m
[36m     New control name:   SV-274009.rb[39m
[36m[39m
[36mMapping (From --> To):   SV-257831 --> SV-274010[39m
[36m   Processing control:   /rhel9-v2r7-plus-gui/controls/SV-257831.rb[39m
[36m    Processed control:   /rhel9-v2r7-plus-gui/controls/SV-257831.rb[39m
[36m  Mapped control file:   /rhel9-v2r7-plus-gui/controls/SV-257831.rb to reference ID SV-274010[39m
[36m     New control name:   SV-274010.rb[39m
[36m[39m
[36mMapping (From --> To):   SV-257830 --> SV-274011[39m
[36m   Processing control:   /rhel9-v2r7-plus-gui/controls/SV-257830.rb[39m
[36m    Processed control:   /rhel9-v2r7-plus-gui/controls/SV-257830.rb[39m
[36m  Mapped control file:   /rhel9-v2r7-plus-gui/controls/SV-257830.rb to reference ID SV-274011[39m
[36m     New control name:   SV-274011.rb[39m
[36m[39m
[36mMapping (From --> To):   SV-258083 --> SV-274012[39m
[36m   Processing control:   /rhel9-v2r7-plus-gui/controls/SV-258083.rb[39m
[36m    Processed control:   /rhel9-v2r7-plus-gui/controls/SV-258083.rb[39m
[36m  Mapped control file:   /rhel9-v2r7-plus-gui/controls/SV-258083.rb to reference ID SV-274012[39m
[36m     New control name:   SV-274012.rb[39m
[36m[39m
[36mMapping (From --> To):   SV-257801 --> SV-274013[39m
[36m   Processing control:   /rhel9-v2r7-plus-gui/controls/SV-257801.rb[39m
[36m    Processed control:   /rhel9-v2r7-plus-gui/controls/SV-257801.rb[39m
[36m  Mapped control file:   /rhel9-v2r7-plus-gui/controls/SV-257801.rb to reference ID SV-274013[39m
[36m     New control name:   SV-274013.rb[39m
[36m[39m
[36mMapping (From --> To):   SV-258084 --> SV-274014[39m
[36m   Processing control:   /rhel9-v2r7-plus-gui/controls/SV-258084.rb[39m
[36m    Processed control:   /rhel9-v2r7-plus-gui/controls/SV-258084.rb[39m
[36m  Mapped control file:   /rhel9-v2r7-plus-gui/controls/SV-258084.rb to reference ID SV-274014[39m
[36m     New control name:   SV-274014.rb[39m
[36m[39m
[36mMapping (From --> To):   SV-258086 --> SV-274015[39m
[36m   Processing control:   /rhel9-v2r7-plus-gui/controls/SV-258086.rb[39m
[36m    Processed control:   /rhel9-v2r7-plus-gui/controls/SV-258086.rb[39m
[36m  Mapped control file:   /rhel9-v2r7-plus-gui/controls/SV-258086.rb to reference ID SV-274015[39m
[36m     New control name:   SV-274015.rb[39m
[36m[39m
[36mMapping (From --> To):   SV-258087 --> SV-274016[39m
[36m   Processing control:   /rhel9-v2r7-plus-gui/controls/SV-258087.rb[39m
[36m    Processed control:   /rhel9-v2r7-plus-gui/controls/SV-258087.rb[39m
[36m  Mapped control file:   /rhel9-v2r7-plus-gui/controls/SV-258087.rb to reference ID SV-274016[39m
[36m     New control name:   SV-274016.rb[39m
[36m[39m
[36mMapping (From --> To):   SV-258151 --> SV-274017[39m
[36m   Processing control:   /rhel9-v2r7-plus-gui/controls/SV-258151.rb[39m
[36m    Processed control:   /rhel9-v2r7-plus-gui/controls/SV-258151.rb[39m
[36m  Mapped control file:   /rhel9-v2r7-plus-gui/controls/SV-258151.rb to reference ID SV-274017[39m
[36m     New control name:   SV-274017.rb[39m
[36m[39m
[36mMapping (From --> To):   SV-257796 --> SV-274018[39m
[36m   Processing control:   /rhel9-v2r7-plus-gui/controls/SV-257796.rb[39m
[36m    Processed control:   /rhel9-v2r7-plus-gui/controls/SV-257796.rb[39m
[36m  Mapped control file:   /rhel9-v2r7-plus-gui/controls/SV-257796.rb to reference ID SV-274018[39m
[36m     New control name:   SV-274018.rb[39m
[36m[39m
[36mMapping (From --> To):   SV-258175 --> SV-274019[39m
[36m   Processing control:   /rhel9-v2r7-plus-gui/controls/SV-258175.rb[39m
[36m    Processed control:   /rhel9-v2r7-plus-gui/controls/SV-258175.rb[39m
[36m  Mapped control file:   /rhel9-v2r7-plus-gui/controls/SV-258175.rb to reference ID SV-274019[39m
[36m     New control name:   SV-274019.rb[39m
[36m[39m
[36mMapping (From --> To):   SV-258168 --> SV-274020[39m
[36m   Processing control:   /rhel9-v2r7-plus-gui/controls/SV-258168.rb[39m
[36m    Processed control:   /rhel9-v2r7-plus-gui/controls/SV-258168.rb[39m
[36m  Mapped control file:   /rhel9-v2r7-plus-gui/controls/SV-258168.rb to reference ID SV-274020[39m
[36m     New control name:   SV-274020.rb[39m
[36m[39m
[36mMapping (From --> To):   SV-258144 --> SV-274021[39m
[36m   Processing control:   /rhel9-v2r7-plus-gui/controls/SV-258144.rb[39m
[36m    Processed control:   /rhel9-v2r7-plus-gui/controls/SV-258144.rb[39m
[36m  Mapped control file:   /rhel9-v2r7-plus-gui/controls/SV-258144.rb to reference ID SV-274021[39m
[36m     New control name:   SV-274021.rb[39m
[36m[39m
[36mMapping (From --> To):   SV-257943 --> SV-274022[39m
[36m   Processing control:   /rhel9-v2r7-plus-gui/controls/SV-257943.rb[39m
[36m    Processed control:   /rhel9-v2r7-plus-gui/controls/SV-257943.rb[39m
[36m  Mapped control file:   /rhel9-v2r7-plus-gui/controls/SV-257943.rb to reference ID SV-274022[39m
[36m     New control name:   SV-274022.rb[39m
[36m[39m
[36mMapping (From --> To):   SV-257944 --> SV-274023[39m
[36m   Processing control:   /rhel9-v2r7-plus-gui/controls/SV-257944.rb[39m
[36m    Processed control:   /rhel9-v2r7-plus-gui/controls/SV-257944.rb[39m
[36m  Mapped control file:   /rhel9-v2r7-plus-gui/controls/SV-257944.rb to reference ID SV-274023[39m
[36m     New control name:   SV-274023.rb[39m
[36m[39m
[36mMapping (From --> To):   SV-258134 --> SV-274024[39m
[36m   Processing control:   /rhel9-v2r7-plus-gui/controls/SV-258134.rb[39m
[36m    Processed control:   /rhel9-v2r7-plus-gui/controls/SV-258134.rb[39m
[36m  Mapped control file:   /rhel9-v2r7-plus-gui/controls/SV-258134.rb to reference ID SV-274024[39m
[36m     New control name:   SV-274024.rb[39m
[36m[39m
[36mMapping (From --> To):   SV-258135 --> SV-274025[39m
[36m   Processing control:   /rhel9-v2r7-plus-gui/controls/SV-258135.rb[39m
[36m    Processed control:   /rhel9-v2r7-plus-gui/controls/SV-258135.rb[39m
[36m  Mapped control file:   /rhel9-v2r7-plus-gui/controls/SV-258135.rb to reference ID SV-274025[39m
[36m     New control name:   SV-274025.rb[39m
[36m[39m
[36mMapping (From --> To):   SV-258137 --> SV-274026[39m
[36m   Processing control:   /rhel9-v2r7-plus-gui/controls/SV-258137.rb[39m
[36m    Processed control:   /rhel9-v2r7-plus-gui/controls/SV-258137.rb[39m
[36m  Mapped control file:   /rhel9-v2r7-plus-gui/controls/SV-258137.rb to reference ID SV-274026[39m
[36m     New control name:   SV-274026.rb[39m
[36m[39m
[36mMapping (From --> To):   SV-257935 --> SV-274027[39m
[36m   Processing control:   /rhel9-v2r7-plus-gui/controls/SV-257935.rb[39m
[36m    Processed control:   /rhel9-v2r7-plus-gui/controls/SV-257935.rb[39m
[36m  Mapped control file:   /rhel9-v2r7-plus-gui/controls/SV-257935.rb to reference ID SV-274027[39m
[36m     New control name:   SV-274027.rb[39m
[36m[39m
[36mMapping (From --> To):   SV-257936 --> SV-274028[39m
[36m   Processing control:   /rhel9-v2r7-plus-gui/controls/SV-257936.rb[39m
[36m    Processed control:   /rhel9-v2r7-plus-gui/controls/SV-257936.rb[39m
[36m  Mapped control file:   /rhel9-v2r7-plus-gui/controls/SV-257936.rb to reference ID SV-274028[39m
[36m     New control name:   SV-274028.rb[39m
[36m[39m
[36mMapping (From --> To):   SV-257842 --> SV-274031[39m
[36m   Processing control:   /rhel9-v2r7-plus-gui/controls/SV-257842.rb[39m
[36m    Processed control:   /rhel9-v2r7-plus-gui/controls/SV-257842.rb[39m
[36m  Mapped control file:   /rhel9-v2r7-plus-gui/controls/SV-257842.rb to reference ID SV-274031[39m
[36m     New control name:   SV-274031.rb[39m
[36m[39m
[36mMapping (From --> To):   SV-258237 --> SV-274032[39m
[36m   Processing control:   /rhel9-v2r7-plus-gui/controls/SV-258237.rb[39m
[36m    Processed control:   /rhel9-v2r7-plus-gui/controls/SV-258237.rb[39m
[36m  Mapped control file:   /rhel9-v2r7-plus-gui/controls/SV-258237.rb to reference ID SV-274032[39m
[36m     New control name:   SV-274032.rb[39m
[36m[39m
[36mMapping (From --> To):   SV-258081 --> SV-274033[39m
[36m   Processing control:   /rhel9-v2r7-plus-gui/controls/SV-258081.rb[39m
[36m    Processed control:   /rhel9-v2r7-plus-gui/controls/SV-258081.rb[39m
[36m  Mapped control file:   /rhel9-v2r7-plus-gui/controls/SV-258081.rb to reference ID SV-274033[39m
[36m     New control name:   SV-274033.rb[39m
[36m[39m
[36mMapping (From --> To):   SV-258124 --> SV-274034[39m
[36m   Processing control:   /rhel9-v2r7-plus-gui/controls/SV-258124.rb[39m
[36m    Processed control:   /rhel9-v2r7-plus-gui/controls/SV-258124.rb[39m
[36m  Mapped control file:   /rhel9-v2r7-plus-gui/controls/SV-258124.rb to reference ID SV-274034[39m
[36m     New control name:   SV-274034.rb[39m
[36m[39m
[36mMapping (From --> To):   SV-258237 --> SV-274035[39m
[36m   Processing control:   /rhel9-v2r7-plus-gui/controls/SV-258237.rb[39m
[36m    Processed control:   /rhel9-v2r7-plus-gui/controls/SV-258237.rb[39m
[36m  Mapped control file:   /rhel9-v2r7-plus-gui/controls/SV-258237.rb to reference ID SV-274035[39m
[36m     New control name:   SV-274035.rb[39m
[36m[39m
[36mMapping (From --> To):   SV-258126 --> SV-274036[39m
[36m   Processing control:   /rhel9-v2r7-plus-gui/controls/SV-258126.rb[39m
[36m    Processed control:   /rhel9-v2r7-plus-gui/controls/SV-258126.rb[39m
[36m  Mapped control file:   /rhel9-v2r7-plus-gui/controls/SV-258126.rb to reference ID SV-274036[39m
[36m     New control name:   SV-274036.rb[39m
[36m[39m
[36mMapping (From --> To):   SV-258123 --> SV-274037[39m
[36m   Processing control:   /rhel9-v2r7-plus-gui/controls/SV-258123.rb[39m
[36m    Processed control:   /rhel9-v2r7-plus-gui/controls/SV-258123.rb[39m
[36m  Mapped control file:   /rhel9-v2r7-plus-gui/controls/SV-258123.rb to reference ID SV-274037[39m
[36m     New control name:   SV-274037.rb[39m
[36m[39m
[36mMapping (From --> To):   SV-257978 --> SV-274038[39m
[36m   Processing control:   /rhel9-v2r7-plus-gui/controls/SV-257978.rb[39m
[36m    Processed control:   /rhel9-v2r7-plus-gui/controls/SV-257978.rb[39m
[36m  Mapped control file:   /rhel9-v2r7-plus-gui/controls/SV-257978.rb to reference ID SV-274038[39m
[36m     New control name:   SV-274038.rb[39m
[36m[39m
[36mMapping (From --> To):   SV-257979 --> SV-274039[39m
[36m   Processing control:   /rhel9-v2r7-plus-gui/controls/SV-257979.rb[39m
[36m    Processed control:   /rhel9-v2r7-plus-gui/controls/SV-257979.rb[39m
[36m  Mapped control file:   /rhel9-v2r7-plus-gui/controls/SV-257979.rb to reference ID SV-274039[39m
[36m     New control name:   SV-274039.rb[39m
[36m[39m
[36mMapping (From --> To):   SV-258234 --> SV-274040[39m
[36m   Processing control:   /rhel9-v2r7-plus-gui/controls/SV-258234.rb[39m
[36m    Processed control:   /rhel9-v2r7-plus-gui/controls/SV-258234.rb[39m
[36m  Mapped control file:   /rhel9-v2r7-plus-gui/controls/SV-258234.rb to reference ID SV-274040[39m
[36m     New control name:   SV-274040.rb[39m
[36m[39m
[36mMapping (From --> To):   SV-257989 --> SV-274042[39m
[36m   Processing control:   /rhel9-v2r7-plus-gui/controls/SV-257989.rb[39m
[36m    Processed control:   /rhel9-v2r7-plus-gui/controls/SV-257989.rb[39m
[36m  Mapped control file:   /rhel9-v2r7-plus-gui/controls/SV-257989.rb to reference ID SV-274042[39m
[36m     New control name:   SV-274042.rb[39m
[36m[39m
[36mMapping (From --> To):   SV-257991 --> SV-274043[39m
[36m   Processing control:   /rhel9-v2r7-plus-gui/controls/SV-257991.rb[39m
[36m    Processed control:   /rhel9-v2r7-plus-gui/controls/SV-257991.rb[39m
[36m  Mapped control file:   /rhel9-v2r7-plus-gui/controls/SV-257991.rb to reference ID SV-274043[39m
[36m     New control name:   SV-274043.rb[39m
[36m[39m
[36mMapping (From --> To):   SV-258003 --> SV-274044[39m
[36m   Processing control:   /rhel9-v2r7-plus-gui/controls/SV-258003.rb[39m
[36m    Processed control:   /rhel9-v2r7-plus-gui/controls/SV-258003.rb[39m
[36m  Mapped control file:   /rhel9-v2r7-plus-gui/controls/SV-258003.rb to reference ID SV-274044[39m
[36m     New control name:   SV-274044.rb[39m
[36m[39m
[36mMapping (From --> To):   SV-258004 --> SV-274045[39m
[36m   Processing control:   /rhel9-v2r7-plus-gui/controls/SV-258004.rb[39m
[36m    Processed control:   /rhel9-v2r7-plus-gui/controls/SV-258004.rb[39m
[36m  Mapped control file:   /rhel9-v2r7-plus-gui/controls/SV-258004.rb to reference ID SV-274045[39m
[36m     New control name:   SV-274045.rb[39m
[36m[39m
[36mMapping (From --> To):   SV-257994 --> SV-274046[39m
[36m   Processing control:   /rhel9-v2r7-plus-gui/controls/SV-257994.rb[39m
[36m    Processed control:   /rhel9-v2r7-plus-gui/controls/SV-257994.rb[39m
[36m  Mapped control file:   /rhel9-v2r7-plus-gui/controls/SV-257994.rb to reference ID SV-274046[39m
[36m     New control name:   SV-274046.rb[39m
[36m[39m
[36mMapping (From --> To):   SV-257983 --> SV-274047[39m
[36m   Processing control:   /rhel9-v2r7-plus-gui/controls/SV-257983.rb[39m
[36m    Processed control:   /rhel9-v2r7-plus-gui/controls/SV-257983.rb[39m
[36m  Mapped control file:   /rhel9-v2r7-plus-gui/controls/SV-257983.rb to reference ID SV-274047[39m
[36m     New control name:   SV-274047.rb[39m
[36m[39m
[36mMapping (From --> To):   SV-257984 --> SV-274048[39m
[36m   Processing control:   /rhel9-v2r7-plus-gui/controls/SV-257984.rb[39m
[36m    Processed control:   /rhel9-v2r7-plus-gui/controls/SV-257984.rb[39m
[36m  Mapped control file:   /rhel9-v2r7-plus-gui/controls/SV-257984.rb to reference ID SV-274048[39m
[36m     New control name:   SV-274048.rb[39m
[36m[39m
[36mMapping (From --> To):   SV-257985 --> SV-274049[39m
[36m   Processing control:   /rhel9-v2r7-plus-gui/controls/SV-257985.rb[39m
[36m    Processed control:   /rhel9-v2r7-plus-gui/controls/SV-257985.rb[39m
[36m  Mapped control file:   /rhel9-v2r7-plus-gui/controls/SV-257985.rb to reference ID SV-274049[39m
[36m     New control name:   SV-274049.rb[39m
[36m[39m
[36mMapping (From --> To):   SV-257995 --> SV-274050[39m
[36m   Processing control:   /rhel9-v2r7-plus-gui/controls/SV-257995.rb[39m
[36m    Processed control:   /rhel9-v2r7-plus-gui/controls/SV-257995.rb[39m
[36m  Mapped control file:   /rhel9-v2r7-plus-gui/controls/SV-257995.rb to reference ID SV-274050[39m
[36m     New control name:   SV-274050.rb[39m
[36m[39m
[36mMapping (From --> To):   SV-258077 --> SV-274051[39m
[36m   Processing control:   /rhel9-v2r7-plus-gui/controls/SV-258077.rb[39m
[33m[Apr-21-2026 10:53:04 -04:00 -> generate:delta][39m - [36minfo[39m: [36m  Generating the profile json using the new mapped controls on: '/Users/alippold/github/mitre/rhel9-v2r7-plus-gui/mapped_controls/controls'[39m
[33m[Apr-21-2026 10:53:22 -04:00 -> generate:delta][39m - [36minfo[39m: [36mChecking if provided output directory exists (create it if does not, clear if exists)...[39m
[33m[Apr-21-2026 10:53:22 -04:00 -> generate:delta][39m - [36minfo[39m: [36mChecking if an output markdown report was requested...[39m
[33m[Apr-21-2026 10:53:22 -04:00 -> generate:delta][39m - [36minfo[39m: [36mExecuting the Delta process...[39m
[33m[Apr-21-2026 10:53:22 -04:00 -> generate:delta][39m - [36minfo[39m: [36mUpdating profile redhat-enterprise-linux-9-stig-baseline with control IDs type: rule[39m
[33m[Apr-21-2026 10:53:22 -04:00 -> generate:delta][39m - [36minfo[39m: [36mProcessing diff between: redhat-enterprise-linux-9-stig-baseline(v:2.4.0) and: Amazon_Linux_2023_STIG(v:undefined)[39m
[33m[Apr-21-2026 10:53:22 -04:00 -> generate:delta][39m - [36minfo[39m: [36m["+","SV-274013"][39m
[33m[Apr-21-2026 10:53:22 -04:00 -> generate:delta][39m - [36minfo[39m: [36m[][39m
[33m[Apr-21-2026 10:53:22 -04:00 -> generate:delta][39m - [36minfo[39m: [36m["+","SV-274030"][39m
[33m[Apr-21-2026 10:53:22 -04:00 -> generate:delta][39m - [36minfo[39m: [36m[][39m
[33m[Apr-21-2026 10:53:22 -04:00 -> generate:delta][39m - [36minfo[39m: [36m["+","SV-274032"][39m
[33m[Apr-21-2026 10:53:22 -04:00 -> generate:delta][39m - [36minfo[39m: [36m[][39m
[33m[Apr-21-2026 10:53:22 -04:00 -> generate:delta][39m - [36minfo[39m: [36m["+","SV-274051"][39m
[33m[Apr-21-2026 10:53:22 -04:00 -> generate:delta][39m - [36minfo[39m: [36m[][39m
[33m[Apr-21-2026 10:53:22 -04:00 -> generate:delta][39m - [36minfo[39m: [36m["+","SV-274061"][39m
[33m[Apr-21-2026 10:53:22 -04:00 -> generate:delta][39m - [36minfo[39m: [36m[][39m
[33m[Apr-21-2026 10:53:22 -04:00 -> generate:delta][39m - [36minfo[39m: [36m["+","SV-274072"][39m
[33m[Apr-21-2026 10:53:22 -04:00 -> generate:delta][39m - [36minfo[39m: [36m[][39m
[33m[Apr-21-2026 10:53:22 -04:00 -> generate:delta][39m - [36minfo[39m: [36m["+","SV-274076"][39m
[33m[Apr-21-2026 10:53:22 -04:00 -> generate:delta][39m - [36minfo[39m: [36m[][39m
[33m[Apr-21-2026 10:53:22 -04:00 -> generate:delta][39m - [36minfo[39m: [36m["+","SV-274078"][39m
[33m[Apr-21-2026 10:53:22 -04:00 -> generate:delta][39m - [36minfo[39m: [36m[][39m
[33m[Apr-21-2026 10:53:22 -04:00 -> generate:delta][39m - [36minfo[39m: [36m["+","SV-274104"][39m
[33m[Apr-21-2026 10:53:22 -04:00 -> generate:delta][39m - [36minfo[39m: [36m[][39m
[33m[Apr-21-2026 10:53:22 -04:00 -> generate:delta][39m - [36minfo[39m: [36m["+","SV-274126"][39m
[33m[Apr-21-2026 10:53:22 -04:00 -> generate:delta][39m - [36minfo[39m: [36m[][39m
[33m[Apr-21-2026 10:53:22 -04:00 -> generate:delta][39m - [36minfo[39m: [36m["+","SV-274127"][39m
[33m[Apr-21-2026 10:53:22 -04:00 -> generate:delta][39m - [36minfo[39m: [36m[][39m
[33m[Apr-21-2026 10:53:22 -04:00 -> generate:delta][39m - [36minfo[39m: [36m["+","SV-274146"][39m
[33m[Apr-21-2026 10:53:22 -04:00 -> generate:delta][39m - [36minfo[39m: [36m[][39m
[33m[Apr-21-2026 10:53:22 -04:00 -> generate:delta][39m - [36minfo[39m: [36m["+","SV-274151"][39m
[33m[Apr-21-2026 10:53:22 -04:00 -> generate:delta][39m - [36minfo[39m: [36m[][39m
[33m[Apr-21-2026 10:53:22 -04:00 -> generate:delta][39m - [36minfo[39m: [36m["+","SV-274164"][39m
[33m[Apr-21-2026 10:53:22 -04:00 -> generate:delta][39m - [36minfo[39m: [36m[][39m
[33m[Apr-21-2026 10:53:22 -04:00 -> generate:delta][39m - [36minfo[39m: [36mWriting new control without code block for: SV-274013.[39m
[33m[Apr-21-2026 10:53:22 -04:00 -> generate:delta][39m - [36minfo[39m: [36mWriting new control without code block for: SV-274030.[39m
[33m[Apr-21-2026 10:53:22 -04:00 -> generate:delta][39m - [36minfo[39m: [36mWriting new control without code block for: SV-274032.[39m
[33m[Apr-21-2026 10:53:22 -04:00 -> generate:delta][39m - [36minfo[39m: [36mWriting new control without code block for: SV-274051.[39m
[33m[Apr-21-2026 10:53:22 -04:00 -> generate:delta][39m - [36minfo[39m: [36mWriting new control without code block for: SV-274061.[39m
[33m[Apr-21-2026 10:53:22 -04:00 -> generate:delta][39m - [36minfo[39m: [36mWriting new control without code block for: SV-274072.[39m
[33m[Apr-21-2026 10:53:22 -04:00 -> generate:delta][39m - [36minfo[39m: [36mWriting new control without code block for: SV-274076.[39m
[33m[Apr-21-2026 10:53:22 -04:00 -> generate:delta][39m - [36minfo[39m: [36mWriting new control without code block for: SV-274078.[39m
[33m[Apr-21-2026 10:53:22 -04:00 -> generate:delta][39m - [36minfo[39m: [36mWriting new control without code block for: SV-274104.[39m
[33m[Apr-21-2026 10:53:22 -04:00 -> generate:delta][39m - [36minfo[39m: [36mWriting new control without code block for: SV-274126.[39m
[33m[Apr-21-2026 10:53:22 -04:00 -> generate:delta][39m - [36minfo[39m: [36mWriting new control without code block for: SV-274127.[39m
[33m[Apr-21-2026 10:53:22 -04:00 -> generate:delta][39m - [36minfo[39m: [36mWriting new control without code block for: SV-274146.[39m
[33m[Apr-21-2026 10:53:22 -04:00 -> generate:delta][39m - [36minfo[39m: [36mWriting new control without code block for: SV-274151.[39m
[33m[Apr-21-2026 10:53:22 -04:00 -> generate:delta][39m - [36minfo[39m: [36mWriting new control without code block for: SV-274164.[39m
[33m[Apr-21-2026 10:53:22 -04:00 -> generate:delta][39m - [36minfo[39m: [36mWriting updated control with code block for: SV-273994.[39m
[33m[Apr-21-2026 10:53:22 -04:00 -> generate:delta][39m - [36minfo[39m: [36mWriting updated control with code block for: SV-273995.[39m
[33m[Apr-21-2026 10:53:22 -04:00 -> generate:delta][39m - [36minfo[39m: [36mWriting updated control with code block for: SV-273996.[39m
[33m[Apr-21-2026 10:53:22 -04:00 -> generate:delta][39m - [36minfo[39m: [36mWriting updated control with code block for: SV-273997.[39m
[33m[Apr-21-2026 10:53:22 -04:00 -> generate:delta][39m - [36minfo[39m: [36mWriting updated control with code block for: SV-273998.[39m
[33m[Apr-21-2026 10:53:22 -04:00 -> generate:delta][39m - [36minfo[39m: [36mWriting updated control with code block for: SV-273999.[39m
[33m[Apr-21-2026 10:53:22 -04:00 -> generate:delta][39m - [36minfo[39m: [36mWriting updated control with code block for: SV-274000.[39m
[33m[Apr-21-2026 10:53:22 -04:00 -> generate:delta][39m - [36minfo[39m: [36mWriting updated control with code block for: SV-274001.[39m
[33m[Apr-21-2026 10:53:22 -04:00 -> generate:delta][39m - [36minfo[39m: [36mWriting updated control with code block for: SV-274002.[39m
[33m[Apr-21-2026 10:53:22 -04:00 -> generate:delta][39m - [36minfo[39m: [36mWriting updated control with code block for: SV-274003.[39m
[33m[Apr-21-2026 10:53:22 -04:00 -> generate:delta][39m - [36minfo[39m: [36mWriting updated control with code block for: SV-274004.[39m
[33m[Apr-21-2026 10:53:22 -04:00 -> generate:delta][39m - [36minfo[39m: [36mWriting updated control with code block for: SV-274005.[39m
[33m[Apr-21-2026 10:53:22 -04:00 -> generate:delta][39m - [36minfo[39m: [36mWriting updated control with code block for: SV-274006.[39m
[33m[Apr-21-2026 10:53:22 -04:00 -> generate:delta][39m - [36minfo[39m: [36mWriting updated control with code block for: SV-274007.[39m
[33m[Apr-21-2026 10:53:22 -04:00 -> generate:delta][39m - [36minfo[39m: [36mWriting updated control with code block for: SV-274008.[39m
[33m[Apr-21-2026 10:53:22 -04:00 -> generate:delta][39m - [36minfo[39m: [36mWriting updated control with code block for: SV-274009.[39m
[33m[Apr-21-2026 10:53:22 -04:00 -> generate:delta][39m - [36minfo[39m: [36mWriting updated control with code block for: SV-274010.[39m
[33m[Apr-21-2026 10:53:22 -04:00 -> generate:delta][39m - [36minfo[39m: [36mWriting updated control with code block for: SV-274011.[39m
[33m[Apr-21-2026 10:53:22 -04:00 -> generate:delta][39m - [36minfo[39m: [36mWriting updated control with code block for: SV-274012.[39m
[33m[Apr-21-2026 10:53:22 -04:00 -> generate:delta][39m - [36minfo[39m: [36mWriting updated control with code block for: SV-274014.[39m
[33m[Apr-21-2026 10:53:22 -04:00 -> generate:delta][39m - [36minfo[39m: [36mWriting updated control with code block for: SV-274015.[39m
[33m[Apr-21-2026 10:53:22 -04:00 -> generate:delta][39m - [36minfo[39m: [36mWriting updated control with code block for: SV-274016.[39m
[33m[Apr-21-2026 10:53:22 -04:00 -> generate:delta][39m - [36minfo[39m: [36mWriting updated control with code block for: SV-274017.[39m
[33m[Apr-21-2026 10:53:22 -04:00 -> generate:delta][39m - [36minfo[39m: [36mWriting updated control with code block for: SV-274018.[39m
[33m[Apr-21-2026 10:53:22 -04:00 -> generate:delta][39m - [36minfo[39m: [36mWriting updated control with code block for: SV-274019.[39m
[33m[Apr-21-2026 10:53:22 -04:00 -> generate:delta][39m - [36minfo[39m: [36mWriting updated control with code block for: SV-274020.[39m
[33m[Apr-21-2026 10:53:22 -04:00 -> generate:delta][39m - [36minfo[39m: [36mWriting updated control with code block for: SV-274021.[39m
[33m[Apr-21-2026 10:53:22 -04:00 -> generate:delta][39m - [36minfo[39m: [36mWriting updated control with code block for: SV-274022.[39m
[33m[Apr-21-2026 10:53:22 -04:00 -> generate:delta][39m - [36minfo[39m: [36mWriting updated control with code block for: SV-274023.[39m
[33m[Apr-21-2026 10:53:22 -04:00 -> generate:delta][39m - [36minfo[39m: [36mWriting updated control with code block for: SV-274024.[39m
[33m[Apr-21-2026 10:53:22 -04:00 -> generate:delta][39m - [36minfo[39m: [36mWriting updated control with code block for: SV-274025.[39m
[33m[Apr-21-2026 10:53:22 -04:00 -> generate:delta][39m - [36minfo[39m: [36mWriting updated control with code block for: SV-274026.[39m
[33m[Apr-21-2026 10:53:22 -04:00 -> generate:delta][39m - [36minfo[39m: [36mWriting updated control with code block for: SV-274027.[39m
[33m[Apr-21-2026 10:53:22 -04:00 -> generate:delta][39m - [36minfo[39m: [36mWriting updated control with code block for: SV-274028.[39m
[33m[Apr-21-2026 10:53:22 -04:00 -> generate:delta][39m - [36minfo[39m: [36mWriting updated control with code block for: SV-274031.[39m
[33m[Apr-21-2026 10:53:22 -04:00 -> generate:delta][39m - [36minfo[39m: [36mWriting updated control with code block for: SV-274033.[39m
[33m[Apr-21-2026 10:53:22 -04:00 -> generate:delta][39m - [36minfo[39m: [36mWriting updated control with code block for: SV-274034.[39m
[33m[Apr-21-2026 10:53:22 -04:00 -> generate:delta][39m - [36minfo[39m: [36mWriting updated control with code block for: SV-274035.[39m
[33m[Apr-21-2026 10:53:22 -04:00 -> generate:delta][39m - [36minfo[39m: [36mWriting updated control with code block for: SV-274036.[39m
[33m[Apr-21-2026 10:53:22 -04:00 -> generate:delta][39m - [36minfo[39m: [36mWriting updated control with code block for: SV-274037.[39m
[33m[Apr-21-2026 10:53:22 -04:00 -> generate:delta][39m - [36minfo[39m: [36mWriting updated control with code block for: SV-274038.[39m
[33m[Apr-21-2026 10:53:22 -04:00 -> generate:delta][39m - [36minfo[39m: [36mWriting updated control with code block for: SV-274039.[39m
[33m[Apr-21-2026 10:53:22 -04:00 -> generate:delta][39m - [36minfo[39m: [36mWriting updated control with code block for: SV-274040.[39m
[33m[Apr-21-2026 10:53:22 -04:00 -> generate:delta][39m - [36minfo[39m: [36mWriting updated control with code block for: SV-274042.[39m
[33m[Apr-21-2026 10:53:22 -04:00 -> generate:delta][39m - [36minfo[39m: [36mWriting updated control with code block for: SV-274043.[39m
[33m[Apr-21-2026 10:53:22 -04:00 -> generate:delta][39m - [36minfo[39m: [36mWriting updated control with code block for: SV-274044.[39m
[33m[Apr-21-2026 10:53:22 -04:00 -> generate:delta][39m - [36minfo[39m: [36mWriting updated control with code block for: SV-274045.[39m
[33m[Apr-21-2026 10:53:22 -04:00 -> generate:delta][39m - [36minfo[39m: [36mWriting updated control with code block for: SV-274046.[39m
[33m[Apr-21-2026 10:53:22 -04:00 -> generate:delta][39m - [36minfo[39m: [36mWriting updated control with code block for: SV-274047.[39m
[33m[Apr-21-2026 10:53:22 -04:00 -> generate:delta][39m - [36minfo[39m: [36mWriting updated control with code block for: SV-274048.[39m
[33m[Apr-21-2026 10:53:22 -04:00 -> generate:delta][39m - [36minfo[39m: [36mWriting updated control with code block for: SV-274049.[39m
[33m[Apr-21-2026 10:53:22 -04:00 -> generate:delta][39m - [36minfo[39m: [36mWriting updated control with code block for: SV-274050.[39m
[33m[Apr-21-2026 10:53:22 -04:00 -> generate:delta][39m - [36minfo[39m: [36mWriting updated control with code block for: SV-274052.[39m
[33m[Apr-21-2026 10:53:22 -04:00 -> generate:delta][39m - [36minfo[39m: [36mWriting updated control with code block for: SV-274057.[39m
[33m[Apr-21-2026 10:53:22 -04:00 -> generate:delta][39m - [36minfo[39m: [36mWriting updated control with code block for: SV-274058.[39m
[33m[Apr-21-2026 10:53:22 -04:00 -> generate:delta][39m - [36minfo[39m: [36mWriting updated control with code block for: SV-274059.[39m
[33m[Apr-21-2026 10:53:22 -04:00 -> generate:delta][39m - [36minfo[39m: [36mWriting updated control with code block for: SV-274060.[39m
[33m[Apr-21-2026 10:53:22 -04:00 -> generate:delta][39m - [36minfo[39m: [36mWriting updated control with code block for: SV-274062.[39m
[33m[Apr-21-2026 10:53:22 -04:00 -> generate:delta][39m - [36minfo[39m: [36mWriting updated control with code block for: SV-274063.[39m
[33m[Apr-21-2026 10:53:22 -04:00 -> generate:delta][39m - [36minfo[39m: [36mWriting updated control with code block for: SV-274064.[39m
[33m[Apr-21-2026 10:53:22 -04:00 -> generate:delta][39m - [36minfo[39m: [36mWriting updated control with code block for: SV-274065.[39m
[33m[Apr-21-2026 10:53:22 -04:00 -> generate:delta][39m - [36minfo[39m: [36mWriting updated control with code block for: SV-274066.[39m
[33m[Apr-21-2026 10:53:22 -04:00 -> generate:delta][39m - [36minfo[39m: [36mWriting updated control with code block for: SV-274067.[39m
[33m[Apr-21-2026 10:53:22 -04:00 -> generate:delta][39m - [36minfo[39m: [36mWriting updated control with code block for: SV-274068.[39m
[33m[Apr-21-2026 10:53:22 -04:00 -> generate:delta][39m - [36minfo[39m: [36mWriting updated control with code block for: SV-274069.[39m
[33m[Apr-21-2026 10:53:22 -04:00 -> generate:delta][39m - [36minfo[39m: [36mWriting updated control with code block for: SV-274070.[39m
[33m[Apr-21-2026 10:53:22 -04:00 -> generate:delta][39m - [36minfo[39m: [36mWriting updated control with code block for: SV-274071.[39m
[33m[Apr-21-2026 10:53:22 -04:00 -> generate:delta][39m - [36minfo[39m: [36mWriting updated control with code block for: SV-274073.[39m
[33m[Apr-21-2026 10:53:22 -04:00 -> generate:delta][39m - [36minfo[39m: [36mWriting updated control with code block for: SV-274074.[39m
[33m[Apr-21-2026 10:53:22 -04:00 -> generate:delta][39m - [36minfo[39m: [36mWriting updated control with code block for: SV-274075.[39m
[33m[Apr-21-2026 10:53:22 -04:00 -> generate:delta][39m - [36minfo[39m: [36mWriting updated control with code block for: SV-274077.[39m
[33m[Apr-21-2026 10:53:22 -04:00 -> generate:delta][39m - [36minfo[39m: [36mWriting updated control with code block for: SV-274079.[39m
[33m[Apr-21-2026 10:53:22 -04:00 -> generate:delta][39m - [36minfo[39m: [36mWriting updated control with code block for: SV-274080.[39m
[33m[Apr-21-2026 10:53:22 -04:00 -> generate:delta][39m - [36minfo[39m: [36mWriting updated control with code block for: SV-274081.[39m
[33m[Apr-21-2026 10:53:22 -04:00 -> generate:delta][39m - [36minfo[39m: [36mWriting updated control with code block for: SV-274082.[39m
[33m[Apr-21-2026 10:53:22 -04:00 -> generate:delta][39m - [36minfo[39m: [36mWriting updated control with code block for: SV-274083.[39m
[33m[Apr-21-2026 10:53:22 -04:00 -> generate:delta][39m - [36minfo[39m: [36mWriting updated control with code block for: SV-274084.[39m
[33m[Apr-21-2026 10:53:22 -04:00 -> generate:delta][39m - [36minfo[39m: [36mWriting updated control with code block for: SV-274085.[39m
[33m[Apr-21-2026 10:53:22 -04:00 -> generate:delta][39m - [36minfo[39m: [36mWriting updated control with code block for: SV-274086.[39m
[33m[Apr-21-2026 10:53:22 -04:00 -> generate:delta][39m - [36minfo[39m: [36mWriting updated control with code block for: SV-274087.[39m
[33m[Apr-21-2026 10:53:22 -04:00 -> generate:delta][39m - [36minfo[39m: [36mWriting updated control with code block for: SV-274088.[39m
[33m[Apr-21-2026 10:53:22 -04:00 -> generate:delta][39m - [36minfo[39m: [36mWriting updated control with code block for: SV-274089.[39m
[33m[Apr-21-2026 10:53:22 -04:00 -> generate:delta][39m - [36minfo[39m: [36mWriting updated control with code block for: SV-274090.[39m
[33m[Apr-21-2026 10:53:22 -04:00 -> generate:delta][39m - [36minfo[39m: [36mWriting updated control with code block for: SV-274091.[39m
[33m[Apr-21-2026 10:53:22 -04:00 -> generate:delta][39m - [36minfo[39m: [36mWriting updated control with code block for: SV-274092.[39m
[33m[Apr-21-2026 10:53:22 -04:00 -> generate:delta][39m - [36minfo[39m: [36mWriting updated control with code block for: SV-274093.[39m
[33m[Apr-21-2026 10:53:22 -04:00 -> generate:delta][39m - [36minfo[39m: [36mWriting updated control with code block for: SV-274094.[39m
[33m[Apr-21-2026 10:53:22 -04:00 -> generate:delta][39m - [36minfo[39m: [36mWriting updated control with code block for: SV-274095.[39m
[33m[Apr-21-2026 10:53:22 -04:00 -> generate:delta][39m - [36minfo[39m: [36mWriting updated control with code block for: SV-274096.[39m
[33m[Apr-21-2026 10:53:22 -04:00 -> generate:delta][39m - [36minfo[39m: [36mWriting updated control with code block for: SV-274097.[39m
[33m[Apr-21-2026 10:53:22 -04:00 -> generate:delta][39m - [36minfo[39m: [36mWriting updated control with code block for: SV-274098.[39m
[33m[Apr-21-2026 10:53:22 -04:00 -> generate:delta][39m - [36minfo[39m: [36mWriting updated control with code block for: SV-274099.[39m
[33m[Apr-21-2026 10:53:22 -04:00 -> generate:delta][39m - [36minfo[39m: [36mWriting updated control with code block for: SV-274100.[39m
[33m[Apr-21-2026 10:53:22 -04:00 -> generate:delta][39m - [36minfo[39m: [36mWriting updated control with code block for: SV-274101.[39m
[33m[Apr-21-2026 10:53:22 -04:00 -> generate:delta][39m - [36minfo[39m: [36mWriting updated control with code block for: SV-274102.[39m
[33m[Apr-21-2026 10:53:22 -04:00 -> generate:delta][39m - [36minfo[39m: [36mWriting updated control with code block for: SV-274103.[39m
[33m[Apr-21-2026 10:53:22 -04:00 -> generate:delta][39m - [36minfo[39m: [36mWriting updated control with code block for: SV-274105.[39m
[33m[Apr-21-2026 10:53:22 -04:00 -> generate:delta][39m - [36minfo[39m: [36mWriting updated control with code block for: SV-274107.[39m
[33m[Apr-21-2026 10:53:22 -04:00 -> generate:delta][39m - [36minfo[39m: [36mWriting updated control with code block for: SV-274108.[39m
[33m[Apr-21-2026 10:53:22 -04:00 -> generate:delta][39m - [36minfo[39m: [36mWriting updated control with code block for: SV-274109.[39m
[33m[Apr-21-2026 10:53:22 -04:00 -> generate:delta][39m - [36minfo[39m: [36mWriting updated control with code block for: SV-274110.[39m
[33m[Apr-21-2026 10:53:22 -04:00 -> generate:delta][39m - [36minfo[39m: [36mWriting updated control with code block for: SV-274111.[39m
[33m[Apr-21-2026 10:53:22 -04:00 -> generate:delta][39m - [36minfo[39m: [36mWriting updated control with code block for: SV-274112.[39m
[33m[Apr-21-2026 10:53:22 -04:00 -> generate:delta][39m - [36minfo[39m: [36mWriting updated control with code block for: SV-274113.[39m
[33m[Apr-21-2026 10:53:22 -04:00 -> generate:delta][39m - [36minfo[39m: [36mWriting updated control with code block for: SV-274114.[39m
[33m[Apr-21-2026 10:53:22 -04:00 -> generate:delta][39m - [36minfo[39m: [36mWriting updated control with code block for: SV-274115.[39m
[33m[Apr-21-2026 10:53:22 -04:00 -> generate:delta][39m - [36minfo[39m: [36mWriting updated control with code block for: SV-274116.[39m
[33m[Apr-21-2026 10:53:22 -04:00 -> generate:delta][39m - [36minfo[39m: [36mWriting updated control with code block for: SV-274117.[39m
[33m[Apr-21-2026 10:53:22 -04:00 -> generate:delta][39m - [36minfo[39m: [36mWriting updated control with code block for: SV-274119.[39m
[33m[Apr-21-2026 10:53:22 -04:00 -> generate:delta][39m - [36minfo[39m: [36mWriting updated control with code block for: SV-274120.[39m
[33m[Apr-21-2026 10:53:22 -04:00 -> generate:delta][39m - [36minfo[39m: [36mWriting updated control with code block for: SV-274121.[39m
[33m[Apr-21-2026 10:53:22 -04:00 -> generate:delta][39m - [36minfo[39m: [36mWriting updated control with code block for: SV-274122.[39m
[33m[Apr-21-2026 10:53:22 -04:00 -> generate:delta][39m - [36minfo[39m: [36mWriting updated control with code block for: SV-274123.[39m
[33m[Apr-21-2026 10:53:22 -04:00 -> generate:delta][39m - [36minfo[39m: [36mWriting updated control with code block for: SV-274124.[39m
[33m[Apr-21-2026 10:53:22 -04:00 -> generate:delta][39m - [36minfo[39m: [36mWriting updated control with code block for: SV-274125.[39m
[33m[Apr-21-2026 10:53:22 -04:00 -> generate:delta][39m - [36minfo[39m: [36mWriting updated control with code block for: SV-274128.[39m
[33m[Apr-21-2026 10:53:22 -04:00 -> generate:delta][39m - [36minfo[39m: [36mWriting updated control with code block for: SV-274129.[39m
[33m[Apr-21-2026 10:53:22 -04:00 -> generate:delta][39m - [36minfo[39m: [36mWriting updated control with code block for: SV-274130.[39m
[33m[Apr-21-2026 10:53:22 -04:00 -> generate:delta][39m - [36minfo[39m: [36mWriting updated control with code block for: SV-274131.[39m
[33m[Apr-21-2026 10:53:22 -04:00 -> generate:delta][39m - [36minfo[39m: [36mWriting updated control with code block for: SV-274132.[39m
[33m[Apr-21-2026 10:53:22 -04:00 -> generate:delta][39m - [36minfo[39m: [36mWriting updated control with code block for: SV-274133.[39m
[33m[Apr-21-2026 10:53:22 -04:00 -> generate:delta][39m - [36minfo[39m: [36mWriting updated control with code block for: SV-274134.[39m
[33m[Apr-21-2026 10:53:22 -04:00 -> generate:delta][39m - [36minfo[39m: [36mWriting updated control with code block for: SV-274135.[39m
[33m[Apr-21-2026 10:53:22 -04:00 -> generate:delta][39m - [36minfo[39m: [36mWriting updated control with code block for: SV-274136.[39m
[33m[Apr-21-2026 10:53:22 -04:00 -> generate:delta][39m - [36minfo[39m: [36mWriting updated control with code block for: SV-274137.[39m
[33m[Apr-21-2026 10:53:22 -04:00 -> generate:delta][39m - [36minfo[39m: [36mWriting updated control with code block for: SV-274138.[39m
[33m[Apr-21-2026 10:53:22 -04:00 -> generate:delta][39m - [36minfo[39m: [36mWriting updated control with code block for: SV-274139.[39m
[33m[Apr-21-2026 10:53:22 -04:00 -> generate:delta][39m - [36minfo[39m: [36mWriting updated control with code block for: SV-274140.[39m
[33m[Apr-21-2026 10:53:22 -04:00 -> generate:delta][39m - [36minfo[39m: [36mWriting updated control with code block for: SV-274141.[39m
[33m[Apr-21-2026 10:53:22 -04:00 -> generate:delta][39m - [36minfo[39m: [36mWriting updated control with code block for: SV-274142.[39m
[33m[Apr-21-2026 10:53:22 -04:00 -> generate:delta][39m - [36minfo[39m: [36mWriting updated control with code block for: SV-274143.[39m
[33m[Apr-21-2026 10:53:22 -04:00 -> generate:delta][39m - [36minfo[39m: [36mWriting updated control with code block for: SV-274144.[39m
[33m[Apr-21-2026 10:53:22 -04:00 -> generate:delta][39m - [36minfo[39m: [36mWriting updated control with code block for: SV-274145.[39m
[33m[Apr-21-2026 10:53:22 -04:00 -> generate:delta][39m - [36minfo[39m: [36mWriting updated control with code block for: SV-274147.[39m
[33m[Apr-21-2026 10:53:22 -04:00 -> generate:delta][39m - [36minfo[39m: [36mWriting updated control with code block for: SV-274148.[39m
[33m[Apr-21-2026 10:53:22 -04:00 -> generate:delta][39m - [36minfo[39m: [36mWriting updated control with code block for: SV-274149.[39m
[33m[Apr-21-2026 10:53:22 -04:00 -> generate:delta][39m - [36minfo[39m: [36mWriting updated control with code block for: SV-274150.[39m
[33m[Apr-21-2026 10:53:22 -04:00 -> generate:delta][39m - [36minfo[39m: [36mWriting updated control with code block for: SV-274152.[39m
[33m[Apr-21-2026 10:53:22 -04:00 -> generate:delta][39m - [36minfo[39m: [36mWriting updated control with code block for: SV-274153.[39m
[33m[Apr-21-2026 10:53:22 -04:00 -> generate:delta][39m - [36minfo[39m: [36mWriting updated control with code block for: SV-274154.[39m
[33m[Apr-21-2026 10:53:22 -04:00 -> generate:delta][39m - [36minfo[39m: [36mWriting updated control with code block for: SV-274155.[39m
[33m[Apr-21-2026 10:53:22 -04:00 -> generate:delta][39m - [36minfo[39m: [36mWriting updated control with code block for: SV-274156.[39m
[33m[Apr-21-2026 10:53:22 -04:00 -> generate:delta][39m - [36minfo[39m: [36mWriting updated control with code block for: SV-274157.[39m
[33m[Apr-21-2026 10:53:22 -04:00 -> generate:delta][39m - [36minfo[39m: [36mWriting updated control with code block for: SV-274158.[39m
[33m[Apr-21-2026 10:53:22 -04:00 -> generate:delta][39m - [36minfo[39m: [36mWriting updated control with code block for: SV-274159.[39m
[33m[Apr-21-2026 10:53:22 -04:00 -> generate:delta][39m - [36minfo[39m: [36mWriting updated control with code block for: SV-274160.[39m
[33m[Apr-21-2026 10:53:22 -04:00 -> generate:delta][39m - [36minfo[39m: [36mWriting updated control with code block for: SV-274161.[39m
[33m[Apr-21-2026 10:53:22 -04:00 -> generate:delta][39m - [36minfo[39m: [36mWriting updated control with code block for: SV-274162.[39m
[33m[Apr-21-2026 10:53:22 -04:00 -> generate:delta][39m - [36minfo[39m: [36mWriting updated control with code block for: SV-274163.[39m
[33m[Apr-21-2026 10:53:22 -04:00 -> generate:delta][39m - [36minfo[39m: [36mWriting updated control with code block for: SV-274165.[39m
[33m[Apr-21-2026 10:53:22 -04:00 -> generate:delta][39m - [36minfo[39m: [36mWriting updated control with code block for: SV-274166.[39m
[33m[Apr-21-2026 10:53:22 -04:00 -> generate:delta][39m - [36minfo[39m: [36mWriting updated control with code block for: SV-274167.[39m
[33m[Apr-21-2026 10:53:22 -04:00 -> generate:delta][39m - [36minfo[39m: [36mWriting updated control with code block for: SV-274168.[39m
[33m[Apr-21-2026 10:53:22 -04:00 -> generate:delta][39m - [36minfo[39m: [36mWriting updated control with code block for: SV-274169.[39m
[33m[Apr-21-2026 10:53:22 -04:00 -> generate:delta][39m - [36minfo[39m: [36mWriting updated control with code block for: SV-274170.[39m
[33m[Apr-21-2026 10:53:22 -04:00 -> generate:delta][39m - [36minfo[39m: [36mWriting updated control with code block for: SV-274173.[39m
[33m[Apr-21-2026 10:53:22 -04:00 -> generate:delta][39m - [36minfo[39m: [36mWriting updated control with code block for: SV-274175.[39m
[33m[Apr-21-2026 10:53:22 -04:00 -> generate:delta][39m - [36minfo[39m: [36mWriting updated control with code block for: SV-274177.[39m
[33m[Apr-21-2026 10:53:22 -04:00 -> generate:delta][39m - [36minfo[39m: [36mWriting updated control with code block for: SV-274178.[39m
[33m[Apr-21-2026 10:53:22 -04:00 -> generate:delta][39m - [36minfo[39m: [36mWriting updated control with code block for: SV-274179.[39m
[33m[Apr-21-2026 10:53:22 -04:00 -> generate:delta][39m - [36minfo[39m: [36mWriting updated control with code block for: SV-274180.[39m
[33m[Apr-21-2026 10:53:22 -04:00 -> generate:delta][39m - [36minfo[39m: [36mWriting updated control with code block for: SV-274181.[39m
[33m[Apr-21-2026 10:53:22 -04:00 -> generate:delta][39m - [36minfo[39m: [36mWriting updated control with code block for: SV-274182.[39m
[33m[Apr-21-2026 10:53:22 -04:00 -> generate:delta][39m - [36minfo[39m: [36mWriting updated control with code block for: SV-274183.[39m
[33m[Apr-21-2026 10:53:22 -04:00 -> generate:delta][39m - [36minfo[39m: [36mWriting updated control with code block for: SV-274184.[39m
[33m[Apr-21-2026 10:53:22 -04:00 -> generate:delta][39m - [36minfo[39m: [36mWriting updated control with code block for: SV-274185.[39m
[33m[Apr-21-2026 10:53:22 -04:00 -> generate:delta][39m - [36minfo[39m: [36mWriting updated control with code block for: SV-274186.[39m
[33m[Apr-21-2026 10:53:22 -04:00 -> generate:delta][39m - [36minfo[39m: [36mWriting updated control with code block for: SV-274187.[39m
[33m[Apr-21-2026 10:53:22 -04:00 -> generate:delta][39m - [36minfo[39m: [36mWriting updated control with code block for: SV-283440.[39m
[33m[Apr-21-2026 10:53:22 -04:00 -> generate:delta][39m - [36minfo[39m: [36mWriting updated control with code block for: SV-283441.[39m
[33m[Apr-21-2026 10:53:22 -04:00 -> generate:delta][39m - [36minfo[39m: [36mWriting updated control with code block for: SV-283442.[39m
[33m[Apr-21-2026 10:53:22 -04:00 -> generate:delta][39m - [36minfo[39m: [36mWriting updated control with code block for: SV-283443.[39m
[33m[Apr-21-2026 10:53:22 -04:00 -> generate:delta][39m - [36minfo[39m: [36mWriting updated control with code block for: SV-283452.[39m
[33m[Apr-21-2026 10:53:22 -04:00 -> generate:delta][39m - [36minfo[39m: [36m  Writing delta file for redhat-enterprise-linux-9-stig-baseline[39m
[36m    Processed control:   /rhel9-v2r7-plus-gui/controls/SV-258077.rb[39m
[36m  Mapped control file:   /rhel9-v2r7-plus-gui/controls/SV-258077.rb to reference ID SV-274051[39m
[36m     New control name:   SV-274051.rb[39m
[36m[39m
[36mMapping (From --> To):   SV-257986 --> SV-274052[39m
[36m   Processing control:   /rhel9-v2r7-plus-gui/controls/SV-257986.rb[39m
[36m    Processed control:   /rhel9-v2r7-plus-gui/controls/SV-257986.rb[39m
[36m  Mapped control file:   /rhel9-v2r7-plus-gui/controls/SV-257986.rb to reference ID SV-274052[39m
[36m     New control name:   SV-274052.rb[39m
[36m[39m
[36mMapping (From --> To):   SV-258230 --> SV-274057[39m
[36m   Processing control:   /rhel9-v2r7-plus-gui/controls/SV-258230.rb[39m
[36m    Processed control:   /rhel9-v2r7-plus-gui/controls/SV-258230.rb[39m
[36m  Mapped control file:   /rhel9-v2r7-plus-gui/controls/SV-258230.rb to reference ID SV-274057[39m
[36m     New control name:   SV-274057.rb[39m
[36m[39m
[36mMapping (From --> To):   SV-258236 --> SV-274058[39m
[36m   Processing control:   /rhel9-v2r7-plus-gui/controls/SV-258236.rb[39m
[36m    Processed control:   /rhel9-v2r7-plus-gui/controls/SV-258236.rb[39m
[36m  Mapped control file:   /rhel9-v2r7-plus-gui/controls/SV-258236.rb to reference ID SV-274058[39m
[36m     New control name:   SV-274058.rb[39m
[36m[39m
[36mMapping (From --> To):   SV-258122 --> SV-274059[39m
[36m   Processing control:   /rhel9-v2r7-plus-gui/controls/SV-258122.rb[39m
[36m    Processed control:   /rhel9-v2r7-plus-gui/controls/SV-258122.rb[39m
[36m  Mapped control file:   /rhel9-v2r7-plus-gui/controls/SV-258122.rb to reference ID SV-274059[39m
[36m     New control name:   SV-274059.rb[39m
[36m[39m
[36mMapping (From --> To):   SV-258132 --> SV-274060[39m
[36m   Processing control:   /rhel9-v2r7-plus-gui/controls/SV-258132.rb[39m
[36m    Processed control:   /rhel9-v2r7-plus-gui/controls/SV-258132.rb[39m
[36m  Mapped control file:   /rhel9-v2r7-plus-gui/controls/SV-258132.rb to reference ID SV-274060[39m
[36m     New control name:   SV-274060.rb[39m
[36m[39m
[36mMapping (From --> To):   SV-258125 --> SV-274061[39m
[36m   Processing control:   /rhel9-v2r7-plus-gui/controls/SV-258125.rb[39m
[36m    Processed control:   /rhel9-v2r7-plus-gui/controls/SV-258125.rb[39m
[36m  Mapped control file:   /rhel9-v2r7-plus-gui/controls/SV-258125.rb to reference ID SV-274061[39m
[36m     New control name:   SV-274061.rb[39m
[36m[39m
[36mMapping (From --> To):   SV-258133 --> SV-274062[39m
[36m   Processing control:   /rhel9-v2r7-plus-gui/controls/SV-258133.rb[39m
[36m    Processed control:   /rhel9-v2r7-plus-gui/controls/SV-258133.rb[39m
[36m  Mapped control file:   /rhel9-v2r7-plus-gui/controls/SV-258133.rb to reference ID SV-274062[39m
[36m     New control name:   SV-274062.rb[39m
[36m[39m
[36mMapping (From --> To):   SV-258131 --> SV-274063[39m
[36m   Processing control:   /rhel9-v2r7-plus-gui/controls/SV-258131.rb[39m
[36m    Processed control:   /rhel9-v2r7-plus-gui/controls/SV-258131.rb[39m
[36m  Mapped control file:   /rhel9-v2r7-plus-gui/controls/SV-258131.rb to reference ID SV-274063[39m
[36m     New control name:   SV-274063.rb[39m
[36m[39m
[36mMapping (From --> To):   SV-258127 --> SV-274064[39m
[36m   Processing control:   /rhel9-v2r7-plus-gui/controls/SV-258127.rb[39m
[36m    Processed control:   /rhel9-v2r7-plus-gui/controls/SV-258127.rb[39m
[36m  Mapped control file:   /rhel9-v2r7-plus-gui/controls/SV-258127.rb to reference ID SV-274064[39m
[36m     New control name:   SV-274064.rb[39m
[36m[39m
[36mMapping (From --> To):   SV-270174 --> SV-274065[39m
[36m   Processing control:   /rhel9-v2r7-plus-gui/controls/SV-270174.rb[39m
[36m    Processed control:   /rhel9-v2r7-plus-gui/controls/SV-270174.rb[39m
[36m  Mapped control file:   /rhel9-v2r7-plus-gui/controls/SV-270174.rb to reference ID SV-274065[39m
[36m     New control name:   SV-274065.rb[39m
[36m[39m
[36mMapping (From --> To):   SV-257981 --> SV-274066[39m
[36m   Processing control:   /rhel9-v2r7-plus-gui/controls/SV-257981.rb[39m
[36m    Processed control:   /rhel9-v2r7-plus-gui/controls/SV-257981.rb[39m
[36m  Mapped control file:   /rhel9-v2r7-plus-gui/controls/SV-257981.rb to reference ID SV-274066[39m
[36m     New control name:   SV-274066.rb[39m
[36m[39m
[36mMapping (From --> To):   SV-258155 --> SV-274067[39m
[36m   Processing control:   /rhel9-v2r7-plus-gui/controls/SV-258155.rb[39m
[36m    Processed control:   /rhel9-v2r7-plus-gui/controls/SV-258155.rb[39m
[36m  Mapped control file:   /rhel9-v2r7-plus-gui/controls/SV-258155.rb to reference ID SV-274067[39m
[36m     New control name:   SV-274067.rb[39m
[36m[39m
[36mMapping (From --> To):   SV-257847 --> SV-274068[39m
[36m   Processing control:   /rhel9-v2r7-plus-gui/controls/SV-257847.rb[39m
[36m    Processed control:   /rhel9-v2r7-plus-gui/controls/SV-257847.rb[39m
[36m  Mapped control file:   /rhel9-v2r7-plus-gui/controls/SV-257847.rb to reference ID SV-274068[39m
[36m     New control name:   SV-274068.rb[39m
[36m[39m
[36mMapping (From --> To):   SV-258146 --> SV-274069[39m
[36m   Processing control:   /rhel9-v2r7-plus-gui/controls/SV-258146.rb[39m
[36m    Processed control:   /rhel9-v2r7-plus-gui/controls/SV-258146.rb[39m
[36m  Mapped control file:   /rhel9-v2r7-plus-gui/controls/SV-258146.rb to reference ID SV-274069[39m
[36m     New control name:   SV-274069.rb[39m
[36m[39m
[36mMapping (From --> To):   SV-258162 --> SV-274070[39m
[36m   Processing control:   /rhel9-v2r7-plus-gui/controls/SV-258162.rb[39m
[36m    Processed control:   /rhel9-v2r7-plus-gui/controls/SV-258162.rb[39m
[36m  Mapped control file:   /rhel9-v2r7-plus-gui/controls/SV-258162.rb to reference ID SV-274070[39m
[36m     New control name:   SV-274070.rb[39m
[36m[39m
[36mMapping (From --> To):   SV-258156 --> SV-274071[39m
[36m   Processing control:   /rhel9-v2r7-plus-gui/controls/SV-258156.rb[39m
[36m    Processed control:   /rhel9-v2r7-plus-gui/controls/SV-258156.rb[39m
[36m  Mapped control file:   /rhel9-v2r7-plus-gui/controls/SV-258156.rb to reference ID SV-274071[39m
[36m     New control name:   SV-274071.rb[39m
[36m[39m
[36mMapping (From --> To):   SV-258157 --> SV-274072[39m
[36m   Processing control:   /rhel9-v2r7-plus-gui/controls/SV-258157.rb[39m
[36m    Processed control:   /rhel9-v2r7-plus-gui/controls/SV-258157.rb[39m
[36m  Mapped control file:   /rhel9-v2r7-plus-gui/controls/SV-258157.rb to reference ID SV-274072[39m
[36m     New control name:   SV-274072.rb[39m
[36m[39m
[36mMapping (From --> To):   SV-258158 --> SV-274073[39m
[36m   Processing control:   /rhel9-v2r7-plus-gui/controls/SV-258158.rb[39m
[36m    Processed control:   /rhel9-v2r7-plus-gui/controls/SV-258158.rb[39m
[36m  Mapped control file:   /rhel9-v2r7-plus-gui/controls/SV-258158.rb to reference ID SV-274073[39m
[36m     New control name:   SV-274073.rb[39m
[36m[39m
[36mMapping (From --> To):   SV-258159 --> SV-274074[39m
[36m   Processing control:   /rhel9-v2r7-plus-gui/controls/SV-258159.rb[39m
[36m    Processed control:   /rhel9-v2r7-plus-gui/controls/SV-258159.rb[39m
[36m  Mapped control file:   /rhel9-v2r7-plus-gui/controls/SV-258159.rb to reference ID SV-274074[39m
[36m     New control name:   SV-274074.rb[39m
[36m[39m
[36mMapping (From --> To):   SV-258157 --> SV-274075[39m
[36m   Processing control:   /rhel9-v2r7-plus-gui/controls/SV-258157.rb[39m
[36m    Processed control:   /rhel9-v2r7-plus-gui/controls/SV-258157.rb[39m
[36m  Mapped control file:   /rhel9-v2r7-plus-gui/controls/SV-258157.rb to reference ID SV-274075[39m
[36m     New control name:   SV-274075.rb[39m
[36m[39m
[36mMapping (From --> To):   SV-258149 --> SV-274076[39m
[36m   Processing control:   /rhel9-v2r7-plus-gui/controls/SV-258149.rb[39m
[36m    Processed control:   /rhel9-v2r7-plus-gui/controls/SV-258149.rb[39m
[36m  Mapped control file:   /rhel9-v2r7-plus-gui/controls/SV-258149.rb to reference ID SV-274076[39m
[36m     New control name:   SV-274076.rb[39m
[36m[39m
[36mMapping (From --> To):   SV-258140 --> SV-274077[39m
[36m   Processing control:   /rhel9-v2r7-plus-gui/controls/SV-258140.rb[39m
[36m    Processed control:   /rhel9-v2r7-plus-gui/controls/SV-258140.rb[39m
[36m  Mapped control file:   /rhel9-v2r7-plus-gui/controls/SV-258140.rb to reference ID SV-274077[39m
[36m     New control name:   SV-274077.rb[39m
[36m[39m
[36mMapping (From --> To):   SV-258149 --> SV-274078[39m
[36m   Processing control:   /rhel9-v2r7-plus-gui/controls/SV-258149.rb[39m
[36m    Processed control:   /rhel9-v2r7-plus-gui/controls/SV-258149.rb[39m
[36m  Mapped control file:   /rhel9-v2r7-plus-gui/controls/SV-258149.rb to reference ID SV-274078[39m
[36m     New control name:   SV-274078.rb[39m
[36m[39m
[36mMapping (From --> To):   SV-258149 --> SV-274079[39m
[36m   Processing control:   /rhel9-v2r7-plus-gui/controls/SV-258149.rb[39m
[36m    Processed control:   /rhel9-v2r7-plus-gui/controls/SV-258149.rb[39m
[36m  Mapped control file:   /rhel9-v2r7-plus-gui/controls/SV-258149.rb to reference ID SV-274079[39m
[36m     New control name:   SV-274079.rb[39m
[36m[39m
[36mMapping (From --> To):   SV-258147 --> SV-274080[39m
[36m   Processing control:   /rhel9-v2r7-plus-gui/controls/SV-258147.rb[39m
[36m    Processed control:   /rhel9-v2r7-plus-gui/controls/SV-258147.rb[39m
[36m  Mapped control file:   /rhel9-v2r7-plus-gui/controls/SV-258147.rb to reference ID SV-274080[39m
[36m     New control name:   SV-274080.rb[39m
[36m[39m
[36mMapping (From --> To):   SV-258217 --> SV-274081[39m
[36m   Processing control:   /rhel9-v2r7-plus-gui/controls/SV-258217.rb[39m
[36m    Processed control:   /rhel9-v2r7-plus-gui/controls/SV-258217.rb[39m
[36m  Mapped control file:   /rhel9-v2r7-plus-gui/controls/SV-258217.rb to reference ID SV-274081[39m
[36m     New control name:   SV-274081.rb[39m
[36m[39m
[36mMapping (From --> To):   SV-258218 --> SV-274082[39m
[36m   Processing control:   /rhel9-v2r7-plus-gui/controls/SV-258218.rb[39m
[36m    Processed control:   /rhel9-v2r7-plus-gui/controls/SV-258218.rb[39m
[36m  Mapped control file:   /rhel9-v2r7-plus-gui/controls/SV-258218.rb to reference ID SV-274082[39m
[36m     New control name:   SV-274082.rb[39m
[36m[39m
[36mMapping (From --> To):   SV-258219 --> SV-274083[39m
[36m   Processing control:   /rhel9-v2r7-plus-gui/controls/SV-258219.rb[39m
[36m    Processed control:   /rhel9-v2r7-plus-gui/controls/SV-258219.rb[39m
[36m  Mapped control file:   /rhel9-v2r7-plus-gui/controls/SV-258219.rb to reference ID SV-274083[39m
[36m     New control name:   SV-274083.rb[39m
[36m[39m
[36mMapping (From --> To):   SV-258220 --> SV-274084[39m
[36m   Processing control:   /rhel9-v2r7-plus-gui/controls/SV-258220.rb[39m
[36m    Processed control:   /rhel9-v2r7-plus-gui/controls/SV-258220.rb[39m
[36m  Mapped control file:   /rhel9-v2r7-plus-gui/controls/SV-258220.rb to reference ID SV-274084[39m
[36m     New control name:   SV-274084.rb[39m
[36m[39m
[36mMapping (From --> To):   SV-258221 --> SV-274085[39m
[36m   Processing control:   /rhel9-v2r7-plus-gui/controls/SV-258221.rb[39m
[36m    Processed control:   /rhel9-v2r7-plus-gui/controls/SV-258221.rb[39m
[36m  Mapped control file:   /rhel9-v2r7-plus-gui/controls/SV-258221.rb to reference ID SV-274085[39m
[36m     New control name:   SV-274085.rb[39m
[36m[39m
[36mMapping (From --> To):   SV-258176 --> SV-274086[39m
[36m   Processing control:   /rhel9-v2r7-plus-gui/controls/SV-258176.rb[39m
[36m    Processed control:   /rhel9-v2r7-plus-gui/controls/SV-258176.rb[39m
[36m  Mapped control file:   /rhel9-v2r7-plus-gui/controls/SV-258176.rb to reference ID SV-274086[39m
[36m     New control name:   SV-274086.rb[39m
[36m[39m
[36mMapping (From --> To):   SV-258177 --> SV-274087[39m
[36m   Processing control:   /rhel9-v2r7-plus-gui/controls/SV-258177.rb[39m
[36m    Processed control:   /rhel9-v2r7-plus-gui/controls/SV-258177.rb[39m
[36m  Mapped control file:   /rhel9-v2r7-plus-gui/controls/SV-258177.rb to reference ID SV-274087[39m
[36m     New control name:   SV-274087.rb[39m
[36m[39m
[36mMapping (From --> To):   SV-258178 --> SV-274088[39m
[36m   Processing control:   /rhel9-v2r7-plus-gui/controls/SV-258178.rb[39m
[36m    Processed control:   /rhel9-v2r7-plus-gui/controls/SV-258178.rb[39m
[36m  Mapped control file:   /rhel9-v2r7-plus-gui/controls/SV-258178.rb to reference ID SV-274088[39m
[36m     New control name:   SV-274088.rb[39m
[36m[39m
[36mMapping (From --> To):   SV-258179 --> SV-274089[39m
[36m   Processing control:   /rhel9-v2r7-plus-gui/controls/SV-258179.rb[39m
[36m    Processed control:   /rhel9-v2r7-plus-gui/controls/SV-258179.rb[39m
[36m  Mapped control file:   /rhel9-v2r7-plus-gui/controls/SV-258179.rb to reference ID SV-274089[39m
[36m     New control name:   SV-274089.rb[39m
[36m[39m
[36mMapping (From --> To):   SV-258188 --> SV-274090[39m
[36m   Processing control:   /rhel9-v2r7-plus-gui/controls/SV-258188.rb[39m
[36m    Processed control:   /rhel9-v2r7-plus-gui/controls/SV-258188.rb[39m
[36m  Mapped control file:   /rhel9-v2r7-plus-gui/controls/SV-258188.rb to reference ID SV-274090[39m
[36m     New control name:   SV-274090.rb[39m
[36m[39m
[36mMapping (From --> To):   SV-258190 --> SV-274091[39m
[36m   Processing control:   /rhel9-v2r7-plus-gui/controls/SV-258190.rb[39m
[36m    Processed control:   /rhel9-v2r7-plus-gui/controls/SV-258190.rb[39m
[36m  Mapped control file:   /rhel9-v2r7-plus-gui/controls/SV-258190.rb to reference ID SV-274091[39m
[36m     New control name:   SV-274091.rb[39m
[36m[39m
[36mMapping (From --> To):   SV-258189 --> SV-274092[39m
[36m   Processing control:   /rhel9-v2r7-plus-gui/controls/SV-258189.rb[39m
[36m    Processed control:   /rhel9-v2r7-plus-gui/controls/SV-258189.rb[39m
[36m  Mapped control file:   /rhel9-v2r7-plus-gui/controls/SV-258189.rb to reference ID SV-274092[39m
[36m     New control name:   SV-274092.rb[39m
[36m[39m
[36mMapping (From --> To):   SV-258195 --> SV-274093[39m
[36m   Processing control:   /rhel9-v2r7-plus-gui/controls/SV-258195.rb[39m
[36m    Processed control:   /rhel9-v2r7-plus-gui/controls/SV-258195.rb[39m
[36m  Mapped control file:   /rhel9-v2r7-plus-gui/controls/SV-258195.rb to reference ID SV-274093[39m
[36m     New control name:   SV-274093.rb[39m
[36m[39m
[36mMapping (From --> To):   SV-258187 --> SV-274094[39m
[36m   Processing control:   /rhel9-v2r7-plus-gui/controls/SV-258187.rb[39m
[36m    Processed control:   /rhel9-v2r7-plus-gui/controls/SV-258187.rb[39m
[36m  Mapped control file:   /rhel9-v2r7-plus-gui/controls/SV-258187.rb to reference ID SV-274094[39m
[36m     New control name:   SV-274094.rb[39m
[36m[39m
[36mMapping (From --> To):   SV-258183 --> SV-274095[39m
[36m   Processing control:   /rhel9-v2r7-plus-gui/controls/SV-258183.rb[39m
[36m    Processed control:   /rhel9-v2r7-plus-gui/controls/SV-258183.rb[39m
[36m  Mapped control file:   /rhel9-v2r7-plus-gui/controls/SV-258183.rb to reference ID SV-274095[39m
[36m     New control name:   SV-274095.rb[39m
[36m[39m
[36mMapping (From --> To):   SV-258224 --> SV-274096[39m
[36m   Processing control:   /rhel9-v2r7-plus-gui/controls/SV-258224.rb[39m
[36m    Processed control:   /rhel9-v2r7-plus-gui/controls/SV-258224.rb[39m
[36m  Mapped control file:   /rhel9-v2r7-plus-gui/controls/SV-258224.rb to reference ID SV-274096[39m
[36m     New control name:   SV-274096.rb[39m
[36m[39m
[36mMapping (From --> To):   SV-258225 --> SV-274097[39m
[36m   Processing control:   /rhel9-v2r7-plus-gui/controls/SV-258225.rb[39m
[36m    Processed control:   /rhel9-v2r7-plus-gui/controls/SV-258225.rb[39m
[36m  Mapped control file:   /rhel9-v2r7-plus-gui/controls/SV-258225.rb to reference ID SV-274097[39m
[36m     New control name:   SV-274097.rb[39m
[36m[39m
[36mMapping (From --> To):   SV-258211 --> SV-274098[39m
[36m   Processing control:   /rhel9-v2r7-plus-gui/controls/SV-258211.rb[39m
[36m    Processed control:   /rhel9-v2r7-plus-gui/controls/SV-258211.rb[39m
[36m  Mapped control file:   /rhel9-v2r7-plus-gui/controls/SV-258211.rb to reference ID SV-274098[39m
[36m     New control name:   SV-274098.rb[39m
[36m[39m
[36mMapping (From --> To):   SV-258213 --> SV-274099[39m
[36m   Processing control:   /rhel9-v2r7-plus-gui/controls/SV-258213.rb[39m
[36m    Processed control:   /rhel9-v2r7-plus-gui/controls/SV-258213.rb[39m
[36m  Mapped control file:   /rhel9-v2r7-plus-gui/controls/SV-258213.rb to reference ID SV-274099[39m
[36m     New control name:   SV-274099.rb[39m
[36m[39m
[36mMapping (From --> To):   SV-258214 --> SV-274100[39m
[36m   Processing control:   /rhel9-v2r7-plus-gui/controls/SV-258214.rb[39m
[36m    Processed control:   /rhel9-v2r7-plus-gui/controls/SV-258214.rb[39m
[36m  Mapped control file:   /rhel9-v2r7-plus-gui/controls/SV-258214.rb to reference ID SV-274100[39m
[36m     New control name:   SV-274100.rb[39m
[36m[39m
[36mMapping (From --> To):   SV-257887 --> SV-274101[39m
[36m   Processing control:   /rhel9-v2r7-plus-gui/controls/SV-257887.rb[39m
[36m    Processed control:   /rhel9-v2r7-plus-gui/controls/SV-257887.rb[39m
[36m  Mapped control file:   /rhel9-v2r7-plus-gui/controls/SV-257887.rb to reference ID SV-274101[39m
[36m     New control name:   SV-274101.rb[39m
[36m[39m
[36mMapping (From --> To):   SV-257924 --> SV-274102[39m
[36m   Processing control:   /rhel9-v2r7-plus-gui/controls/SV-257924.rb[39m
[36m    Processed control:   /rhel9-v2r7-plus-gui/controls/SV-257924.rb[39m
[36m  Mapped control file:   /rhel9-v2r7-plus-gui/controls/SV-257924.rb to reference ID SV-274102[39m
[36m     New control name:   SV-274102.rb[39m
[36m[39m
[36mMapping (From --> To):   SV-257925 --> SV-274103[39m
[36m   Processing control:   /rhel9-v2r7-plus-gui/controls/SV-257925.rb[39m
[36m    Processed control:   /rhel9-v2r7-plus-gui/controls/SV-257925.rb[39m
[36m  Mapped control file:   /rhel9-v2r7-plus-gui/controls/SV-257925.rb to reference ID SV-274103[39m
[36m     New control name:   SV-274103.rb[39m
[36m[39m
[36mMapping (From --> To):   SV-258223 --> SV-274104[39m
[36m   Processing control:   /rhel9-v2r7-plus-gui/controls/SV-258223.rb[39m
[36m    Processed control:   /rhel9-v2r7-plus-gui/controls/SV-258223.rb[39m
[36m  Mapped control file:   /rhel9-v2r7-plus-gui/controls/SV-258223.rb to reference ID SV-274104[39m
[36m     New control name:   SV-274104.rb[39m
[36m[39m
[36mMapping (From --> To):   SV-258191 --> SV-274105[39m
[36m   Processing control:   /rhel9-v2r7-plus-gui/controls/SV-258191.rb[39m
[36m    Processed control:   /rhel9-v2r7-plus-gui/controls/SV-258191.rb[39m
[36m  Mapped control file:   /rhel9-v2r7-plus-gui/controls/SV-258191.rb to reference ID SV-274105[39m
[36m     New control name:   SV-274105.rb[39m
[36m[39m
[36mMapping (From --> To):   SV-258148 --> SV-274107[39m
[36m   Processing control:   /rhel9-v2r7-plus-gui/controls/SV-258148.rb[39m
[36m    Processed control:   /rhel9-v2r7-plus-gui/controls/SV-258148.rb[39m
[36m  Mapped control file:   /rhel9-v2r7-plus-gui/controls/SV-258148.rb to reference ID SV-274107[39m
[36m     New control name:   SV-274107.rb[39m
[36m[39m
[36mMapping (From --> To):   SV-258165 --> SV-274108[39m
[36m   Processing control:   /rhel9-v2r7-plus-gui/controls/SV-258165.rb[39m
[36m    Processed control:   /rhel9-v2r7-plus-gui/controls/SV-258165.rb[39m
[36m  Mapped control file:   /rhel9-v2r7-plus-gui/controls/SV-258165.rb to reference ID SV-274108[39m
[36m     New control name:   SV-274108.rb[39m
[36m[39m
[36mMapping (From --> To):   SV-258166 --> SV-274109[39m
[36m   Processing control:   /rhel9-v2r7-plus-gui/controls/SV-258166.rb[39m
[36m    Processed control:   /rhel9-v2r7-plus-gui/controls/SV-258166.rb[39m
[36m  Mapped control file:   /rhel9-v2r7-plus-gui/controls/SV-258166.rb to reference ID SV-274109[39m
[36m     New control name:   SV-274109.rb[39m
[36m[39m
[36mMapping (From --> To):   SV-258167 --> SV-274110[39m
[36m   Processing control:   /rhel9-v2r7-plus-gui/controls/SV-258167.rb[39m
[36m    Processed control:   /rhel9-v2r7-plus-gui/controls/SV-258167.rb[39m
[36m  Mapped control file:   /rhel9-v2r7-plus-gui/controls/SV-258167.rb to reference ID SV-274110[39m
[36m     New control name:   SV-274110.rb[39m
[36m[39m
[36mMapping (From --> To):   SV-258171 --> SV-274111[39m
[36m   Processing control:   /rhel9-v2r7-plus-gui/controls/SV-258171.rb[39m
[36m    Processed control:   /rhel9-v2r7-plus-gui/controls/SV-258171.rb[39m
[36m  Mapped control file:   /rhel9-v2r7-plus-gui/controls/SV-258171.rb to reference ID SV-274111[39m
[36m     New control name:   SV-274111.rb[39m
[36m[39m
[36mMapping (From --> To):   SV-258204 --> SV-274112[39m
[36m   Processing control:   /rhel9-v2r7-plus-gui/controls/SV-258204.rb[39m
[36m    Processed control:   /rhel9-v2r7-plus-gui/controls/SV-258204.rb[39m
[36m  Mapped control file:   /rhel9-v2r7-plus-gui/controls/SV-258204.rb to reference ID SV-274112[39m
[36m     New control name:   SV-274112.rb[39m
[36m[39m
[36mMapping (From --> To):   SV-258222 --> SV-274113[39m
[36m   Processing control:   /rhel9-v2r7-plus-gui/controls/SV-258222.rb[39m
[36m    Processed control:   /rhel9-v2r7-plus-gui/controls/SV-258222.rb[39m
[36m  Mapped control file:   /rhel9-v2r7-plus-gui/controls/SV-258222.rb to reference ID SV-274113[39m
[36m     New control name:   SV-274113.rb[39m
[36m[39m
[36mMapping (From --> To):   SV-258223 --> SV-274114[39m
[36m   Processing control:   /rhel9-v2r7-plus-gui/controls/SV-258223.rb[39m
[36m    Processed control:   /rhel9-v2r7-plus-gui/controls/SV-258223.rb[39m
[36m  Mapped control file:   /rhel9-v2r7-plus-gui/controls/SV-258223.rb to reference ID SV-274114[39m
[36m     New control name:   SV-274114.rb[39m
[36m[39m
[36mMapping (From --> To):   SV-258169 --> SV-274115[39m
[36m   Processing control:   /rhel9-v2r7-plus-gui/controls/SV-258169.rb[39m
[36m    Processed control:   /rhel9-v2r7-plus-gui/controls/SV-258169.rb[39m
[36m  Mapped control file:   /rhel9-v2r7-plus-gui/controls/SV-258169.rb to reference ID SV-274115[39m
[36m     New control name:   SV-274115.rb[39m
[36m[39m
[36mMapping (From --> To):   SV-257915 --> SV-274116[39m
[36m   Processing control:   /rhel9-v2r7-plus-gui/controls/SV-257915.rb[39m
[36m    Processed control:   /rhel9-v2r7-plus-gui/controls/SV-257915.rb[39m
[36m  Mapped control file:   /rhel9-v2r7-plus-gui/controls/SV-257915.rb to reference ID SV-274116[39m
[36m     New control name:   SV-274116.rb[39m
[36m[39m
[36mMapping (From --> To):   SV-257914 --> SV-274117[39m
[36m   Processing control:   /rhel9-v2r7-plus-gui/controls/SV-257914.rb[39m
[36m    Processed control:   /rhel9-v2r7-plus-gui/controls/SV-257914.rb[39m
[36m  Mapped control file:   /rhel9-v2r7-plus-gui/controls/SV-257914.rb to reference ID SV-274117[39m
[36m     New control name:   SV-274117.rb[39m
[36m[39m
[36mMapping (From --> To):   SV-257923 --> SV-274119[39m
[36m   Processing control:   /rhel9-v2r7-plus-gui/controls/SV-257923.rb[39m
[36m    Processed control:   /rhel9-v2r7-plus-gui/controls/SV-257923.rb[39m
[36m  Mapped control file:   /rhel9-v2r7-plus-gui/controls/SV-257923.rb to reference ID SV-274119[39m
[36m     New control name:   SV-274119.rb[39m
[36m[39m
[36mMapping (From --> To):   SV-257883 --> SV-274120[39m
[36m   Processing control:   /rhel9-v2r7-plus-gui/controls/SV-257883.rb[39m
[36m    Processed control:   /rhel9-v2r7-plus-gui/controls/SV-257883.rb[39m
[36m  Mapped control file:   /rhel9-v2r7-plus-gui/controls/SV-257883.rb to reference ID SV-274120[39m
[36m     New control name:   SV-274120.rb[39m
[36m[39m
[36mMapping (From --> To):   SV-257884 --> SV-274121[39m
[36m   Processing control:   /rhel9-v2r7-plus-gui/controls/SV-257884.rb[39m
[36m    Processed control:   /rhel9-v2r7-plus-gui/controls/SV-257884.rb[39m
[36m  Mapped control file:   /rhel9-v2r7-plus-gui/controls/SV-257884.rb to reference ID SV-274121[39m
[36m     New control name:   SV-274121.rb[39m
[36m[39m
[36mMapping (From --> To):   SV-257920 --> SV-274122[39m
[36m   Processing control:   /rhel9-v2r7-plus-gui/controls/SV-257920.rb[39m
[36m    Processed control:   /rhel9-v2r7-plus-gui/controls/SV-257920.rb[39m
[36m  Mapped control file:   /rhel9-v2r7-plus-gui/controls/SV-257920.rb to reference ID SV-274122[39m
[36m     New control name:   SV-274122.rb[39m
[36m[39m
[36mMapping (From --> To):   SV-257921 --> SV-274123[39m
[36m   Processing control:   /rhel9-v2r7-plus-gui/controls/SV-257921.rb[39m
[36m    Processed control:   /rhel9-v2r7-plus-gui/controls/SV-257921.rb[39m
[36m  Mapped control file:   /rhel9-v2r7-plus-gui/controls/SV-257921.rb to reference ID SV-274123[39m
[36m     New control name:   SV-274123.rb[39m
[36m[39m
[36mMapping (From --> To):   SV-257922 --> SV-274124[39m
[36m   Processing control:   /rhel9-v2r7-plus-gui/controls/SV-257922.rb[39m
[36m    Processed control:   /rhel9-v2r7-plus-gui/controls/SV-257922.rb[39m
[36m  Mapped control file:   /rhel9-v2r7-plus-gui/controls/SV-257922.rb to reference ID SV-274124[39m
[36m     New control name:   SV-274124.rb[39m
[36m[39m
[36mMapping (From --> To):   SV-257885 --> SV-274125[39m
[36m   Processing control:   /rhel9-v2r7-plus-gui/controls/SV-257885.rb[39m
[36m    Processed control:   /rhel9-v2r7-plus-gui/controls/SV-257885.rb[39m
[36m  Mapped control file:   /rhel9-v2r7-plus-gui/controls/SV-257885.rb to reference ID SV-274125[39m
[36m     New control name:   SV-274125.rb[39m
[36m[39m
[36mMapping (From --> To):   SV-257916 --> SV-274126[39m
[36m   Processing control:   /rhel9-v2r7-plus-gui/controls/SV-257916.rb[39m
[36m    Processed control:   /rhel9-v2r7-plus-gui/controls/SV-257916.rb[39m
[36m  Mapped control file:   /rhel9-v2r7-plus-gui/controls/SV-257916.rb to reference ID SV-274126[39m
[36m     New control name:   SV-274126.rb[39m
[36m[39m
[36mMapping (From --> To):   SV-257917 --> SV-274127[39m
[36m   Processing control:   /rhel9-v2r7-plus-gui/controls/SV-257917.rb[39m
[36m    Processed control:   /rhel9-v2r7-plus-gui/controls/SV-257917.rb[39m
[36m  Mapped control file:   /rhel9-v2r7-plus-gui/controls/SV-257917.rb to reference ID SV-274127[39m
[36m     New control name:   SV-274127.rb[39m
[36m[39m
[36mMapping (From --> To):   SV-257886 --> SV-274128[39m
[36m   Processing control:   /rhel9-v2r7-plus-gui/controls/SV-257886.rb[39m
[36m    Processed control:   /rhel9-v2r7-plus-gui/controls/SV-257886.rb[39m
[36m  Mapped control file:   /rhel9-v2r7-plus-gui/controls/SV-257886.rb to reference ID SV-274128[39m
[36m     New control name:   SV-274128.rb[39m
[36m[39m
[36mMapping (From --> To):   SV-257917 --> SV-274129[39m
[36m   Processing control:   /rhel9-v2r7-plus-gui/controls/SV-257917.rb[39m
[36m    Processed control:   /rhel9-v2r7-plus-gui/controls/SV-257917.rb[39m
[36m  Mapped control file:   /rhel9-v2r7-plus-gui/controls/SV-257917.rb to reference ID SV-274129[39m
[36m     New control name:   SV-274129.rb[39m
[36m[39m
[36mMapping (From --> To):   SV-257916 --> SV-274130[39m
[36m   Processing control:   /rhel9-v2r7-plus-gui/controls/SV-257916.rb[39m
[36m    Processed control:   /rhel9-v2r7-plus-gui/controls/SV-257916.rb[39m
[36m  Mapped control file:   /rhel9-v2r7-plus-gui/controls/SV-257916.rb to reference ID SV-274130[39m
[36m     New control name:   SV-274130.rb[39m
[36m[39m
[36mMapping (From --> To):   SV-257918 --> SV-274131[39m
[36m   Processing control:   /rhel9-v2r7-plus-gui/controls/SV-257918.rb[39m
[36m    Processed control:   /rhel9-v2r7-plus-gui/controls/SV-257918.rb[39m
[36m  Mapped control file:   /rhel9-v2r7-plus-gui/controls/SV-257918.rb to reference ID SV-274131[39m
[36m     New control name:   SV-274131.rb[39m
[36m[39m
[36mMapping (From --> To):   SV-257919 --> SV-274132[39m
[36m   Processing control:   /rhel9-v2r7-plus-gui/controls/SV-257919.rb[39m
[36m    Processed control:   /rhel9-v2r7-plus-gui/controls/SV-257919.rb[39m
[36m  Mapped control file:   /rhel9-v2r7-plus-gui/controls/SV-257919.rb to reference ID SV-274132[39m
[36m     New control name:   SV-274132.rb[39m
[36m[39m
[36mMapping (From --> To):   SV-258111 --> SV-274133[39m
[36m   Processing control:   /rhel9-v2r7-plus-gui/controls/SV-258111.rb[39m
[36m    Processed control:   /rhel9-v2r7-plus-gui/controls/SV-258111.rb[39m
[36m  Mapped control file:   /rhel9-v2r7-plus-gui/controls/SV-258111.rb to reference ID SV-274133[39m
[36m     New control name:   SV-274133.rb[39m
[36m[39m
[36mMapping (From --> To):   SV-258102 --> SV-274134[39m
[36m   Processing control:   /rhel9-v2r7-plus-gui/controls/SV-258102.rb[39m
[36m    Processed control:   /rhel9-v2r7-plus-gui/controls/SV-258102.rb[39m
[36m  Mapped control file:   /rhel9-v2r7-plus-gui/controls/SV-258102.rb to reference ID SV-274134[39m
[36m     New control name:   SV-274134.rb[39m
[36m[39m
[36mMapping (From --> To):   SV-258103 --> SV-274135[39m
[36m   Processing control:   /rhel9-v2r7-plus-gui/controls/SV-258103.rb[39m
[36m    Processed control:   /rhel9-v2r7-plus-gui/controls/SV-258103.rb[39m
[36m  Mapped control file:   /rhel9-v2r7-plus-gui/controls/SV-258103.rb to reference ID SV-274135[39m
[36m     New control name:   SV-274135.rb[39m
[36m[39m
[36mMapping (From --> To):   SV-258112 --> SV-274136[39m
[36m   Processing control:   /rhel9-v2r7-plus-gui/controls/SV-258112.rb[39m
[36m    Processed control:   /rhel9-v2r7-plus-gui/controls/SV-258112.rb[39m
[36m  Mapped control file:   /rhel9-v2r7-plus-gui/controls/SV-258112.rb to reference ID SV-274136[39m
[36m     New control name:   SV-274136.rb[39m
[36m[39m
[36mMapping (From --> To):   SV-258107 --> SV-274137[39m
[36m   Processing control:   /rhel9-v2r7-plus-gui/controls/SV-258107.rb[39m
[36m    Processed control:   /rhel9-v2r7-plus-gui/controls/SV-258107.rb[39m
[36m  Mapped control file:   /rhel9-v2r7-plus-gui/controls/SV-258107.rb to reference ID SV-274137[39m
[36m     New control name:   SV-274137.rb[39m
[36m[39m
[36mMapping (From --> To):   SV-258109 --> SV-274138[39m
[36m   Processing control:   /rhel9-v2r7-plus-gui/controls/SV-258109.rb[39m
[36m    Processed control:   /rhel9-v2r7-plus-gui/controls/SV-258109.rb[39m
[36m  Mapped control file:   /rhel9-v2r7-plus-gui/controls/SV-258109.rb to reference ID SV-274138[39m
[36m     New control name:   SV-274138.rb[39m
[36m[39m
[36mMapping (From --> To):   SV-258101 --> SV-274139[39m
[36m   Processing control:   /rhel9-v2r7-plus-gui/controls/SV-258101.rb[39m
[36m    Processed control:   /rhel9-v2r7-plus-gui/controls/SV-258101.rb[39m
[36m  Mapped control file:   /rhel9-v2r7-plus-gui/controls/SV-258101.rb to reference ID SV-274139[39m
[36m     New control name:   SV-274139.rb[39m
[36m[39m
[36mMapping (From --> To):   SV-258110 --> SV-274140[39m
[36m   Processing control:   /rhel9-v2r7-plus-gui/controls/SV-258110.rb[39m
[36m    Processed control:   /rhel9-v2r7-plus-gui/controls/SV-258110.rb[39m
[36m  Mapped control file:   /rhel9-v2r7-plus-gui/controls/SV-258110.rb to reference ID SV-274140[39m
[36m     New control name:   SV-274140.rb[39m
[36m[39m
[36mMapping (From --> To):   SV-258069 --> SV-274141[39m
[36m   Processing control:   /rhel9-v2r7-plus-gui/controls/SV-258069.rb[39m
[36m    Processed control:   /rhel9-v2r7-plus-gui/controls/SV-258069.rb[39m
[36m  Mapped control file:   /rhel9-v2r7-plus-gui/controls/SV-258069.rb to reference ID SV-274141[39m
[36m     New control name:   SV-274141.rb[39m
[36m[39m
[36mMapping (From --> To):   SV-258068 --> SV-274142[39m
[36m   Processing control:   /rhel9-v2r7-plus-gui/controls/SV-258068.rb[39m
[36m    Processed control:   /rhel9-v2r7-plus-gui/controls/SV-258068.rb[39m
[36m  Mapped control file:   /rhel9-v2r7-plus-gui/controls/SV-258068.rb to reference ID SV-274142[39m
[36m     New control name:   SV-274142.rb[39m
[36m[39m
[36mMapping (From --> To):   SV-258105 --> SV-274143[39m
[36m   Processing control:   /rhel9-v2r7-plus-gui/controls/SV-258105.rb[39m
[36m    Processed control:   /rhel9-v2r7-plus-gui/controls/SV-258105.rb[39m
[36m  Mapped control file:   /rhel9-v2r7-plus-gui/controls/SV-258105.rb to reference ID SV-274143[39m
[36m     New control name:   SV-274143.rb[39m
[36m[39m
[36mMapping (From --> To):   SV-258071 --> SV-274144[39m
[36m   Processing control:   /rhel9-v2r7-plus-gui/controls/SV-258071.rb[39m
[36m    Processed control:   /rhel9-v2r7-plus-gui/controls/SV-258071.rb[39m
[36m  Mapped control file:   /rhel9-v2r7-plus-gui/controls/SV-258071.rb to reference ID SV-274144[39m
[36m     New control name:   SV-274144.rb[39m
[36m[39m
[36mMapping (From --> To):   SV-258074 --> SV-274145[39m
[36m   Processing control:   /rhel9-v2r7-plus-gui/controls/SV-258074.rb[39m
[36m    Processed control:   /rhel9-v2r7-plus-gui/controls/SV-258074.rb[39m
[36m  Mapped control file:   /rhel9-v2r7-plus-gui/controls/SV-258074.rb to reference ID SV-274145[39m
[36m     New control name:   SV-274145.rb[39m
[36m[39m
[36mMapping (From --> To):   SV-258047 --> SV-274146[39m
[36m   Processing control:   /rhel9-v2r7-plus-gui/controls/SV-258047.rb[39m
[36m    Processed control:   /rhel9-v2r7-plus-gui/controls/SV-258047.rb[39m
[36m  Mapped control file:   /rhel9-v2r7-plus-gui/controls/SV-258047.rb to reference ID SV-274146[39m
[36m     New control name:   SV-274146.rb[39m
[36m[39m
[36mMapping (From --> To):   SV-258070 --> SV-274147[39m
[36m   Processing control:   /rhel9-v2r7-plus-gui/controls/SV-258070.rb[39m
[36m    Processed control:   /rhel9-v2r7-plus-gui/controls/SV-258070.rb[39m
[36m  Mapped control file:   /rhel9-v2r7-plus-gui/controls/SV-258070.rb to reference ID SV-274147[39m
[36m     New control name:   SV-274147.rb[39m
[36m[39m
[36mMapping (From --> To):   SV-258042 --> SV-274148[39m
[36m   Processing control:   /rhel9-v2r7-plus-gui/controls/SV-258042.rb[39m
[36m    Processed control:   /rhel9-v2r7-plus-gui/controls/SV-258042.rb[39m
[36m  Mapped control file:   /rhel9-v2r7-plus-gui/controls/SV-258042.rb to reference ID SV-274148[39m
[36m     New control name:   SV-274148.rb[39m
[36m[39m
[36mMapping (From --> To):   SV-258049 --> SV-274149[39m
[36m   Processing control:   /rhel9-v2r7-plus-gui/controls/SV-258049.rb[39m
[36m    Processed control:   /rhel9-v2r7-plus-gui/controls/SV-258049.rb[39m
[36m  Mapped control file:   /rhel9-v2r7-plus-gui/controls/SV-258049.rb to reference ID SV-274149[39m
[36m     New control name:   SV-274149.rb[39m
[36m[39m
[36mMapping (From --> To):   SV-258047 --> SV-274150[39m
[36m   Processing control:   /rhel9-v2r7-plus-gui/controls/SV-258047.rb[39m
[36m    Processed control:   /rhel9-v2r7-plus-gui/controls/SV-258047.rb[39m
[36m  Mapped control file:   /rhel9-v2r7-plus-gui/controls/SV-258047.rb to reference ID SV-274150[39m
[36m     New control name:   SV-274150.rb[39m
[36m[39m
[36mMapping (From --> To):   SV-257802 --> SV-274151[39m
[36m   Processing control:   /rhel9-v2r7-plus-gui/controls/SV-257802.rb[39m
[36m    Processed control:   /rhel9-v2r7-plus-gui/controls/SV-257802.rb[39m
[36m  Mapped control file:   /rhel9-v2r7-plus-gui/controls/SV-257802.rb to reference ID SV-274151[39m
[36m     New control name:   SV-274151.rb[39m
[36m[39m
[36mMapping (From --> To):   SV-258079 --> SV-274152[39m
[36m   Processing control:   /rhel9-v2r7-plus-gui/controls/SV-258079.rb[39m
[36m    Processed control:   /rhel9-v2r7-plus-gui/controls/SV-258079.rb[39m
[36m  Mapped control file:   /rhel9-v2r7-plus-gui/controls/SV-258079.rb to reference ID SV-274152[39m
[36m     New control name:   SV-274152.rb[39m
[36m[39m
[36mMapping (From --> To):   SV-258078 --> SV-274153[39m
[36m   Processing control:   /rhel9-v2r7-plus-gui/controls/SV-258078.rb[39m
[36m    Processed control:   /rhel9-v2r7-plus-gui/controls/SV-258078.rb[39m
[36m  Mapped control file:   /rhel9-v2r7-plus-gui/controls/SV-258078.rb to reference ID SV-274153[39m
[36m     New control name:   SV-274153.rb[39m
[36m[39m
[36mMapping (From --> To):   SV-258054 --> SV-274154[39m
[36m   Processing control:   /rhel9-v2r7-plus-gui/controls/SV-258054.rb[39m
[36m    Processed control:   /rhel9-v2r7-plus-gui/controls/SV-258054.rb[39m
[36m  Mapped control file:   /rhel9-v2r7-plus-gui/controls/SV-258054.rb to reference ID SV-274154[39m
[36m     New control name:   SV-274154.rb[39m
[36m[39m
[36mMapping (From --> To):   SV-258055 --> SV-274155[39m
[36m   Processing control:   /rhel9-v2r7-plus-gui/controls/SV-258055.rb[39m
[36m    Processed control:   /rhel9-v2r7-plus-gui/controls/SV-258055.rb[39m
[36m  Mapped control file:   /rhel9-v2r7-plus-gui/controls/SV-258055.rb to reference ID SV-274155[39m
[36m     New control name:   SV-274155.rb[39m
[36m[39m
[36mMapping (From --> To):   SV-258057 --> SV-274156[39m
[36m   Processing control:   /rhel9-v2r7-plus-gui/controls/SV-258057.rb[39m
[36m    Processed control:   /rhel9-v2r7-plus-gui/controls/SV-258057.rb[39m
[36m  Mapped control file:   /rhel9-v2r7-plus-gui/controls/SV-258057.rb to reference ID SV-274156[39m
[36m     New control name:   SV-274156.rb[39m
[36m[39m
[36mMapping (From --> To):   SV-258056 --> SV-274157[39m
[36m   Processing control:   /rhel9-v2r7-plus-gui/controls/SV-258056.rb[39m
[36m    Processed control:   /rhel9-v2r7-plus-gui/controls/SV-258056.rb[39m
[36m  Mapped control file:   /rhel9-v2r7-plus-gui/controls/SV-258056.rb to reference ID SV-274157[39m
[36m     New control name:   SV-274157.rb[39m
[36m[39m
[36mMapping (From --> To):   SV-257947 --> SV-274158[39m
[36m   Processing control:   /rhel9-v2r7-plus-gui/controls/SV-257947.rb[39m
[36m    Processed control:   /rhel9-v2r7-plus-gui/controls/SV-257947.rb[39m
[36m  Mapped control file:   /rhel9-v2r7-plus-gui/controls/SV-257947.rb to reference ID SV-274158[39m
[36m     New control name:   SV-274158.rb[39m
[36m[39m
[36mMapping (From --> To):   SV-258045 --> SV-274159[39m
[36m   Processing control:   /rhel9-v2r7-plus-gui/controls/SV-258045.rb[39m
[36m    Processed control:   /rhel9-v2r7-plus-gui/controls/SV-258045.rb[39m
[36m  Mapped control file:   /rhel9-v2r7-plus-gui/controls/SV-258045.rb to reference ID SV-274159[39m
[36m     New control name:   SV-274159.rb[39m
[36m[39m
[36mMapping (From --> To):   SV-258048 --> SV-274160[39m
[36m   Processing control:   /rhel9-v2r7-plus-gui/controls/SV-258048.rb[39m
[36m    Processed control:   /rhel9-v2r7-plus-gui/controls/SV-258048.rb[39m
[36m  Mapped control file:   /rhel9-v2r7-plus-gui/controls/SV-258048.rb to reference ID SV-274160[39m
[36m     New control name:   SV-274160.rb[39m
[36m[39m
[36mMapping (From --> To):   SV-258097 --> SV-274161[39m
[36m   Processing control:   /rhel9-v2r7-plus-gui/controls/SV-258097.rb[39m
[36m    Processed control:   /rhel9-v2r7-plus-gui/controls/SV-258097.rb[39m
[36m  Mapped control file:   /rhel9-v2r7-plus-gui/controls/SV-258097.rb to reference ID SV-274161[39m
[36m     New control name:   SV-274161.rb[39m
[36m[39m
[36mMapping (From --> To):   SV-258099 --> SV-274162[39m
[36m   Processing control:   /rhel9-v2r7-plus-gui/controls/SV-258099.rb[39m
[36m    Processed control:   /rhel9-v2r7-plus-gui/controls/SV-258099.rb[39m
[36m  Mapped control file:   /rhel9-v2r7-plus-gui/controls/SV-258099.rb to reference ID SV-274162[39m
[36m     New control name:   SV-274162.rb[39m
[36m[39m
[36mMapping (From --> To):   SV-258100 --> SV-274163[39m
[36m   Processing control:   /rhel9-v2r7-plus-gui/controls/SV-258100.rb[39m
[36m    Processed control:   /rhel9-v2r7-plus-gui/controls/SV-258100.rb[39m
[36m  Mapped control file:   /rhel9-v2r7-plus-gui/controls/SV-258100.rb to reference ID SV-274163[39m
[36m     New control name:   SV-274163.rb[39m
[36m[39m
[36mMapping (From --> To):   SV-257929 --> SV-274164[39m
[36m   Processing control:   /rhel9-v2r7-plus-gui/controls/SV-257929.rb[39m
[36m    Processed control:   /rhel9-v2r7-plus-gui/controls/SV-257929.rb[39m
[36m  Mapped control file:   /rhel9-v2r7-plus-gui/controls/SV-257929.rb to reference ID SV-274164[39m
[36m     New control name:   SV-274164.rb[39m
[36m[39m
[36mMapping (From --> To):   SV-257929 --> SV-274165[39m
[36m   Processing control:   /rhel9-v2r7-plus-gui/controls/SV-257929.rb[39m
[36m    Processed control:   /rhel9-v2r7-plus-gui/controls/SV-257929.rb[39m
[36m  Mapped control file:   /rhel9-v2r7-plus-gui/controls/SV-257929.rb to reference ID SV-274165[39m
[36m     New control name:   SV-274165.rb[39m
[36m[39m
[36mMapping (From --> To):   SV-258077 --> SV-274166[39m
[36m   Processing control:   /rhel9-v2r7-plus-gui/controls/SV-258077.rb[39m
[36m    Processed control:   /rhel9-v2r7-plus-gui/controls/SV-258077.rb[39m
[36m  Mapped control file:   /rhel9-v2r7-plus-gui/controls/SV-258077.rb to reference ID SV-274166[39m
[36m     New control name:   SV-274166.rb[39m
[36m[39m
[36mMapping (From --> To):   SV-258181 --> SV-274167[39m
[36m   Processing control:   /rhel9-v2r7-plus-gui/controls/SV-258181.rb[39m
[36m    Processed control:   /rhel9-v2r7-plus-gui/controls/SV-258181.rb[39m
[36m  Mapped control file:   /rhel9-v2r7-plus-gui/controls/SV-258181.rb to reference ID SV-274167[39m
[36m     New control name:   SV-274167.rb[39m
[36m[39m
[36mMapping (From --> To):   SV-258173 --> SV-274168[39m
[36m   Processing control:   /rhel9-v2r7-plus-gui/controls/SV-258173.rb[39m
[36m    Processed control:   /rhel9-v2r7-plus-gui/controls/SV-258173.rb[39m
[36m  Mapped control file:   /rhel9-v2r7-plus-gui/controls/SV-258173.rb to reference ID SV-274168[39m
[36m     New control name:   SV-274168.rb[39m
[36m[39m
[36mMapping (From --> To):   SV-257801 --> SV-274169[39m
[36m   Processing control:   /rhel9-v2r7-plus-gui/controls/SV-257801.rb[39m
[36m    Processed control:   /rhel9-v2r7-plus-gui/controls/SV-257801.rb[39m
[36m  Mapped control file:   /rhel9-v2r7-plus-gui/controls/SV-257801.rb to reference ID SV-274169[39m
[36m     New control name:   SV-274169.rb[39m
[36m[39m
[36mMapping (From --> To):   SV-257802 --> SV-274170[39m
[36m   Processing control:   /rhel9-v2r7-plus-gui/controls/SV-257802.rb[39m
[36m    Processed control:   /rhel9-v2r7-plus-gui/controls/SV-257802.rb[39m
[36m  Mapped control file:   /rhel9-v2r7-plus-gui/controls/SV-257802.rb to reference ID SV-274170[39m
[36m     New control name:   SV-274170.rb[39m
[36m[39m
[36mMapping (From --> To):   SV-257786 --> SV-274173[39m
[36m   Processing control:   /rhel9-v2r7-plus-gui/controls/SV-257786.rb[39m
[36m    Processed control:   /rhel9-v2r7-plus-gui/controls/SV-257786.rb[39m
[36m  Mapped control file:   /rhel9-v2r7-plus-gui/controls/SV-257786.rb to reference ID SV-274173[39m
[36m     New control name:   SV-274173.rb[39m
[36m[39m
[36mMapping (From --> To):   SV-257945 --> SV-274175[39m
[36m   Processing control:   /rhel9-v2r7-plus-gui/controls/SV-257945.rb[39m
[36m    Processed control:   /rhel9-v2r7-plus-gui/controls/SV-257945.rb[39m
[36m  Mapped control file:   /rhel9-v2r7-plus-gui/controls/SV-257945.rb to reference ID SV-274175[39m
[36m     New control name:   SV-274175.rb[39m
[36m[39m
[36mMapping (From --> To):   SV-257825 --> SV-274177[39m
[36m   Processing control:   /rhel9-v2r7-plus-gui/controls/SV-257825.rb[39m
[36m    Processed control:   /rhel9-v2r7-plus-gui/controls/SV-257825.rb[39m
[36m  Mapped control file:   /rhel9-v2r7-plus-gui/controls/SV-257825.rb to reference ID SV-274177[39m
[36m     New control name:   SV-274177.rb[39m
[36m[39m
[36mMapping (From --> To):   SV-257850 --> SV-274178[39m
[36m   Processing control:   /rhel9-v2r7-plus-gui/controls/SV-257850.rb[39m
[36m    Processed control:   /rhel9-v2r7-plus-gui/controls/SV-257850.rb[39m
[36m  Mapped control file:   /rhel9-v2r7-plus-gui/controls/SV-257850.rb to reference ID SV-274178[39m
[36m     New control name:   SV-274178.rb[39m
[36m[39m
[36mMapping (From --> To):   SV-257863 --> SV-274179[39m
[36m   Processing control:   /rhel9-v2r7-plus-gui/controls/SV-257863.rb[39m
[36m    Processed control:   /rhel9-v2r7-plus-gui/controls/SV-257863.rb[39m
[36m  Mapped control file:   /rhel9-v2r7-plus-gui/controls/SV-257863.rb to reference ID SV-274179[39m
[36m     New control name:   SV-274179.rb[39m
[36m[39m
[36mMapping (From --> To):   SV-257865 --> SV-274180[39m
[36m   Processing control:   /rhel9-v2r7-plus-gui/controls/SV-257865.rb[39m
[36m    Processed control:   /rhel9-v2r7-plus-gui/controls/SV-257865.rb[39m
[36m  Mapped control file:   /rhel9-v2r7-plus-gui/controls/SV-257865.rb to reference ID SV-274180[39m
[36m     New control name:   SV-274180.rb[39m
[36m[39m
[36mMapping (From --> To):   SV-258125 --> SV-274181[39m
[36m   Processing control:   /rhel9-v2r7-plus-gui/controls/SV-258125.rb[39m
[36m    Processed control:   /rhel9-v2r7-plus-gui/controls/SV-258125.rb[39m
[36m  Mapped control file:   /rhel9-v2r7-plus-gui/controls/SV-258125.rb to reference ID SV-274181[39m
[36m     New control name:   SV-274181.rb[39m
[36m[39m
[36mMapping (From --> To):   SV-258038 --> SV-274182[39m
[36m   Processing control:   /rhel9-v2r7-plus-gui/controls/SV-258038.rb[39m
[36m    Processed control:   /rhel9-v2r7-plus-gui/controls/SV-258038.rb[39m
[36m  Mapped control file:   /rhel9-v2r7-plus-gui/controls/SV-258038.rb to reference ID SV-274182[39m
[36m     New control name:   SV-274182.rb[39m
[36m[39m
[36mMapping (From --> To):   SV-257939 --> SV-274183[39m
[36m   Processing control:   /rhel9-v2r7-plus-gui/controls/SV-257939.rb[39m
[36m    Processed control:   /rhel9-v2r7-plus-gui/controls/SV-257939.rb[39m
[36m  Mapped control file:   /rhel9-v2r7-plus-gui/controls/SV-257939.rb to reference ID SV-274183[39m
[36m     New control name:   SV-274183.rb[39m
[36m[39m
[36mMapping (From --> To):   SV-257817 --> SV-274184[39m
[36m   Processing control:   /rhel9-v2r7-plus-gui/controls/SV-257817.rb[39m
[36m    Processed control:   /rhel9-v2r7-plus-gui/controls/SV-257817.rb[39m
[36m  Mapped control file:   /rhel9-v2r7-plus-gui/controls/SV-257817.rb to reference ID SV-274184[39m
[36m     New control name:   SV-274184.rb[39m
[36m[39m
[36mMapping (From --> To):   SV-257824 --> SV-274185[39m
[36m   Processing control:   /rhel9-v2r7-plus-gui/controls/SV-257824.rb[39m
[36m    Processed control:   /rhel9-v2r7-plus-gui/controls/SV-257824.rb[39m
[36m  Mapped control file:   /rhel9-v2r7-plus-gui/controls/SV-257824.rb to reference ID SV-274185[39m
[36m     New control name:   SV-274185.rb[39m
[36m[39m
[36mMapping (From --> To):   SV-258095 --> SV-274186[39m
[36m   Processing control:   /rhel9-v2r7-plus-gui/controls/SV-258095.rb[39m
[36m    Processed control:   /rhel9-v2r7-plus-gui/controls/SV-258095.rb[39m
[36m  Mapped control file:   /rhel9-v2r7-plus-gui/controls/SV-258095.rb to reference ID SV-274186[39m
[36m     New control name:   SV-274186.rb[39m
[36m[39m
[36mMapping (From --> To):   SV-258228 --> SV-274187[39m
[36m   Processing control:   /rhel9-v2r7-plus-gui/controls/SV-258228.rb[39m
[36m    Processed control:   /rhel9-v2r7-plus-gui/controls/SV-258228.rb[39m
[36m  Mapped control file:   /rhel9-v2r7-plus-gui/controls/SV-258228.rb to reference ID SV-274187[39m
[36m     New control name:   SV-274187.rb[39m
[36m[39m
[36mMapping (From --> To):   SV-258242 --> SV-283440[39m
[36m   Processing control:   /rhel9-v2r7-plus-gui/controls/SV-258242.rb[39m
[36m    Processed control:   /rhel9-v2r7-plus-gui/controls/SV-258242.rb[39m
[36m  Mapped control file:   /rhel9-v2r7-plus-gui/controls/SV-258242.rb to reference ID SV-283440[39m
[36m     New control name:   SV-283440.rb[39m
[36m[39m
[36mMapping (From --> To):   SV-258232 --> SV-283441[39m
[36m   Processing control:   /rhel9-v2r7-plus-gui/controls/SV-258232.rb[39m
[36m    Processed control:   /rhel9-v2r7-plus-gui/controls/SV-258232.rb[39m
[36m  Mapped control file:   /rhel9-v2r7-plus-gui/controls/SV-258232.rb to reference ID SV-283441[39m
[36m     New control name:   SV-283441.rb[39m
[36m[39m
[36mMapping (From --> To):   SV-270177 --> SV-283442[39m
[36m   Processing control:   /rhel9-v2r7-plus-gui/controls/SV-270177.rb[39m
[36m    Processed control:   /rhel9-v2r7-plus-gui/controls/SV-270177.rb[39m
[36m  Mapped control file:   /rhel9-v2r7-plus-gui/controls/SV-270177.rb to reference ID SV-283442[39m
[36m     New control name:   SV-283442.rb[39m
[36m[39m
[36mMapping (From --> To):   SV-270178 --> SV-283443[39m
[36m   Processing control:   /rhel9-v2r7-plus-gui/controls/SV-270178.rb[39m
[36m    Processed control:   /rhel9-v2r7-plus-gui/controls/SV-270178.rb[39m
[36m  Mapped control file:   /rhel9-v2r7-plus-gui/controls/SV-270178.rb to reference ID SV-283443[39m
[36m     New control name:   SV-283443.rb[39m
[36m[39m
[36mMapping (From --> To):   SV-258241 --> SV-283452[39m
[36m   Processing control:   /rhel9-v2r7-plus-gui/controls/SV-258241.rb[39m
[36m    Processed control:   /rhel9-v2r7-plus-gui/controls/SV-258241.rb[39m
[36m  Mapped control file:   /rhel9-v2r7-plus-gui/controls/SV-258241.rb to reference ID SV-283452[39m
[36m     New control name:   SV-283452.rb[39m
[36m[39m
[36m  Generating the profile json using the new mapped controls on: '/Users/alippold/github/mitre/rhel9-v2r7-plus-gui/mapped_controls/controls'[39m
[36mChecking if provided output directory exists (create it if does not, clear if exists)...[39m
[36mChecking if an output markdown report was requested...[39m
[36mExecuting the Delta process...[39m
[36m  Processing XCCDF Benchmark file: U_Amazon_Linux_2023_STIG_V1R3_Manual-xccdf.xml using rule id.[39m
[36m  Computed the delta between the existing profile and updated benchmark.[39m
[36mWriting new control without code block for: SV-274013.[39m
[36mWriting new control without code block for: SV-274030.[39m
[36mWriting new control without code block for: SV-274032.[39m
[36mWriting new control without code block for: SV-274051.[39m
[36mWriting new control without code block for: SV-274061.[39m
[36mWriting new control without code block for: SV-274072.[39m
[36mWriting new control without code block for: SV-274076.[39m
[36mWriting new control without code block for: SV-274078.[39m
[36mWriting new control without code block for: SV-274104.[39m
[36mWriting new control without code block for: SV-274126.[39m
[36mWriting new control without code block for: SV-274127.[39m
[36mWriting new control without code block for: SV-274146.[39m
[36mWriting new control without code block for: SV-274151.[39m
[36mWriting new control without code block for: SV-274164.[39m
[36mWriting updated control with code block for: SV-273994.[39m
[36mWriting updated control with code block for: SV-273995.[39m
[36mWriting updated control with code block for: SV-273996.[39m
[36mWriting updated control with code block for: SV-273997.[39m
[36mWriting updated control with code block for: SV-273998.[39m
[36mWriting updated control with code block for: SV-273999.[39m
[36mWriting updated control with code block for: SV-274000.[39m
[36mWriting updated control with code block for: SV-274001.[39m
[36mWriting updated control with code block for: SV-274002.[39m
[36mWriting updated control with code block for: SV-274003.[39m
[36mWriting updated control with code block for: SV-274004.[39m
[36mWriting updated control with code block for: SV-274005.[39m
[36mWriting updated control with code block for: SV-274006.[39m
[36mWriting updated control with code block for: SV-274007.[39m
[36mWriting updated control with code block for: SV-274008.[39m
[36mWriting updated control with code block for: SV-274009.[39m
[36mWriting updated control with code block for: SV-274010.[39m
[36mWriting updated control with code block for: SV-274011.[39m
[36mWriting updated control with code block for: SV-274012.[39m
[36mWriting updated control with code block for: SV-274014.[39m
[36mWriting updated control with code block for: SV-274015.[39m
[36mWriting updated control with code block for: SV-274016.[39m
[36mWriting updated control with code block for: SV-274017.[39m
[36mWriting updated control with code block for: SV-274018.[39m
[36mWriting updated control with code block for: SV-274019.[39m
[36mWriting updated control with code block for: SV-274020.[39m
[36mWriting updated control with code block for: SV-274021.[39m
[36mWriting updated control with code block for: SV-274022.[39m
[36mWriting updated control with code block for: SV-274023.[39m
[36mWriting updated control with code block for: SV-274024.[39m
[36mWriting updated control with code block for: SV-274025.[39m
[36mWriting updated control with code block for: SV-274026.[39m
[36mWriting updated control with code block for: SV-274027.[39m
[36mWriting updated control with code block for: SV-274028.[39m
[36mWriting updated control with code block for: SV-274031.[39m
[36mWriting updated control with code block for: SV-274033.[39m
[36mWriting updated control with code block for: SV-274034.[39m
[36mWriting updated control with code block for: SV-274035.[39m
[36mWriting updated control with code block for: SV-274036.[39m
[36mWriting updated control with code block for: SV-274037.[39m
[36mWriting updated control with code block for: SV-274038.[39m
[36mWriting updated control with code block for: SV-274039.[39m
[36mWriting updated control with code block for: SV-274040.[39m
[36mWriting updated control with code block for: SV-274042.[39m
[36mWriting updated control with code block for: SV-274043.[39m
[36mWriting updated control with code block for: SV-274044.[39m
[36mWriting updated control with code block for: SV-274045.[39m
[36mWriting updated control with code block for: SV-274046.[39m
[36mWriting updated control with code block for: SV-274047.[39m
[36mWriting updated control with code block for: SV-274048.[39m
[36mWriting updated control with code block for: SV-274049.[39m
[36mWriting updated control with code block for: SV-274050.[39m
[36mWriting updated control with code block for: SV-274052.[39m
[36mWriting updated control with code block for: SV-274057.[39m
[36mWriting updated control with code block for: SV-274058.[39m
[36mWriting updated control with code block for: SV-274059.[39m
[36mWriting updated control with code block for: SV-274060.[39m
[36mWriting updated control with code block for: SV-274062.[39m
[36mWriting updated control with code block for: SV-274063.[39m
[36mWriting updated control with code block for: SV-274064.[39m
[36mWriting updated control with code block for: SV-274065.[39m
[36mWriting updated control with code block for: SV-274066.[39m
[36mWriting updated control with code block for: SV-274067.[39m
[36mWriting updated control with code block for: SV-274068.[39m
[36mWriting updated control with code block for: SV-274069.[39m
[36mWriting updated control with code block for: SV-274070.[39m
[36mWriting updated control with code block for: SV-274071.[39m
[36mWriting updated control with code block for: SV-274073.[39m
[36mWriting updated control with code block for: SV-274074.[39m
[36mWriting updated control with code block for: SV-274075.[39m
[36mWriting updated control with code block for: SV-274077.[39m
[36mWriting updated control with code block for: SV-274079.[39m
[36mWriting updated control with code block for: SV-274080.[39m
[36mWriting updated control with code block for: SV-274081.[39m
[36mWriting updated control with code block for: SV-274082.[39m
[36mWriting updated control with code block for: SV-274083.[39m
[36mWriting updated control with code block for: SV-274084.[39m
[36mWriting updated control with code block for: SV-274085.[39m
[36mWriting updated control with code block for: SV-274086.[39m
[36mWriting updated control with code block for: SV-274087.[39m
[36mWriting updated control with code block for: SV-274088.[39m
[36mWriting updated control with code block for: SV-274089.[39m
[36mWriting updated control with code block for: SV-274090.[39m
[36mWriting updated control with code block for: SV-274091.[39m
[36mWriting updated control with code block for: SV-274092.[39m
[36mWriting updated control with code block for: SV-274093.[39m
[36mWriting updated control with code block for: SV-274094.[39m
[36mWriting updated control with code block for: SV-274095.[39m
[36mWriting updated control with code block for: SV-274096.[39m
[36mWriting updated control with code block for: SV-274097.[39m
[36mWriting updated control with code block for: SV-274098.[39m
[36mWriting updated control with code block for: SV-274099.[39m
[36mWriting updated control with code block for: SV-274100.[39m
[36mWriting updated control with code block for: SV-274101.[39m
[36mWriting updated control with code block for: SV-274102.[39m
[36mWriting updated control with code block for: SV-274103.[39m
[36mWriting updated control with code block for: SV-274105.[39m
[36mWriting updated control with code block for: SV-274107.[39m
[36mWriting updated control with code block for: SV-274108.[39m
[36mWriting updated control with code block for: SV-274109.[39m
[36mWriting updated control with code block for: SV-274110.[39m
[36mWriting updated control with code block for: SV-274111.[39m
[36mWriting updated control with code block for: SV-274112.[39m
[36mWriting updated control with code block for: SV-274113.[39m
[36mWriting updated control with code block for: SV-274114.[39m
[36mWriting updated control with code block for: SV-274115.[39m
[36mWriting updated control with code block for: SV-274116.[39m
[36mWriting updated control with code block for: SV-274117.[39m
[36mWriting updated control with code block for: SV-274119.[39m
[36mWriting updated control with code block for: SV-274120.[39m
[36mWriting updated control with code block for: SV-274121.[39m
[36mWriting updated control with code block for: SV-274122.[39m
[36mWriting updated control with code block for: SV-274123.[39m
[36mWriting updated control with code block for: SV-274124.[39m
[36mWriting updated control with code block for: SV-274125.[39m
[36mWriting updated control with code block for: SV-274128.[39m
[36mWriting updated control with code block for: SV-274129.[39m
[36mWriting updated control with code block for: SV-274130.[39m
[36mWriting updated control with code block for: SV-274131.[39m
[36mWriting updated control with code block for: SV-274132.[39m
[36mWriting updated control with code block for: SV-274133.[39m
[36mWriting updated control with code block for: SV-274134.[39m
[36mWriting updated control with code block for: SV-274135.[39m
[36mWriting updated control with code block for: SV-274136.[39m
[36mWriting updated control with code block for: SV-274137.[39m
[36mWriting updated control with code block for: SV-274138.[39m
[36mWriting updated control with code block for: SV-274139.[39m
[36mWriting updated control with code block for: SV-274140.[39m
[36mWriting updated control with code block for: SV-274141.[39m
[36mWriting updated control with code block for: SV-274142.[39m
[36mWriting updated control with code block for: SV-274143.[39m
[36mWriting updated control with code block for: SV-274144.[39m
[36mWriting updated control with code block for: SV-274145.[39m
[36mWriting updated control with code block for: SV-274147.[39m
[36mWriting updated control with code block for: SV-274148.[39m
[36mWriting updated control with code block for: SV-274149.[39m
[36mWriting updated control with code block for: SV-274150.[39m
[36mWriting updated control with code block for: SV-274152.[39m
[36mWriting updated control with code block for: SV-274153.[39m
[36mWriting updated control with code block for: SV-274154.[39m
[36mWriting updated control with code block for: SV-274155.[39m
[36mWriting updated control with code block for: SV-274156.[39m
[36mWriting updated control with code block for: SV-274157.[39m
[36mWriting updated control with code block for: SV-274158.[39m
[36mWriting updated control with code block for: SV-274159.[39m
[36mWriting updated control with code block for: SV-274160.[39m
[36mWriting updated control with code block for: SV-274161.[39m
[36mWriting updated control with code block for: SV-274162.[39m
[36mWriting updated control with code block for: SV-274163.[39m
[36mWriting updated control with code block for: SV-274165.[39m
[36mWriting updated control with code block for: SV-274166.[39m
[36mWriting updated control with code block for: SV-274167.[39m
[36mWriting updated control with code block for: SV-274168.[39m
[36mWriting updated control with code block for: SV-274169.[39m
[36mWriting updated control with code block for: SV-274170.[39m
[36mWriting updated control with code block for: SV-274173.[39m
[36mWriting updated control with code block for: SV-274175.[39m
[36mWriting updated control with code block for: SV-274177.[39m
[36mWriting updated control with code block for: SV-274178.[39m
[36mWriting updated control with code block for: SV-274179.[39m
[36mWriting updated control with code block for: SV-274180.[39m
[36mWriting updated control with code block for: SV-274181.[39m
[36mWriting updated control with code block for: SV-274182.[39m
[36mWriting updated control with code block for: SV-274183.[39m
[36mWriting updated control with code block for: SV-274184.[39m
[36mWriting updated control with code block for: SV-274185.[39m
[36mWriting updated control with code block for: SV-274186.[39m
[36mWriting updated control with code block for: SV-274187.[39m
[36mWriting updated control with code block for: SV-283440.[39m
[36mWriting updated control with code block for: SV-283441.[39m
[36mWriting updated control with code block for: SV-283442.[39m
[36mWriting updated control with code block for: SV-283443.[39m
[36mWriting updated control with code block for: SV-283452.[39m
[36m  Writing delta file for redhat-enterprise-linux-9-stig-baseline[39m
[36m  Writing report markdown file[39m
[36mUpdate Results ===========================================================================[39m
[36m[39m
[36m## Automatic Update:  -> [39m

[36m### New Controls:[39m
[36m+   SV-274013 - Amazon Linux 2023 must not be configured to bypass password requirements for privilege escalation.[39m
[36m+   SV-274030 - Amazon Linux 2023 must manage excess capacity, bandwidth, or other redundancy to limit the effects of information flooding types of denial-of-service (DoS) attacks.[39m
[36m+   SV-274032 - Amazon Linux 2023 must have the libreswan package installed.[39m
[36m+   SV-274051 - Amazon Linux 2023 must be configured so that all network connections associated with SSH traffic terminate after becoming unresponsive.[39m
[36m+   SV-274061 - Amazon Linux 2023 must implement certificate status checking for multifactor authentication.[39m
[36m+   SV-274072 - Amazon Linux 2023 must notify the system administrator (SA) and information system security officer (ISSO) (at a minimum) when allocated audit record storage volume 75 percent utilization.[39m
[36m+   SV-274076 - Amazon Linux 2023 must be configured to off-load audit records onto a different system from the system being audited via syslog.[39m
[36m+   SV-274078 - Amazon Linux 2023 must encrypt the transfer of audit records off-loaded onto a different system or media from the system being audited via rsyslog.[39m
[36m+   SV-274104 - Amazon Linux 2023 must generate audit records for all account creations, modifications, disabling, and termination events that affect &#x2F;etc&#x2F;passwd.[39m
[36m+   SV-274126 - Amazon Linux 2023 must ensure the &#x2F;var&#x2F;log directory be owned by root.[39m
[36m+   SV-274127 - Amazon Linux 2023 must ensure the &#x2F;var&#x2F;log directory be group-owned by root.[39m
[36m+   SV-274146 - Amazon Linux 2023 must automatically remove or disable temporary user accounts after 72 hours.[39m
[36m+   SV-274151 - Amazon Linux 2023 must restrict the use of the &quot;su&quot; command.[39m
[36m+   SV-274164 - Amazon Linux 2023 must ensure a sticky bit be set on all public directories.[39m


[36m### Updated Check/Fixes:[39m
[36m#### Checks:[39m
[36m<details open>[39m
[36m  <summary>Click to expand.</summary>[39m
[36mSV-273994:[39m
[36mOld: [39m
[36m```[39m
[36mNote: If there is a documented and approved reason for not having data-at-rest encryption at the operating system level, such as encryption provided by a hypervisor or a disk storage array in a virtualized environment, this requirement is Not Applicable.[39m

[36mVerify RHEL 9 prevents unauthorized disclosure or modification of all information requiring at-rest protection by using disk encryption.[39m

[36mNote: If there is a documented and approved reason for not having data-at-rest encryption, this requirement is Not Applicable.[39m

[36mList all block devices in tree-like format:[39m

[36m$ sudo lsblk --tree[39m

[36mNAME                       MAJ:MIN  RM   SIZE     RO    TYPE    MOUNTPOINTS[39m
[36mzram0                      252:0    0    8G       0     disk    [SWAP][39m
[36mnvme0n1                    259:0    0    476.9G   0     disk[39m
[36m|-nvme0n1p1                259:1    0    1G       0     part    /boot/efi[39m
[36m|-nvme0n1p2                259:2    0    1G       0     part    /boot[39m
[36m|-nvme0n1p3                259:3    0    474.9G   0     part[39m
[36m  |-luks-<encrypted_id>    253:0    0    474.9G   0     crypt[39m
[36m    |-rhel-root            253:1    0    16G      0     lvm     /[39m
[36m    |-rhel-varcache        253:2    0    8G       0     lvm     /var/cache[39m
[36m    |-rhel-vartmp          253:3    0    4G       0     lvm     /var/tmp[39m
[36m    |-rhel-varlog          253:4    0    4G       0     lvm     /var/log[39m
[36m    |-rhel-home            253:5    0    64G      0     lvm     /home[39m
[36m    |-rhel-varlogaudit     253:6    0    4G       0     lvm     /var/log/audit[39m

[36mVerify that the block device tree for each persistent filesystem, excluding the /boot and /boot/efi filesystems, has at least one parent block device of type "crypt", and that the encryption type is LUKS:[39m

[36m$ sudo cryptsetup status luks-b74f6910-2547-4399-86b2-8b0252d926d7[39m
[36m/dev/mapper/luks-b74f6910-2547-4399-86b2-8b0252d926d7 is active and is in use.[39m
[36m  type:    LUKS2[39m
[36m  cipher:  aes-xts-plain64[39m
[36m  keysize: 512 bits[39m
[36m  key location: keyring[39m
[36m  device:  /dev/nvme0n1p3[39m
[36m  sector size:  512[39m
[36m  offset:  32768 sectors[39m
[36m  size:    995986063 sectors[39m
[36m  mode:    read/write[39m

[36mIf there are persistent filesystems (other than /boot or /boot/efi) whose block device trees do not have a crypt block device of type LUKS, ask the administrator to indicate how persistent filesystems are encrypted.[39m

[36mIf there is no evidence that persistent filesystems are encrypted, this is a finding.[39m

[36m```[39m

[36mUpdated:[39m
[36m```[39m
[36mVerify Amazon Linux 2023 is configured so that all partitions are encrypted with the following command:[39m

[36m$ sudo blkid[39m
[36m/dev/xvda1: UUID="ed0acbe9-bd05-495e-a9ac-cb615b29327d" TYPE="crypto_LUKS"[39m

[36mEvery persistent disk partition present must be of "Type" "crypto_LUKS". [39m

[36mIf any partitions other than the boot partition, bios partition or pseudo file systems (such as /proc or /sys) are not type "crypto_LUKS", this is a finding.[39m

[36m```[39m
[36m---[39m
[36mSV-273995:[39m
[36mOld: [39m
[36m```[39m
[36mConfirm Red Hat package-signing keys are installed on the system and verify their fingerprints match vendor values.[39m

[36mNote: For RHEL 9 software packages, Red Hat uses GPG keys labeled "release key 2" and "auxiliary key 3". The keys are defined in key file "/etc/pki/rpm-gpg/RPM-GPG-KEY-redhat-release" by default.[39m

[36mList Red Hat GPG keys installed on the system:[39m

[36m$ sudo rpm -q --queryformat "%{SUMMARY}\n" gpg-pubkey | grep -i "red hat"[39m

[36mRed Hat, Inc. (release key 2) <security@redhat.com> public key[39m
[36mRed Hat, Inc. (auxiliary key 3) <security@redhat.com> public key[39m

[36mIf Red Hat GPG keys "release key 2" and "auxiliary key 3" are not installed, this is a finding.[39m

[36mList key fingerprints of installed Red Hat GPG keys:[39m

[36m$ sudo gpg -q --keyid-format short --with-fingerprint /etc/pki/rpm-gpg/RPM-GPG-KEY-redhat-release[39m

[36mIf key file "/etc/pki/rpm-gpg/RPM-GPG-KEY-redhat-release" is missing, this is a finding.[39m

[36mExample output:[39m

[36mpub   rsa4096/FD431D51 2009-10-22 [SC][39m
[36m      Key fingerprint = 567E 347A D004 4ADE 55BA  8A5F 199E 2F91 FD43 1D51[39m
[36muid                   Red Hat, Inc. (release key 2) <security@redhat.com>[39m
[36mpub   rsa4096/5A6340B3 2022-03-09 [SC][39m
[36m      Key fingerprint = 7E46 2425 8C40 6535 D56D  6F13 5054 E4A4 5A63 40B3[39m
[36muid                   Red Hat, Inc. (auxiliary key 3) <security@redhat.com>[39m

[36mCompare key fingerprints of installed Red Hat GPG keys with fingerprints listed for RHEL 9 on Red Hat "Product Signing Keys" webpage at https://access.redhat.com/security/team/key.[39m

[36mIf key fingerprints do not match, this is a finding.[39m

[36m```[39m

[36mUpdated:[39m
[36m```[39m
[36mVerify Amazon Linux 2023 package-signing keys are installed on the system and verify their fingerprints match vendor values.[39m

[36mNote: For Amazon Linux 2023 software packages, AWS uses GPG keys defined in key file "/etc/pki/rpm-gpg/RPM-GPG-KEY-amazon-linux-2023" by default.[39m

[36mList Amazon Linux GPG keys installed on the system:[39m

[36m$ sudo rpm -q gpg-pubkey --qf "%{NAME}-%{VERSION}-%{RELEASE} %{SUMMARY}\n"[39m
[36mgpg-pubkey-d832c631-6515c85e Amazon Linux <amazon-linux@amazon.com> public key[39m

[36mIf there is no Amazon Linux GPG key installed, this is a finding.[39m

[36mExtract the fingerprint from the key with this command:[39m

[36m$ sudo gpg -q --keyid-format short --with-fingerprint /etc/pki/rpm-gpg/RPM-GPG-KEY-amazon-linux-2023[39m
[36mpub  rsa4096/D832C631 2022-12-08 [SC][39m
[36m     Key fingerprint = B21C 50FA 44A9 9720 EAA7 2F7F E951 904A D832 C631[39m
[36muid           Amazon Linux <amazon-linux@amazon.com>[39m

[36mCompare the Key fingerprint with the key fingerprint from Amazon Documentation and instructions at https://docs.aws.amazon.com/AWSEC2/latest/UserGuide/verify-keys.html[39m

[36mIf key fingerprints do not match, or the key file is missing, this is a finding.[39m

[36m```[39m
[36m---[39m
[36mSV-273996:[39m
[36mOld: [39m
[36m```[39m
[36mVerify that dnf always checks the GPG signature of locally installed software packages before installation:[39m

[36m$ grep localpkg_gpgcheck /etc/dnf/dnf.conf[39m

[36mlocalpkg_gpgcheck=1[39m

[36mIf "localpkg_gpgcheck" is not set to "1", or if the option is missing or commented out, ask the system administrator how the GPG signatures of local software packages are being verified.[39m

[36mIf there is no process to verify GPG signatures that is approved by the organization, this is a finding.[39m

[36m```[39m

[36mUpdated:[39m
[36m```[39m
[36mVerify Amazon Linux 2023 is configured so that dnf always checks the GPG signature of locally installed software packages before installation:[39m

[36m$ grep localpkg_gpgcheck /etc/dnf/dnf.conf [39m
[36mlocalpkg_gpgcheck=1 [39m

[36mIf "localpkg_gpgcheck" is not set to "1" or "True", or if the option is missing or commented out, ask the system administrator how the GPG signatures of local software packages are being verified.[39m

[36mIf there is no process to verify GPG signatures approved by the organization, this is a finding.[39m

[36m```[39m
[36m---[39m
[36mSV-273997:[39m
[36mOld: [39m
[36m```[39m
[36mVerify that dnf always checks the GPG signature of software packages originating from external software repositories before installation:[39m

[36m$ grep -w gpgcheck /etc/dnf/dnf.conf[39m

[36mgpgcheck=1[39m

[36mIf "gpgcheck" is not set to "1", or if the option is missing or commented out, ask the system administrator how the GPG signatures of software packages are being verified.[39m

[36mIf there is no process to verify GPG signatures that is approved by the organization, this is a finding.[39m

[36m```[39m

[36mUpdated:[39m
[36m```[39m
[36mVerify Amazon Linux 2023 is configured so that dnf always checks the GPG signature of software packages originating from external software repositories before installation:[39m

[36m$ grep -w gpgcheck /etc/dnf/dnf.conf[39m
[36mgpgcheck=1[39m

[36mIf "gpgcheck" is not set to "1" or "True", or if the option is missing or commented out, ask the system administrator how the GPG signatures of software packages are being verified.[39m

[36mIf there is no process to verify GPG signatures approved by the organization, this is a finding.[39m

[36m```[39m
[36m---[39m
[36mSV-273998:[39m
[36mOld: [39m
[36m```[39m
[36mVerify all software repositories defined in "/etc/yum.repos.d/" have been configured with "gpgcheck" enabled:[39m

[36m$ grep -w gpgcheck /etc/yum.repos.d/*.repo | more[39m

[36m/etc/yum.repos.d/redhat.repo:gpgcheck = 1[39m

[36mFor all listed repos, if "gpgcheck" is not set to "1", or if the option is missing or commented out, ask the system administrator how the GPG signatures of local software packages are being verified.[39m

[36mIf there is no process to verify GPG signatures that is approved by the organization, this is a finding.[39m

[36m```[39m

[36mUpdated:[39m
[36m```[39m
[36mVerify Amazon Linux 2023 software repositories enforce a signature check on the packages prior to allowing installation with the following command:[39m

[36m$ grep -w gpgcheck /etc/yum.repos.d/*.repo | more[39m
[36m/etc/yum.repos.d/amazonlinux.repo:gpgcheck=1[39m
[36m/etc/yum.repos.d/amazonlinux.repo:gpgcheck=1[39m
[36m/etc/yum.repos.d/amazonlinux.repo:gpgcheck=1[39m
[36m/etc/yum.repos.d/kernel-livepatch.repo:gpgcheck=1[39m
[36m/etc/yum.repos.d/kernel-livepatch.repo:gpgcheck=1[39m

[36mIf any repository has "gpgcheck=0" or "False", or if the option is commented out, this is a finding.[39m

[36m```[39m
[36m---[39m
[36mSV-273999:[39m
[36mOld: [39m
[36m```[39m
[36mVerify the version or RHEL 9 is vendor supported with the following command:[39m

[36m$ cat /etc/redhat-release[39m

[36mRed Hat Enterprise Linux release 9.6 (Plow)[39m

[36mIf the installed version of RHEL 9 is not supported, this is a finding.[39m

[36m```[39m

[36mUpdated:[39m
[36m```[39m
[36mVerify Amazon Linux 2023 is a vendor-supported version with the following command:[39m

[36m$ cat /etc/amazon-linux-release [39m
[36mAmazon Linux release 2023.6.20250203 (Amazon Linux)[39m

[36mIf the installed version of Amazon Linux 2023 is not supported, this is a finding.[39m

[36m```[39m
[36m---[39m
[36mSV-274000:[39m
[36mOld: [39m
[36m```[39m
[36mVerify that "systemd-journald" is active with the following command:[39m

[36m$ systemctl is-active systemd-journald[39m

[36mactive[39m

[36mIf the systemd-journald service is not active, this is a finding.[39m

[36m```[39m

[36mUpdated:[39m
[36m```[39m
[36mVerify Amazon Linux 2023 is configured so that "systemd-journald" is active with the following command:[39m

[36m$ systemctl is-active systemd-journald[39m
[36mactive[39m

[36mIf the systemd-journald service is not active, this is a finding.[39m

[36m```[39m
[36m---[39m
[36mSV-274001:[39m
[36mOld: [39m
[36m```[39m
[36mVerify RHEL 9 is configured to restrict access to the kernel message buffer.[39m

[36mCheck the status of the "kernel.dmesg_restrict" kernel parameter with the following command:[39m

[36m$ sudo sysctl kernel.dmesg_restrict[39m
[36mkernel.dmesg_restrict = 1[39m

[36mIf "kernel.dmesg_restrict" is not set to "1" or is missing, this is a finding.[39m

[36m```[39m

[36mUpdated:[39m
[36m```[39m
[36mVerify Amazon Linux 2023 is configured to restrict access to the kernel message buffer with the following commands:[39m

[36mCheck the status of the kernel.dmesg_restrict kernel parameter.[39m

[36m$ sudo sysctl kernel.dmesg_restrict[39m
[36mkernel.dmesg_restrict = 1[39m

[36mIf "kernel.dmesg_restrict" is not set to "1" or is missing, this is a finding.[39m

[36m```[39m
[36m---[39m
[36mSV-274002:[39m
[36mOld: [39m
[36m```[39m
[36mVerify RHEL 9 is configured to prevent kernel profiling by nonprivileged users.[39m

[36mCheck the status of the "kernel.perf_event_paranoid" kernel parameter.[39m

[36m$ sudo sysctl kernel.perf_event_paranoid[39m
[36mkernel.perf_event_paranoid = 2[39m

[36mIf "kernel.perf_event_paranoid" is not set to "2" or is missing, this is a finding.[39m

[36m```[39m

[36mUpdated:[39m
[36m```[39m
[36mVerify Amazon Linux 2023 is configured to prevent kernel profiling by nonprivileged users with the following commands:[39m

[36mCheck the status of the kernel.perf_event_paranoid kernel parameter.[39m

[36m$ sudo sysctl kernel.perf_event_paranoid[39m
[36mkernel.perf_event_paranoid = 2[39m

[36mIf "kernel.perf_event_paranoid" is not set to "2" or is missing, this is a finding.[39m

[36m```[39m
[36m---[39m
[36mSV-274003:[39m
[36mOld: [39m
[36m```[39m
[36mVerify RHEL 9 is configured to restrict exposed kernel pointer address access.[39m

[36mVerify the runtime status of the "kernel.kptr_restrict" kernel parameter with the following command:[39m

[36m$ sudo sysctl kernel.kptr_restrict[39m
[36mkernel.kptr_restrict = 1[39m

[36mIf "kernel.kptr_restrict" is not set to "1" or is missing, this is a finding.[39m

[36m```[39m

[36mUpdated:[39m
[36m```[39m
[36mVerify Amazon Linux 2023 restricts exposed kernel pointer addresses access by validating the runtime status of the Amazon Linux 2023 kernel.kptr_restrict kernel parameter with the following command:[39m

[36m$ sudo sysctl kernel.kptr_restrict [39m
[36mkernel.kptr_restrict = 1[39m

[36mIf "kernel.kptr_restrict" is not set to "1" or is missing, this is a finding.[39m

[36m```[39m
[36m---[39m
[36mSV-274004:[39m
[36mOld: [39m
[36m```[39m
[36mVerify RHEL 9 prevents privilege escalation through the kernel by disabling access to the bpf system call.[39m

[36mCheck the status of the "kernel.unprivileged_bpf_disabled" kernel parameter with the following command:[39m

[36m$ sysctl kernel.unprivileged_bpf_disabled[39m
[36mkernel.unprivileged_bpf_disabled = 1[39m

[36mIf "kernel.unprivileged_bpf_disabled" is not set to "1", or is missing, this is a finding.[39m

[36m```[39m

[36mUpdated:[39m
[36m```[39m
[36mVerify Amazon Linux 2023 prevents privilege escalation through the kernel by disabling access to the bpf system call with the following commands:[39m

[36m$ sudo sysctl kernel.unprivileged_bpf_disabled[39m
[36mkernel.unprivileged_bpf_disabled = 1[39m

[36mIf the returned line does not have a value of "1", or a line is not returned, this is a finding.[39m

[36m```[39m
[36m---[39m
[36mSV-274005:[39m
[36mOld: [39m
[36m```[39m
[36mVerify RHEL 9 restricts the usage of ptrace to descendant processes.[39m

[36mCheck the status of the "kernel.yama.ptrace_scope" kernel parameter with the following command:[39m

[36m$ sysctl kernel.yama.ptrace_scope[39m
[36mkernel.yama.ptrace_scope = 1[39m

[36mIf the network parameter "kernel.yama.ptrace_scope" is not equal to "1", or nothing is returned, this is a finding.[39m

[36m```[39m

[36mUpdated:[39m
[36m```[39m
[36mVerify Amazon Linux 2023 restricts usage of ptrace to descendant processes with the following commands:[39m

[36m$ sudo sysctl kernel.yama.ptrace_scope[39m
[36mkernel.yama.ptrace_scope = 1[39m

[36mIf the returned line does not have a value of "1", or a line is not returned, this is a finding.[39m

[36m```[39m
[36m---[39m
[36mSV-274006:[39m
[36mOld: [39m
[36m```[39m
[36mVerify RHEL 9 is implementing ASLR.[39m

[36mCheck the status of the "kernel.randomize_va_space" kernel parameter with the following command:[39m

[36m$ sudo sysctl kernel.randomize_va_space[39m
[36mkernel.randomize_va_space = 2[39m

[36mIf "kernel.randomize_va_space" is not set to "2" or is missing, this is a finding.[39m

[36m```[39m

[36mUpdated:[39m
[36m```[39m
[36mVerify Amazon Linux 2023 is implementing ASLR with the following command:[39m

[36m$ sysctl kernel.randomize_va_space[39m
[36mkernel.randomize_va_space = 2[39m

[36mCheck that the configuration files are present to enable this kernel parameter.[39m
[36mVerify the configuration of the kernel.kptr_restrict kernel parameter with the following command:[39m

[36m$ sudo /usr/lib/systemd/systemd-sysctl --cat-config | egrep -v '^(#|;)' | grep -F kernel.randomize_va_space | tail -1[39m

[36mkernel.randomize_va_space = 2[39m

[36mIf "kernel.randomize_va_space" is not set to "2" or is missing, this is a finding.[39m

[36m```[39m
[36m---[39m
[36mSV-274007:[39m
[36mOld: [39m
[36m```[39m
[36mVerify RHEL 9 does not have an FTP server package installed with the following command:[39m

[36m$ sudo dnf list --installed vsftpd[39m

[36mError: No matching Packages to list[39m

[36mIf the "ftp" package is installed, this is a finding.[39m

[36m```[39m

[36mUpdated:[39m
[36m```[39m
[36mVerify Amazon Linux 2023 does not have the vsftpd package installed with the following command:[39m

[36m$ dnf list --installed vsftpd[39m
[36mError: No matching Packages to list[39m

[36mIf the "vsftpd" package is installed, this is a finding.[39m

[36m```[39m
[36m---[39m
[36mSV-274008:[39m
[36mOld: [39m
[36m```[39m
[36mVerify that the nfs-utils package is not installed with the following command:[39m

[36m$ dnf list --installed nfs-utils[39m

[36mError: No matching Packages to list[39m

[36mIf the "nfs-utils" package is installed, this is a finding.[39m

[36m```[39m

[36mUpdated:[39m
[36m```[39m
[36mVerify Amazon Linux 2023 does not have the sendmail package installed with the following command:[39m

[36m$ dnf list --installed sendmail[39m
[36mError: No matching Packages to list[39m

[36mIf the "sendmail" package is installed, this is a finding.[39m

[36m```[39m
[36m---[39m
[36mSV-274009:[39m
[36mOld: [39m
[36m```[39m
[36mVerify that the ypserv package is not installed with the following command:[39m

[36m$ dnf list --installed ypserv[39m

[36mError: No matching Packages to list[39m

[36mIf the "ypserv" package is installed, this is a finding.[39m

[36m```[39m

[36mUpdated:[39m
[36m```[39m
[36mVerify Amazon Linux 2023 does not have the nfs-utils package installed with the following command:[39m

[36m$ dnf list --installed nfs-utils[39m
[36mError: No matching Packages to list[39m

[36mIf the "nfs-utils" package is installed, this is a finding.[39m

[36m```[39m
[36m---[39m
[36mSV-274010:[39m
[36mOld: [39m
[36m```[39m
[36mVerify that the telnet-server package is not installed with the following command:[39m

[36m$ dnf list --installed telnet-server[39m

[36mError: No matching Packages to list[39m

[36mIf the "telnet-server" package is installed, this is a finding.[39m

[36m```[39m

[36mUpdated:[39m
[36m```[39m
[36mVerify Amazon Linux 2023 does not have the telnet-server package installed with the following command:[39m

[36m$ dnf list --installed telnet-server[39m
[36mError: No matching Packages to list [39m

[36mIf the "telnet-server" package is installed, this is a finding.[39m

[36m```[39m
[36m---[39m
[36mSV-274011:[39m
[36mOld: [39m
[36m```[39m
[36mVerify that RHEL 9 is not able to install packages from the EPEL with the following command:[39m

[36m$ dnf repolist[39m
[36mrhel-9-for-x86_64-appstream-rpms                Red Hat Enterprise Linux 9 for x86_64 - AppStream (RPMs)[39m
[36mrhel-9-for-x86_64-baseos-rpms                   Red Hat Enterprise Linux 9 for x86_64 - BaseOS (RPMs)[39m

[36mIf any repositories containing the word "epel" in the name exist, this is a finding.[39m

[36m```[39m

[36mUpdated:[39m
[36m```[39m
[36mNote: If NFS mounts are authorized and in use on the system, this control is not applicable.[39m

[36mVerify Amazon Linux 2023 does not have the gssproxy package installed with the following command:[39m

[36m$ dnf list --installed gssproxy[39m
[36mError: No matching Packages to list [39m

[36mIf the "gssproxy" package is installed, this is a finding.[39m

[36m```[39m
[36m---[39m
[36mSV-274012:[39m
[36mOld: [39m
[36m```[39m
[36mVerify that RHEL 9 sudo package is installed with the following command:[39m

[36m$ dnf list --installed sudo[39m

[36mExample output:[39m

[36msudo.x86_64          1.9.5p2-7.el9[39m

[36mIf the "sudo" package is not installed, this is a finding.[39m

[36m```[39m

[36mUpdated:[39m
[36m```[39m
[36mVerify Amazon Linux 2023 has the sudo package installed with the following command:[39m

[36m$ dnf list --installed sudo[39m
[36mInstalled Packages[39m
[36msudo.x86_64          1.9.15-1.p5.amzn2023.0.1          @System[39m

[36mIf the "sudo" package is not installed, this is a finding.[39m

[36m```[39m
[36m---[39m
[36mSV-274014:[39m
[36mOld: [39m
[36m```[39m
[36mVerify RHEL 9 requires reauthentication when using the "sudo" command to elevate privileges with the following command:[39m

[36m$ sudo grep -ir 'timestamp_timeout' /etc/sudoers /etc/sudoers.d/[39m

[36m/etc/sudoers:Defaults timestamp_timeout=0[39m

[36mIf results are returned from more than one file location, this is a finding.[39m

[36mIf "timestamp_timeout" is set to a negative number, is commented out, or no results are returned, this is a finding.[39m

[36m```[39m

[36mUpdated:[39m
[36m```[39m
[36mVerify Amazon Linux 2023 requires reauthentication when using the "sudo" command to elevate privileges with the following command:[39m

[36m$ sudo grep -ir 'timestamp_timeout' /etc/sudoers /etc/sudoers.d/[39m
[36m/etc/sudoers:Defaults timestamp_timeout=0[39m

[36mIf results are returned from more than one file location, this is a finding.[39m

[36mIf "timestamp_timeout" is set to a negative number, is commented out, or no results are returned, this is a finding.[39m

[36m```[39m
[36m---[39m
[36mSV-274015:[39m
[36mOld: [39m
[36m```[39m
[36mVerify that "/etc/sudoers" has no occurrences of "!authenticate" with the following command:[39m

[36m$ sudo egrep -iR '!authenticate' /etc/sudoers /etc/sudoers.d/[39m

[36mIf any occurrences of "!authenticate" are returned, this is a finding.[39m

[36m```[39m

[36mUpdated:[39m
[36m```[39m
[36mVerify Amazon Linux 2023 requires users to reauthenticate for privilege escalation. [39m

[36mEnsure that "/etc/sudoers" has no occurrences of "!authenticate" with the following command:[39m

[36m$ sudo grep -ir '!authenticate' /etc/sudoers /etc/sudoers.d/[39m

[36mIf any occurrences of "!authenticate" are returned, this is a finding.[39m

[36m```[39m
[36m---[39m
[36mSV-274016:[39m
[36mOld: [39m
[36m```[39m
[36mVerify RHEL 9 restricts privilege elevation to authorized personnel with the following command:[39m

[36m$ sudo grep -iwR 'ALL' /etc/sudoers /etc/sudoers.d/ | grep -v '#'[39m

[36mIf the either of the following entries are returned, this is a finding:[39m
[36mALL     ALL=(ALL) ALL[39m
[36mALL     ALL=(ALL:ALL) ALL[39m

[36m```[39m

[36mUpdated:[39m
[36m```[39m
[36mVerify Amazon Linux 2023 requires users to provide a password for privilege escalation.[39m

[36mEnsure that "/etc/sudoers" has no occurrences of "NOPASSWD" with the following command:[39m

[36m$ sudo grep -ri nopasswd /etc/sudoers /etc/sudoers.d/[39m

[36mIf any occurrences of "NOPASSWD" are returned, this is a finding.[39m

[36m```[39m
[36m---[39m
[36mSV-274017:[39m
[36mOld: [39m
[36m```[39m
[36mVerify that the RHEL 9 audit service package is installed.[39m

[36mCheck that the audit service package is installed with the following command:[39m

[36m$ dnf list --installed audit[39m

[36mExample output:[39m

[36maudit-3.0.7-101.el9_0.2.x86_64[39m

[36mIf the "audit" package is not installed, this is a finding.[39m

[36m```[39m

[36mUpdated:[39m
[36m```[39m
[36mVerify Amazon Linux 2023 has the audit package installed with the following command:[39m

[36m$ dnf list --installed audit[39m
[36mInstalled Packages[39m
[36maudit.x86_64          3.0.6-1.amzn2023.0.2          @System[39m
[36m [39m
[36mIf the "audit" package is not installed, this is a finding.[39m

[36m```[39m
[36m---[39m
[36mSV-274018:[39m
[36mOld: [39m
[36m```[39m
[36mVerify that GRUB 2 is configured to enable auditing of processes that start prior to the audit daemon with the following commands:[39m

[36mCheck that the current GRUB 2 configuration enables auditing:[39m

[36m$ sudo grubby --info=ALL | grep args | grep -v 'audit=1'[39m

[36mIf any output is returned, this is a finding.[39m

[36mCheck that auditing is enabled by default to persist in kernel updates:[39m

[36m$ grep audit /etc/default/grub[39m

[36mGRUB_CMDLINE_LINUX="audit=1"[39m

[36mIf "audit" is not set to "1", is missing, or is commented out, this is a finding.[39m

[36m```[39m

[36mUpdated:[39m
[36m```[39m
[36mVerify Amazon Linux 2023 is configured to produce audit records with the following command:[39m

[36m$ sudo systemctl status auditd.service[39m
[36mauditd.service - Security Auditing Service[39m
[36m Loaded:loaded (/usr/lib/systemd/system/auditd.service; enabled; preset: enabled)[39m
[36m Active: active (running) since Wed 2024-01-131 12:56:56 EST; 1 weeks 0 days ago[39m

[36mIf the audit service is not "active" and "running", this is a finding.[39m

[36m```[39m
[36m---[39m
[36mSV-274019:[39m
[36mOld: [39m
[36m```[39m
[36mVerify that RHEL 9 has the audispd-plugins package installed with the following command:[39m

[36m$ dnf list --installed audispd-plugins[39m

[36mExample output:[39m

[36maudispd-plugins.x86_64          3.0.7-101.el9_0.2[39m

[36mIf the "audispd-plugins" package is not installed, this is a finding.[39m

[36m```[39m

[36mUpdated:[39m
[36m```[39m
[36mVerify Amazon Linux 2023 has the audispd-plugins package installed with the following command:[39m

[36m$ sudo dnf list --installed audispd-plugins[39m
[36mInstalled Packages[39m
[36maudispd-plugins.x86_64          3.0.6-1.amzn2023.0.2          @amazonlinux[39m

[36mIf the "audispd-plugins" package is not installed, this is a finding.[39m

[36m```[39m
[36m---[39m
[36mSV-274020:[39m
[36mOld: [39m
[36m```[39m
[36mVerify that audit system is configured to flush to disk after every 100 records with the following command:[39m

[36m$ sudo grep freq /etc/audit/auditd.conf[39m

[36mfreq = 100[39m

[36mIf "freq" isn't set to a value between "1" and "100", the value is missing, or the line is commented out, this is a finding.[39m

[36m```[39m

[36mUpdated:[39m
[36m```[39m
[36mVerify Amazon Linux 2023 is configured to collect system failure events with the following command: [39m
[36m [39m
[36m$ dnf list --installed rsyslog[39m
[36mInstalled Packages[39m
[36mrsyslog.x86_64          8.2204.0-3.amzn2023.0.4          @amazonlinux[39m
[36m [39m
[36mIf the "rsyslog" package is not installed, this is a finding. [39m
[36m [39m
[36mCheck that the log service is enabled with the following command: [39m
[36m [39m
[36msystemctl is-enabled rsyslog[39m
[36menabled[39m
[36m [39m
[36mIf the command above returns "disabled", this is a finding.[39m

[36m```[39m
[36m---[39m
[36mSV-274021:[39m
[36mOld: [39m
[36m```[39m
[36mVerify that RHEL 9 monitors all remote access methods.[39m

[36mCheck that remote access methods are being logged by running the following command:[39m

[36m$ grep -rE '(auth.\*|authpriv.\*|daemon.\*)' /etc/rsyslog.conf /etc/rsyslog.d/[39m

[36m/etc/rsyslog.conf:authpriv.*[39m

[36mIf "auth.*", "authpriv.*" or "daemon.*" are not configured to be logged, this is a finding.[39m

[36m```[39m

[36mUpdated:[39m
[36m```[39m
[36mVerify Amazon Linux 2023 monitors all remote access methods.[39m

[36mCheck that remote access methods are being logged by running the following command:[39m

[36m$ sudo grep -E '(auth.*|authpriv.*|daemon.*)' /etc/rsyslog.conf[39m
[36mauth.*;authpriv.*;daemon.* /var/log/secure[39m

[36mIf "auth.*", "authpriv.*", or "daemon.*" are not configured to be logged, this is a finding.[39m

[36m```[39m
[36m---[39m
[36mSV-274022:[39m
[36mOld: [39m
[36m```[39m
[36mVerify that RHEL 9 has the chrony package installed with the following command:[39m

[36m$ dnf list --installed chrony[39m

[36mExample output:[39m

[36mchrony.x86_64          4.1-3.el9[39m

[36mIf the "chrony" package is not installed, this is a finding.[39m

[36m```[39m

[36mUpdated:[39m
[36m```[39m
[36mVerify Amazon Linux 2023 has the chrony package installed with the following command:[39m

[36m$ sudo dnf list --installed chrony[39m
[36mInstalled Packages[39m
[36mchrony.x86_64          4.3-1.amzn2023.0.5          @System[39m

[36mIf the "chrony" package is not installed, this is a finding.[39m

[36m```[39m
[36m---[39m
[36mSV-274023:[39m
[36mOld: [39m
[36m```[39m
[36mVerify the chronyd service is active with the following command:[39m

[36m$ systemctl is-active chronyd[39m

[36mactive[39m

[36mIf the chronyd service is not active, this is a finding.[39m

[36m```[39m

[36mUpdated:[39m
[36m```[39m
[36mVerify Amazon Linux 2023 has the chronyd service set to active with the following command:[39m

[36m$ systemctl is-active chronyd[39m
[36mactive [39m

[36mIf the chronyd service is not active, this is a finding.[39m

[36m```[39m
[36m---[39m
[36mSV-274024:[39m
[36mOld: [39m
[36m```[39m
[36mVerify the file integrity tool is configured to verify ACLs.[39m

[36mNote: AIDE is highly configurable at install time. This requirement assumes the "aide.conf" file is under the "/etc" directory.[39m

[36mVerify AIDE is installed with the following command:[39m

[36m$ sudo dnf list installed aide[39m

[36mUpdating Subscription Management repositories.[39m
[36mInstalled Packages[39m
[36maide.x86_64                                0.16-103.el9                                @rhel-9-for-x86_64-appstream-rpms[39m

[36mUse the following command to determine if the file is in a location other than "/etc/aide/aide.conf":[39m

[36m$ sudo find / -name aide.conf[39m

[36mIf AIDE is not installed, ask the system administrator (SA) how file integrity checks are performed on the system.[39m

[36m```[39m

[36mUpdated:[39m
[36m```[39m
[36mVerify Amazon Linux 2023 has the AIDE package installed with the following command:[39m

[36m$ dnf list --installed aide[39m
[36mInstalled Packages[39m
[36maide.x86_64          0.18.6-1.amzn2023.0.1          @amazonlinux[39m

[36mIf AIDE is not installed, ask the system administrator (SA) how file integrity checks are performed on the system. [39m

[36mIf there is no application installed to perform integrity checks, this is a finding.[39m

[36mIf AIDE is installed, check if it has been initialized with the following command:[39m

[36m$ sudo /usr/sbin/aide --check[39m

[36mIf the output is "Couldn't open file /var/lib/aide/aide.db.gz for reading", this is a finding.[39m

[36m```[39m
[36m---[39m
[36mSV-274025:[39m
[36mOld: [39m
[36m```[39m
[36mVerify that RHEL 9 routinely executes a file integrity scan for changes to the system baseline. The command used in the example will use a daily occurrence.[39m

[36mCheck the cron directories for scripts controlling the execution and notification of results of the file integrity application. For example, if AIDE is installed on the system, use the following commands:[39m

[36m$ sudo ls -al /etc/cron.* | grep aide[39m

[36m-rwxr-xr-x 1 root root 29 Nov 22 2015 aide[39m

[36m$ sudo grep aide /etc/crontab /var/spool/cron/root[39m

[36m/etc/crontab: 30 04 * * * root usr/sbin/aide[39m
[36m/var/spool/cron/root: 30 04 * * * root usr/sbin/aide[39m

[36m$ sudo more /etc/cron.daily/aide[39m

[36m#!/bin/bash[39m
[36m/usr/sbin/aide --check | /bin/mail -s "$HOSTNAME - Daily aide integrity check run" root@sysname.mil[39m

[36mIf the file integrity application does not exist, a script file controlling the execution of the file integrity application does not exist, or the file integrity application does not notify designated personnel of changes, this is a finding.[39m

[36m```[39m

[36mUpdated:[39m
[36m```[39m
[36mVerify Amazon Linux 2023 routinely executes a file integrity scan for changes to the system baseline. The commands used in the example will use a daily occurrence.[39m

[36mIf using cron, check that the cronie service is running:[39m

[36m$ systemctl status crond[39m
[36mo crond.service - Command Scheduler[39m
[36mLoaded: loaded (/usr/lib/systemd/system/crond.service; enabled; preset: enabled)[39m
[36mActive: active (running) since Wed 2025-11-12 20:37:42 UTC; 7s ago[39m

[36mCheck the cron directories for scripts controlling the execution and notification of results of the file integrity application. For example, if Advanced Intrusion Detection Environment (AIDE) is installed on the system, use the following commands:[39m

[36m$ ls -al /etc/cron.daily | grep aide[39m
[36m-rwxr-xr-x 1 root root 29 Nov 22 2015 aide[39m

[36m$ sudo grep aide /etc/crontab /var/spool/cron/root[39m
[36m/etc/crontab: 30 04 * * * root usr/sbin/aide[39m
[36m/var/spool/cron/root: 30 04 * * * root usr/sbin/aide[39m

[36m$ sudo more /etc/cron.daily/aide[39m
[36m#!/bin/bash[39m
[36m/usr/sbin/aide --check | /bin/mail -s "$HOSTNAME - Daily aide integrity check run" root@sysname.mil[39m

[36mIf using systemd timers, ensure the aide timer is enabled:[39m

[36m$ systemctl status aide.timer[39m
[36mo aide.timer - Aide check every day at 1AM[39m
[36m     Loaded: loaded (/etc/systemd/system/aide.timer; enabled; preset: disabled)[39m
[36m     Active: active (waiting) since Thu 2025-11-20 15:23:24 UTC; 37s ago[39m
[36m    Trigger: Fri 2025-11-21 01:00:00 UTC; 9h left[39m
[36m   Triggers: o aide.service[39m

[36mIf the timer unit file has a different name, list all available timers with the following command:[39m

[36m$ systemctl list-timers[39m

[36mIf the file integrity application does not exist, or a script file controlling the execution of the file integrity application does not exist, or the file integrity application does not notify designated personnel of changes, this is a finding.[39m

[36m```[39m
[36m---[39m
[36mSV-274026:[39m
[36mOld: [39m
[36m```[39m
[36mCheck that AIDE is properly configured to protect the integrity of the audit tools with the following command:[39m

[36m$ sudo grep /usr/sbin/au /etc/aide.conf[39m

[36m/usr/sbin/auditctl p+i+n+u+g+s+b+acl+xattrs+sha512[39m
[36m/usr/sbin/auditd p+i+n+u+g+s+b+acl+xattrs+sha512[39m
[36m/usr/sbin/ausearch p+i+n+u+g+s+b+acl+xattrs+sha512[39m
[36m/usr/sbin/aureport p+i+n+u+g+s+b+acl+xattrs+sha512[39m
[36m/usr/sbin/autrace p+i+n+u+g+s+b+acl+xattrs+sha512[39m
[36m/usr/sbin/augenrules p+i+n+u+g+s+b+acl+xattrs+sha512[39m

[36mIf AIDE is not installed, ask the system administrator (SA) how file integrity checks are performed on the system.[39m

[36mIf any of the audit tools listed above do not have a corresponding line, ask the SA to indicate what cryptographic mechanisms are being used to protect the integrity of the audit tools.[39m

[36mIf there is no evidence of integrity protection, this is a finding.[39m

[36m```[39m

[36mUpdated:[39m
[36m```[39m
[36mVerify Amazon Linux 2023 is properly configured to protect the integrity of the Advanced Intrusion Detection Environment (AIDE) audit tools with the following command:[39m

[36m$ sudo grep /usr/sbin/au /etc/aide.conf[39m
[36m/usr/sbin/auditctl p+i+n+u+g+s+b+acl+xattrs+sha512[39m
[36m/usr/sbin/auditd p+i+n+u+g+s+b+acl+xattrs+sha512[39m
[36m/usr/sbin/ausearch p+i+n+u+g+s+b+acl+xattrs+sha512[39m
[36m/usr/sbin/aureport p+i+n+u+g+s+b+acl+xattrs+sha512[39m
[36m/usr/sbin/autrace p+i+n+u+g+s+b+acl+xattrs+sha512[39m
[36m/usr/sbin/augenrules p+i+n+u+g+s+b+acl+xattrs+sha512[39m
[36m [39m
[36mIf AIDE is not installed, ask the system administrator (SA) how file integrity checks are performed on the system.[39m

[36mIf any of the audit tools listed above do not have a corresponding line, ask the SA to indicate what cryptographic mechanisms are being used to protect the integrity of the audit tools. [39m

[36mIf there is no evidence of integrity protection, this is a finding.[39m

[36m```[39m
[36m---[39m
[36mSV-274027:[39m
[36mOld: [39m
[36m```[39m
[36mRun the following command to determine if the firewalld package is installed with the following command:[39m

[36m$ dnf list --installed firewalld[39m

[36mExample output:[39m

[36mfirewalld.noarch          1.0.0-4.el9[39m

[36mIf the "firewall" package is not installed, this is a finding.[39m

[36m```[39m

[36mUpdated:[39m
[36m```[39m
[36mVerify Amazon Linux 2023 has the firewalld package installed with the following command:[39m

[36m$ dnf list --installed firewalld[39m
[36mInstalled Packages[39m
[36mfirewalld.noarch          1.2.3-1.amzn2023          @amazonlinux[39m

[36mIf the "firewalld" package is not installed, this is a finding.[39m

[36m```[39m
[36m---[39m
[36mSV-274028:[39m
[36mOld: [39m
[36m```[39m
[36mVerify that "firewalld" is active with the following command:[39m

[36m$ systemctl is-active firewalld[39m

[36mactive[39m

[36mIf the firewalld service is not active, this is a finding.[39m

[36m```[39m

[36mUpdated:[39m
[36m```[39m
[36mVerify Amazon Linux 2023 firewalld service is active with the following command:[39m

[36m$ systemctl is-active firewalld [39m
[36mactive[39m

[36mIf the "firewalld" service is not active, this is a finding.[39m

[36m```[39m
[36m---[39m
[36mSV-274031:[39m
[36mOld: [39m
[36m```[39m
[36mVerify that RHEL 9 is configured to allow sending email notifications.[39m

[36mNote: The "s-nail" package provides the "mail" command that is used to send email messages.[39m

[36mVerify that the "s-nail" package is installed on the system:[39m

[36m$ dnf list --installed s-nail[39m

[36ms-nail.x86_64          14.9.22-6.el9[39m

[36mIf "s-nail" package is not installed, this is a finding.[39m

[36m```[39m

[36mUpdated:[39m
[36m```[39m
[36mVerify Amazon Linux 2023 has the "s-nail" package is installed on the system with the following command:[39m

[36m$ dnf list --installed s-nail[39m
[36mInstalled Packages[39m
[36ms-nail.x86_64          14.9.24-6.amzn2023          @amazonlinux[39m

[36mIf the "s-nail" package is not installed, this is a finding.[39m

[36m```[39m
[36m---[39m
[36mSV-274033:[39m
[36mOld: [39m
[36m```[39m
[36mVerify RHEL 9 has the policycoreutils package installed with the following command:[39m

[36m$ dnf list --installed policycoreutils[39m

[36mExample output:[39m

[36mpolicycoreutils.x86_64          3.3-6.el9_0[39m

[36mIf the "policycoreutils" package is not installed, this is a finding.[39m

[36m```[39m

[36mUpdated:[39m
[36m```[39m
[36mVerify Amazon Linux 2023 has the policycoreutils package installed with the following command:[39m

[36m$ dnf list --installed policycoreutils[39m
[36mInstalled Packages[39m
[36mpolicycoreutils.x86_64          3.4-6.amzn2023.0.2          @System[39m

[36mIf the "policycoreutils" package is not installed, this is a finding.[39m

[36m```[39m
[36m---[39m
[36mSV-274034:[39m
[36mOld: [39m
[36m```[39m
[36mNote: If the system administrator (SA) demonstrates the use of an approved alternate multifactor authentication method, this requirement is Not Applicable.[39m

[36mVerify that RHEL 9 has the pcsc-lite package installed with the following command:[39m

[36m$ dnf list --installed pcsc-lite[39m

[36mExample output:[39m

[36mpcsc-lite.x86_64          1.9.4-1.el9[39m

[36mIf the "pcsc-lite" package is not installed, this is a finding.[39m

[36m```[39m

[36mUpdated:[39m
[36m```[39m
[36mVerify Amazon Linux 2023 has the pcsc-lite package installed with the following command:[39m

[36m$ dnf list --installed pcsc-lite[39m
[36mInstalled Packages[39m
[36mpcsc-lite.x86_64          1.9.1-1.amzn2023.0.4          @amazonlinux[39m

[36mIf the "pcsc-lite" package is not installed, this is a finding.[39m

[36m```[39m
[36m---[39m
[36mSV-274035:[39m
[36mOld: [39m
[36m```[39m
[36mVerify that the symlink exists and targets the correct Kerberos cryptographic policy with the following command:[39m

[36m$ file /etc/crypto-policies/back-ends/krb5.config[39m

[36mIf command output shows the following line, Kerberos is configured to use the systemwide crypto policy:[39m

[36m/etc/crypto-policies/back-ends/krb5.config: symbolic link to /usr/share/crypto-policies/FIPS/krb5.txt[39m

[36mIf the symlink does not exist or points to a different target, this is a finding.[39m

[36m```[39m

[36mUpdated:[39m
[36m```[39m
[36mVerify Amazon Linux 2023 has the rsyslog-openssl package installed with the following command:[39m

[36m$ dnf list --installed rsyslog-openssl[39m
[36mInstalled Packages[39m
[36mrsyslog-openssl.x86_64          8.2204.0-3.amzn2023.0.4          @amazonlinux[39m

[36mIf the "rsyslog-openssl" package is not installed, this is a finding.[39m

[36m```[39m
[36m---[39m
[36mSV-274036:[39m
[36mOld: [39m
[36m```[39m
[36mVerify that RHEL 9 has the opensc package installed with the following command:[39m

[36m$ dnf list --installed opensc[39m

[36mExample output:[39m

[36mopensc.x86_64          0.22.0-2.el9[39m

[36mIf the "opensc" package is not installed, this is a finding.[39m

[36m```[39m

[36mUpdated:[39m
[36m```[39m
[36mVerify Amazon Linux 2023 has the opensc package installed with the following command:[39m

[36m$ sudo dnf list --installed opensc[39m
[36mInstalled Packages[39m
[36mopensc.x86_64          0.24.0-1.amzn2023.0.4          @amazonlinux[39m

[36mIf the "opensc" package is not installed, this is a finding.[39m

[36m```[39m
[36m---[39m
[36mSV-274037:[39m
[36mOld: [39m
[36m```[39m
[36mNote: If the system administrator (SA) demonstrates the use of an approved alternate multifactor authentication method, this requirement is not applicable.[39m

[36mVerify the operating system implements Online Certificate Status Protocol (OCSP) and is using the proper digest value on the system with the following command:[39m

[36m$ sudo grep -sir certificate_verification /etc/sssd/sssd.conf /etc/sssd/conf.d/ | grep -v "^#"[39m

[36m/etc/sssd/conf.d/certificate_verification:certificate_verification = ocsp_dgst=sha512[39m

[36mIf the certificate_verification line is missing from the [sssd] section, or is missing "ocsp_dgst=sha512", ask the administrator to indicate what type of multifactor authentication is being used and how the system implements certificate status checking.[39m

[36mIf there is no evidence of certificate status checking being used, this is a finding.[39m

[36m```[39m

[36mUpdated:[39m
[36m```[39m
[36mVerify Amazon Linux 2023 has the openssl-pkcs11 package installed with the following command:[39m

[36m$ dnf list --installed openssl-pkcs11[39m
[36mInstalled Packages[39m
[36mopenssl-pkcs11.x86_64          0.4.12-3.amzn2023.0.1          @System[39m

[36mIf the "openssl-pkcs11" package is not installed, this is a finding.[39m

[36m```[39m
[36m---[39m
[36mSV-274038:[39m
[36mOld: [39m
[36m```[39m
[36mVerify that RHEL 9 has the openssh-server package installed with the following command:[39m

[36m$ dnf list --installed openssh-server[39m

[36mExample output:[39m

[36mopenssh-server.x86_64          8.7p1-8.el9[39m

[36mIf the "openssh-server" package is not installed, this is a finding.[39m

[36m```[39m

[36mUpdated:[39m
[36m```[39m
[36mVerify Amazon Linux 2023 has the openssh-server package installed with the following command:[39m

[36m$ dnf list --installed openssh-server[39m
[36mInstalled Packages[39m
[36mopenssh-server.x86_64          8.7p1-8.amzn2023.0.13          @amazonlinux[39m

[36mIf the "openssh-server" package is not installed, this is a finding.[39m

[36m```[39m
[36m---[39m
[36mSV-274039:[39m
[36mOld: [39m
[36m```[39m
[36mVerify that "sshd" is active with the following command:[39m

[36m$ systemctl is-active sshd[39m

[36mactive[39m

[36mIf the "sshd" service is not active, this is a finding.[39m

[36m```[39m

[36mUpdated:[39m
[36m```[39m
[36mVerify Amazon Linux 2023 has "sshd" set to active with the following command:[39m

[36m$ systemctl is-active sshd[39m
[36mactive[39m

[36mIf the "sshd" service is not active, this is a finding.[39m

[36m```[39m
[36m---[39m
[36mSV-274040:[39m
[36mOld: [39m
[36m```[39m
[36mVerify that the RHEL 9 crypto-policies package is installed with the following command:[39m

[36m$ dnf list --installed crypto-policies[39m

[36mExample output:[39m

[36mcrypto-policies.noarch          20240828-2.git626aa59.el9_5[39m

[36mIf the crypto-policies package is not installed, this is a finding.[39m

[36m```[39m

[36mUpdated:[39m
[36m```[39m
[36mVerify Amazon Linux 2023 crypto-policies package is installed with the following command:[39m

[36m$ dnf list --installed crypto-policies[39m
[36mInstalled Packages[39m
[36mcrypto-policies.noarch          20240828-2.git626aa59.amzn2023.0.1          @System[39m

[36mIf the "crypto-policies" package is not installed, this is a finding.[39m

[36m```[39m
[36m---[39m
[36mSV-274042:[39m
[36mOld: [39m
[36m```[39m
[36mVerify the SSH server is configured to use only ciphers employing FIPS 140-3 approved algorithms.[39m

[36mTo verify the ciphers in the systemwide SSH configuration file, use the following command:[39m

[36m$ sudo grep -i Ciphers /etc/crypto-policies/back-ends/opensshserver.config[39m
[36mCiphers aes256-gcm@openssh.com,aes256-ctr,aes128-gcm@openssh.com,aes128-ctr[39m

[36mIf the cipher entries in the "opensshserver.config" file have any ciphers other than "aes256-gcm@openssh.com,aes256-ctr,aes128-gcm@openssh.com,aes128-ctr", or they are missing or commented out, this is a finding.[39m

[36m```[39m

[36mUpdated:[39m
[36m```[39m
[36mVerify Amazon Linux 2023 SSH server is configured to use only ciphers employing FIPS 140-2/140-3 approved algorithms with the following command:[39m

[36m$ sudo grep -i Ciphers /etc/crypto-policies/back-ends/opensshserver.config [39m
[36mCiphers aes256-gcm@openssh.com,aes256-ctr,aes128-gcm@openssh.com,aes128-ctr[39m

[36mIf the cipher entries in the "opensshserver.config" file have any ciphers other than "aes256-gcm@openssh.com,aes256-ctr,aes128-gcm@openssh.com,aes128-ctr", or they are missing or commented out, this is a finding.[39m

[36m```[39m
[36m---[39m
[36mSV-274043:[39m
[36mOld: [39m
[36m```[39m
[36mVerify the SSH server is configured to use only MACs employing FIPS 140-3 approved algorithms.[39m

[36mTo verify the MACs in the systemwide SSH configuration file, use the following command:[39m

[36m$ sudo grep -i MACs /etc/crypto-policies/back-ends/opensshserver.config[39m

[36mMACs hmac-sha2-256-etm@openssh.com,hmac-sha2-512-etm@openssh.com,hmac-sha2-256,hmac-sha2-512[39m

[36mIf the MACs entries in the "opensshserver.config" file have any hashes other than "hmac-sha2-256-etm@openssh.com,hmac-sha2-512-etm@openssh.com,hmac-sha2-256,hmac-sha2-512", or they are missing or commented out, this is a finding.[39m

[36m```[39m

[36mUpdated:[39m
[36m```[39m
[36mVerify Amazon Linux 2023 SSH server is configured to use only MACs employing FIPS 140-2/140-3 approved algorithms.[39m

[36mTo verify the MACs in the systemwide SSH configuration file, use the following command:[39m

[36m$ sudo grep -i MACs /etc/crypto-policies/back-ends/opensshserver.config[39m
[36mMACs hmac-sha2-256-etm@openssh.com,hmac-sha2-512-etm@openssh.com,hmac-sha2-256,hmac-sha2-512[39m

[36mIf the MACs entries in the "opensshserver.config" file have any hashes other than "hmac-sha2-256-etm@openssh.com,hmac-sha2-512-etm@openssh.com,hmac-sha2-256,hmac-sha2-512", or they are missing or commented out, this is a finding.[39m

[36m```[39m
[36m---[39m
[36mSV-274044:[39m
[36mOld: [39m
[36m```[39m
[36mVerify the SSH daemon does not allow GSSAPI authentication with the following command:[39m

[36m$ sudo /usr/sbin/sshd -dd 2>&1 | awk '/filename/ {print $4}' | tr -d '\r' | tr '\n' ' ' | xargs sudo grep -iH '^\s*gssapiauthentication'[39m

[36mGSSAPIAuthentication no[39m

[36mIf the value is returned as "yes", the returned line is commented out, no output is returned, and the use of GSSAPI authentication has not been documented with the information system security officer (ISSO), this is a finding.[39m

[36mIf the required value is not set, this is a finding.[39m

[36m```[39m

[36mUpdated:[39m
[36m```[39m
[36mVerify Amazon Linux 2023 is configured so that the SSH daemon does not allow GSSAPI authentication with the following command:[39m

[36m$ sudo /usr/sbin/sshd -dd 2>&1 | awk '/filename/ {print $4}' | tr -d '\r' | tr '\n' ' ' | xargs sudo grep -iH '^\s*gssapiauthentication'[39m
[36m/etc/ssh/sshd_config.d/50-redhat.conf:GSSAPIAuthentication no[39m

[36mIf the value is returned as "yes", the returned line is commented out, no output is returned, and the use of GSSAPI authentication has not been documented with the information system security officer (ISSO), this is a finding.[39m

[36mIf the required value is not set, this is a finding.[39m

[36m```[39m
[36m---[39m
[36mSV-274045:[39m
[36mOld: [39m
[36m```[39m
[36mVerify the SSH daemon does not allow Kerberos authentication with the following command:[39m

[36m$ sudo /usr/sbin/sshd -dd 2>&1 | awk '/filename/ {print $4}' | tr -d '\r' | tr '\n' ' ' | xargs sudo grep -iH '^\s*kerberosauthentication'[39m

[36mKerberosAuthentication no[39m

[36mIf the value is returned as "yes", the returned line is commented out, no output is returned, and the use of Kerberos authentication has not been documented with the information system security officer (ISSO), this is a finding.[39m

[36m```[39m

[36mUpdated:[39m
[36m```[39m
[36mVerify Amazon Linux 2023 is configured so that the SSH daemon does not allow Kerberos authentication with the following command:[39m

[36m$ [ec2-user@ip-172-31-12-63 ~]$ sudo /usr/sbin/sshd -dd 2>&1 | awk '/filename/ {print $4}' | tr -d '\r' | tr '\n' ' ' | xargs sudo grep -iH '^\s*kerberosauthentication'[39m
[36m/etc/ssh/sshd_config.d/93-KerberosAuthentication.conf:KerberosAuthentication no[39m

[36mIf the value is returned as "yes", the returned line is commented out, no output is returned, and the use of Kerberos authentication has not been documented with the information system security officer (ISSO), this is a finding.[39m

[36m```[39m
[36m---[39m
[36mSV-274046:[39m
[36mOld: [39m
[36m```[39m
[36mVerify the SSH server is configured to force frequent session key renegotiation with the following command:[39m

[36m$ sudo /usr/sbin/sshd -dd 2>&1 | awk '/filename/ {print $4}' | tr -d '\r' | tr '\n' ' ' | xargs sudo grep -iH '^\s*rekeylimit'[39m

[36mRekeyLimit 1G 1h[39m

[36mIf "RekeyLimit" does not have a maximum data amount and maximum time defined, is missing, or is commented out, this is a finding.[39m

[36m```[39m

[36mUpdated:[39m
[36m```[39m
[36mVerify Amazon Linux 2023 is configured so that the SSH forces frequent session key renegotiation with the following command:[39m

[36m$ sudo /usr/sbin/sshd -dd 2>&1 | awk '/filename/ {print $4}' | tr -d '\r' | tr '\n' ' ' | xargs sudo grep -iH '^\s*rekeylimit'[39m
[36mRekeyLimit 1G 1h[39m

[36mIf "RekeyLimit" does not have a maximum data amount and maximum time defined, is missing, or is commented out, this is a finding.[39m

[36m```[39m
[36m---[39m
[36mSV-274047:[39m
[36mOld: [39m
[36m```[39m
[36mNote: If the system administrator demonstrates the use of an approved alternate multifactor authentication method, this requirement is Not Applicable.[39m

[36mVerify that RHEL 9 SSH daemon accepts public key encryption with the following command:[39m

[36m$ sudo /usr/sbin/sshd -dd 2>&1 | awk '/filename/ {print $4}' | tr -d '\r' | tr '\n' ' ' | xargs sudo grep -iH '^\s*pubkeyauthentication'[39m

[36mPubkeyAuthentication yes[39m

[36mIf "PubkeyAuthentication" is set to no, the line is commented out, or the line is missing, this is a finding.[39m

[36m```[39m

[36mUpdated:[39m
[36m```[39m
[36mVerify Amazon Linux 2023 is configured so that the SSH daemon accepts public key encryption with the following command:[39m
[36m [39m
[36m$ sudo grep -ir PubkeyAuthentication /etc/ssh/sshd_config /etc/ssh/sshd_config.d/[39m
[36m/etc/ssh/sshd_config:#PubkeyAuthentication yes[39m
[36m/etc/ssh/sshd_config.d/90-PubkeyAuth:PubkeyAuthentication yes[39m
[36m [39m
[36mIf "PubkeyAuthentication" is set to no, the line is commented out, or the line is missing, this is a finding.[39m

[36m```[39m
[36m---[39m
[36mSV-274048:[39m
[36mOld: [39m
[36m```[39m
[36mVerify that RHEL 9 remote access using SSH prevents logging on with a blank password with the following command:[39m

[36m$ sudo /usr/sbin/sshd -dd 2>&1 | awk '/filename/ {print $4}' | tr -d '\r' | tr '\n' ' ' | xargs sudo grep -iH '^\s*permitemptypasswords'[39m

[36mPermitEmptyPasswords no[39m

[36mIf the "PermitEmptyPasswords" keyword is set to "yes", is missing, or is commented out, this is a finding.[39m

[36m```[39m

[36mUpdated:[39m
[36m```[39m
[36mVerify Amazon Linux 2023 remote access using SSH prevents logging on with a blank password with the following command:[39m

[36m$ sudo grep -ir PermitEmptyPasswords /etc/ssh/sshd_config /etc/ssh/sshd_config.d/[39m
[36m/etc/ssh/sshd_config:PermitEmptyPasswords no[39m

[36mIf the "PermitEmptyPassword" keyword is set to "yes", is missing, or is commented out, this is a finding.[39m

[36m```[39m
[36m---[39m
[36mSV-274049:[39m
[36mOld: [39m
[36m```[39m
[36mVerify RHEL 9 remote access using SSH prevents users from logging on directly as "root" with the following command:[39m

[36m$ sudo /usr/sbin/sshd -dd 2>&1 | awk '/filename/ {print $4}' | tr -d '\r' | tr '\n' ' ' | xargs sudo grep -iH '^\s*permitrootlogin'[39m

[36mPermitRootLogin no[39m

[36mIf the "PermitRootLogin" keyword is set to any value other than "no", is missing, or is commented out, this is a finding.[39m

[36m```[39m

[36mUpdated:[39m
[36m```[39m
[36mVerify Amazon Linux 2023 remote access using SSH prevents users from logging on directly as "root" with the following command:[39m

[36m$ sudo grep -ir PermitRootLogin /etc/ssh/sshd_config /etc/ssh/sshd_config.d/[39m
[36m/etc/ssh/sshd_config:PermitRootLogin no[39m

[36mIf the "PermitRootLogin" keyword is set to "yes", is missing, or is commented out, this is a finding.[39m

[36m```[39m
[36m---[39m
[36mSV-274050:[39m
[36mOld: [39m
[36m```[39m
[36mVerify the "ClientAliveCountMax" is set to "1" by performing the following command:[39m

[36m$ sudo /usr/sbin/sshd -dd 2>&1 | awk '/filename/ {print $4}' | tr -d '\r' | tr '\n' ' ' | xargs sudo grep -iH '^\s*clientalivecountmax'[39m

[36mClientAliveCountMax 1[39m

[36mIf "ClientAliveCountMax" does not exist, is not set to a value of "1" in "/etc/ssh/sshd_config", or is commented out, this is a finding.[39m

[36m```[39m

[36mUpdated:[39m
[36m```[39m
[36mVerify Amazon Linux 2023 has the "ClientAliveInterval" variable set to a value of "600" or less by performing the following command:[39m

[36m$ sudo /usr/sbin/sshd -dd 2>&1 | awk '/filename/ {print $4}' | tr -d '\r' | tr '\n' ' ' | xargs sudo grep -iH '^\s*clientaliveinterval'[39m
[36m/etc/ssh/sshd_config.d/91-ClientAliveInterval.conf:ClientAliveInterval 600[39m

[36mIf "ClientAliveInterval" does not exist, does not have a value of "600" or less in "/etc/ssh/sshd_config" or a dropfile in "/etc/ssh/sshd_config.d", or is commented out, this is a finding.[39m

[36m```[39m
[36m---[39m
[36mSV-274052:[39m
[36mOld: [39m
[36m```[39m
[36mVerify the RHEL 9 SSHD is configured to allow for the UsePAM interface with the following command:[39m

[36m$ sudo /usr/sbin/sshd -dd 2>&1 | awk '/filename/ {print $4}' | tr -d '\r' | tr '\n' ' ' | xargs sudo grep -iH '^\s*usepam'[39m

[36mUsePAM yes[39m

[36mIf the "UsePAM" keyword is set to "no", is missing, or is commented out, this is a finding.[39m

[36m```[39m

[36mUpdated:[39m
[36m```[39m
[36mVerify Amazon Linux 2023 SSHD is configured to allow for the UsePAM interface with the following command:[39m

[36m$ sudo /usr/sbin/sshd -dd 2>&1 | awk '/filename/ {print $4}' | tr -d '\r' | tr '\n' ' ' | xargs sudo grep -iH '^\s*usepam'[39m
[36m/etc/ssh/sshd_config.d/50-redhat.conf:UsePAM yes[39m

[36mIf the "UsePAM" keyword is set to "no", is missing, or is commented out, this is a finding.[39m

[36m```[39m
[36m---[39m
[36mSV-274057:[39m
[36mOld: [39m
[36m```[39m
[36mVerify RHEL 9 is in FIPS mode with the following command:[39m

[36m$ sudo fips-mode-setup --check[39m
[36mFIPS mode is enabled.[39m

[36mIf FIPS mode is not enabled, this is a finding.[39m

[36mIf any other lines are returned by the above command, run the following command to see the currently applied crypto-policy:[39m

[36m$ update-crypto-policies --show[39m
[36mFIPS[39m

[36mIf the policy is not "FIPS" or a FIPS policy authorized by and documented with the ISSO, this is a finding.[39m

[36m```[39m

[36mUpdated:[39m
[36m```[39m
[36mVerify Amazon Linux 2023 is in FIPS mode with the following command:[39m

[36m$ sudo fips-mode-setup --check[39m
[36mFIPS mode is enabled.[39m

[36mIf FIPS mode is not enabled, this is a finding.[39m

[36m```[39m
[36m---[39m
[36mSV-274058:[39m
[36mOld: [39m
[36m```[39m
[36mVerify that RHEL 9 cryptographic policies are not overridden.[39m

[36mVerify that the configured policy matches the generated policy with the following command:[39m

[36m$ sudo update-crypto-policies --check[39m

[36mThe configured policy matches the generated policy[39m

[36mIf the returned message does not match the above, but instead matches the following, this is a finding:[39m

[36mThe configured policy does NOT match the generated policy[39m

[36mList all of the crypto backends configured on the system with the following command:[39m

[36m$ ls -l /etc/crypto-policies/back-ends/[39m

[36mlrwxrwxrwx. 1 root root  40 Nov 13 16:29 bind.config -> /usr/share/crypto-policies/FIPS/bind.txt[39m
[36mlrwxrwxrwx. 1 root root  42 Nov 13 16:29 gnutls.config -> /usr/share/crypto-policies/FIPS/gnutls.txt[39m
[36mlrwxrwxrwx. 1 root root  40 Nov 13 16:29 java.config -> /usr/share/crypto-policies/FIPS/java.txt[39m
[36mlrwxrwxrwx. 1 root root  46 Nov 13 16:29 javasystem.config -> /usr/share/crypto-policies/FIPS/javasystem.txt[39m
[36mlrwxrwxrwx. 1 root root  40 Nov 13 16:29 krb5.config -> /usr/share/crypto-policies/FIPS/krb5.txt[39m
[36mlrwxrwxrwx. 1 root root  45 Nov 13 16:29 libreswan.config -> /usr/share/crypto-policies/FIPS/libreswan.txt[39m
[36mlrwxrwxrwx. 1 root root  42 Nov 13 16:29 libssh.config -> /usr/share/crypto-policies/FIPS/libssh.txt[39m
[36m-rw-r--r--. 1 root root 398 Nov 13 16:29 nss.config[39m
[36mlrwxrwxrwx. 1 root root  43 Nov 13 16:29 openssh.config -> /usr/share/crypto-policies/FIPS/openssh.txt[39m
[36mlrwxrwxrwx. 1 root root  49 Nov 13 16:29 opensshserver.config -> /usr/share/crypto-policies/FIPS/opensshserver.txt[39m
[36mlrwxrwxrwx. 1 root root  46 Nov 13 16:29 opensslcnf.config -> /usr/share/crypto-policies/FIPS/opensslcnf.txt[39m
[36mlrwxrwxrwx. 1 root root  43 Nov 13 16:29 openssl.config -> /usr/share/crypto-policies/FIPS/openssl.txt[39m
[36mlrwxrwxrwx. 1 root root  48 Nov 13 16:29 openssl_fips.config -> /usr/share/crypto-policies/FIPS/openssl_fips.txt[39m

[36mIf the paths do not point to the respective files under /usr/share/crypto-policies/FIPS path, this is a finding.[39m

[36mNote: nss.config should not be symlinked.[39m

[36mNote: If there is an operational need to use a subpolicy that causes the links to the crypto backends to break, this is a finding, and exceptions will need to be made by the authorizing official (AO) and documented with the information system security officer (ISSO).[39m

[36m```[39m

[36mUpdated:[39m
[36m```[39m
[36mVerify Amazon Linux 2023 custom crypto policies are loaded correctly with the following command:[39m

[36m$ ls -l /etc/crypto-policies/back-ends/[39m
[36mlrwxrwxrwx. 1 root root 40 Mar 7 19:22 bind.config -> /usr/share/crypto-policies/FIPS/bind.txt[39m
[36mlrwxrwxrwx. 1 root root 42 Mar 7 19:22 gnutls.config -> /usr/share/crypto-policies/FIPS/gnutls.txt[39m
[36mlrwxrwxrwx. 1 root root 40 Mar 7 19:22 java.config -> /usr/share/crypto-policies/FIPS/java.txt[39m
[36mlrwxrwxrwx. 1 root root 46 Mar 7 19:22 javasystem.config -> /usr/share/crypto-policies/FIPS/javasystem.txt[39m
[36mlrwxrwxrwx. 1 root root 40 Mar 7 19:22 krb5.config -> /usr/share/crypto-policies/FIPS/krb5.txt[39m
[36mlrwxrwxrwx. 1 root root 45 Mar 7 19:22 libreswan.config -> /usr/share/crypto-policies/FIPS/libreswan.txt[39m
[36mlrwxrwxrwx. 1 root root 42 Mar 7 19:22 libssh.config -> /usr/share/crypto-policies/FIPS/libssh.txt[39m
[36m-rw-r--r--. 1 root root 398 Mar 7 19:22 nss.config[39m
[36mlrwxrwxrwx. 1 root root 43 Mar 7 19:22 openssh.config -> /usr/share/crypto-policies/FIPS/openssh.txt[39m
[36mlrwxrwxrwx. 1 root root 49 Mar 7 19:22 opensshserver.config -> /usr/share/crypto-policies/FIPS/opensshserver.txt[39m
[36mlrwxrwxrwx. 1 root root 43 Mar 7 19:22 openssl.config -> /usr/share/crypto-policies/FIPS/openssl.txt[39m
[36mlrwxrwxrwx. 1 root root 48 Mar 7 19:22 openssl_fips.config -> /usr/share/crypto-policies/FIPS/openssl_fips.txt[39m
[36mlrwxrwxrwx. 1 root root 46 Mar 7 19:22 opensslcnf.config -> /usr/share/crypto-policies/FIPS/opensslcnf.txt[39m

[36mIf the paths do not point to the respective files under /usr/share/crypto-policies/FIPS path, this is a finding.[39m
[36mNote: nss.config must not be hyperlinked.[39m

[36m```[39m
[36m---[39m
[36mSV-274059:[39m
[36mOld: [39m
[36m```[39m
[36mNote: If the system administrator (SA) demonstrates the use of an approved alternate multifactor authentication method, this requirement is Not Applicable.[39m

[36mTo verify that RHEL 9 has smart cards  enabled in System Security Services Daemon (SSSD), run the following command:[39m

[36m$ sudo grep -ir pam_cert_auth /etc/sssd/sssd.conf /etc/sssd/conf.d/[39m

[36mpam_cert_auth = True[39m

[36mIf "pam_cert_auth" is not set to "True", the line is commented out, or the line is missing, this is a finding.[39m

[36m```[39m

[36mUpdated:[39m
[36m```[39m
[36mNote: If the system administrator demonstrates the use of an approved alternate multifactor authentication method, this requirement is not applicable.[39m

[36mVerify Amazon Linux 2023 has smart cards enabled in System Security Services Daemon (SSSD), run the following command:[39m

[36m$ sudo grep -ir pam_cert_auth /etc/sssd/sssd.conf /etc/sssd/conf.d/[39m
[36m/etc/sssd/sssd.conf:pam_cert_auth = True[39m

[36mIf "pam_cert_auth" is not set to "True", the line is commented out, or the line is missing, this is a finding.[39m

[36m```[39m
[36m---[39m
[36mSV-274060:[39m
[36mOld: [39m
[36m```[39m
[36mNote: If the system administrator (SA) demonstrates the use of an approved alternate multifactor authentication method, this requirement is not applicable.[39m

[36mVerify the certificate of the user or group is mapped to the corresponding user or group in the "sssd.conf" file with the following command:[39m

[36m$ sudo find /etc/sssd/sssd.conf /etc/sssd/conf.d/ -type f -exec cat {} \;[39m

[36m[certmap/testing.test/rule_name][39m
[36mmatchrule =<SAN>.*EDIPI@mil[39m
[36mmaprule = (userCertificate;binary={cert!bin})[39m
[36mdomains = testing.test[39m

[36mIf the certmap section does not exist, ask the SA to indicate how certificates are mapped to accounts.[39m

[36mIf there is no evidence of certificate mapping, this is a finding.[39m

[36m```[39m

[36mUpdated:[39m
[36m```[39m
[36mNote: If the system administrator (SA) demonstrates the use of an approved alternate multifactor authentication method, this requirement is not applicable.[39m

[36mVerify the certificate of the user or group is mapped to the corresponding user or group in the "sssd.conf" file with the following command:[39m

[36m$ sudo find /etc/sssd/sssd.conf /etc/sssd/conf.d/ -type f -exec cat {} \;[39m
[36m[sssd][39m
[36mconfig_file_version = 2[39m
[36mservices = pam, sudo, ssh[39m
[36mdomains = testing.test[39m

[36m[pam][39m
[36mpam_cert_auth = True[39m
[36moffline_credentials_expiration = 1[39m

[36m[domain/testing.test][39m
[36mid_provider = ldap[39m

[36m[certmap/testing.test/rule_name][39m
[36mmatchrule =<SAN>.*EDIPI@mil[39m
[36mmaprule = (userCertificate;binary={cert!bin})[39m
[36mdomains = testing.test[39m

[36mIf the certmap section does not exist, ask the SA to indicate how certificates are mapped to accounts. If there is no evidence of certificate mapping, this is a finding.[39m

[36m```[39m
[36m---[39m
[36mSV-274062:[39m
[36mOld: [39m
[36m```[39m
[36mVerify that the System Security Services Daemon (SSSD) prohibits the use of cached authentications after one day.[39m

[36mNote: Cached authentication settings should be configured even if smart card authentication is not used on the system.[39m

[36mCheck that SSSD allows cached authentications with the following command:[39m

[36m$ sudo grep -ir cache_credentials /etc/sssd/sssd.conf /etc/sssd/conf.d/[39m

[36mcache_credentials = true[39m

[36mIf "cache_credentials" is set to "false" or missing from the configuration file, this is not a finding and no further checks are required.[39m

[36mIf "cache_credentials" is set to "true", check that SSSD prohibits the use of cached authentications after one day with the following command:[39m

[36m$ sudo grep -ir offline_credentials_expiration /etc/sssd/sssd.conf /etc/sssd/conf.d/[39m

[36moffline_credentials_expiration = 1[39m

[36mIf "offline_credentials_expiration" is not set to a value of "1", this is a finding.[39m

[36m```[39m

[36mUpdated:[39m
[36m```[39m
[36mVerify Amazon Linux 2023 is configured so that the System Security Services Daemon (SSSD) prohibits the use of cached authentications after one day.[39m

[36mNote: Cached authentication settings should be configured even if smart card authentication is not used on the system.[39m

[36mCheck that SSSD allows cached authentications with the following command:[39m

[36m$ sudo grep -ir cache_credentials /etc/sssd/sssd.conf /etc/sssd/conf.d/[39m
[36m/etc/sssd/sssd.conf:cache_credentials = true[39m

[36mIf "cache_credentials" is set to "false" or missing from the configuration file, this is not a finding and no further checks are required.[39m

[36mIf "cache_credentials" is set to "true", check that SSSD prohibits the use of cached authentications after one day with the following command:[39m

[36m$ sudo grep -ir offline_credentials_expiration /etc/sssd/sssd.conf /etc/sssd/conf.d/[39m
[36m/etc/sssd/sssd.conf:offline_credentials_expiration = 1[39m

[36mIf "offline_credentials_expiration" is not set to a value of "1", this is a finding.[39m

[36m```[39m
[36m---[39m
[36mSV-274063:[39m
[36mOld: [39m
[36m```[39m
[36mNote: If the system administrator demonstrates the use of an approved alternate multifactor authentication method, this requirement is not applicable.[39m

[36mVerify RHEL 9 for PKI-based authentication has valid certificates by constructing a certification path (which includes status information) to an accepted trust anchor.[39m

[36mCheck that the system has a valid DOD root CA installed with the following command:[39m

[36m$ sudo openssl x509 -text -in /etc/sssd/pki/sssd_auth_ca_db.pem[39m

[36mExample output:[39m

[36mCertificate:[39m
[36m    Data:[39m
[36m        Version: 3 (0x2)[39m
[36m        Serial Number: 1 (0x1)[39m
[36m        Signature Algorithm: sha256WithRSAEncryption[39m
[36m        Issuer: C = US, O = U.S. Government, OU = DoD, OU = PKI, CN = DoD Root CA 3[39m
[36m        Validity[39m
[36m        Not Before: Mar 20 18:46:41 2012 GMT[39m
[36m        Not After: Dec 30 18:46:41 2029 GMT[39m
[36m        Subject: C = US, O = U.S. Government, OU = DoD, OU = PKI, CN = DoD Root CA 3[39m
[36m        Subject Public Key Info:[39m
[36m            Public Key Algorithm: rsaEncryption[39m

[36mIf the root CA file is not a DOD-issued certificate with a valid date and installed in the "/etc/sssd/pki/sssd_auth_ca_db.pem" location, this is a finding.[39m

[36m```[39m

[36mUpdated:[39m
[36m```[39m
[36mNote: If the system administrator (SA) demonstrates the use of an approved alternate multifactor authentication method, this requirement is not applicable.[39m

[36mVerify Amazon Linux 2023 for PKI-based authentication has valid certificates by constructing a certification path (which includes status information) to an accepted trust anchor.[39m

[36mCheck that the system has a valid DOD root CA installed with the following command:[39m

[36m$ sudo openssl x509 -text -in /etc/sssd/pki/sssd_auth_ca_db.pem[39m
[36mCertificate:[39m
[36m Data:[39m
[36m Version: 3 (0x2)[39m
[36m Serial Number: 1 (0x1)[39m
[36m Signature Algorithm: sha256WithRSAEncryption[39m
[36m Issuer: C = US, O = U.S. Government, OU = DOD, OU = PKI, CN = DOD Root CA 3[39m
[36m Validity[39m
[36m Not Before: Mar 20 18:46:41 2012 GMT[39m
[36m Not After : Dec 30 18:46:41 2029 GMT[39m
[36m Subject: C = US, O = U.S. Government, OU = DOD, OU = PKI, CN = DOD Root CA 3[39m
[36m Subject Public Key Info:[39m
[36m Public Key Algorithm: rsaEncryption[39m

[36mIf the root ca file is not a DOD-issued certificate with a valid date and installed in the /etc/sssd/pki/sssd_auth_ca_db.pem location, this is a finding.[39m

[36m```[39m
[36m---[39m
[36mSV-274064:[39m
[36mOld: [39m
[36m```[39m
[36mNote: If the system administrator demonstrates the use of an approved alternate multifactor authentication method, this requirement is not applicable.[39m

[36mVerify the SSH private key files have a passcode.[39m

[36mFor each private key stored on the system, use the following command:[39m

[36m$ sudo ssh-keygen -y -f /path/to/file[39m

[36mThe expected output is a password prompt:[39m
[36m "Enter passphrase:"[39m

[36mIf the password prompt is not displayed, and the contents of the key are displayed, this is a finding.[39m

[36m```[39m

[36mUpdated:[39m
[36m```[39m
[36mVerify Amazon Linux 2023 SSH private key files have a passcode.[39m

[36mFor each private key stored on the system, use the following command:[39m

[36m$ sudo ssh-keygen -y -f /path/to/file[39m

[36mIf the contents of the key are displayed, this is a finding.[39m

[36m```[39m
[36m---[39m
[36mSV-274065:[39m
[36mOld: [39m
[36m```[39m
[36mNote: This requirement assumes the use of the RHEL 9 default graphical user interface, Gnome Shell. If the system does not have any graphical user interface installed, this requirement is Not Applicable.[39m

[36mVerify RHEL 9 displays the Standard Mandatory DOD Notice and Consent Banner before granting access to the operating system via a graphical user logon.[39m

[36mCheck that the operating system displays the exact Standard Mandatory DOD Notice and Consent Banner text with the command:[39m

[36m$ gsettings get org.gnome.login-screen banner-message-text[39m

[36mbanner-message-text=[39m
[36m'You are accessing a U.S. Government (USG) Information System (IS) that is provided for USG-authorized use only.\nBy using this IS (which includes any device attached to this IS), you consent to the following conditions:\n-The USG routinely intercepts and monitors communications on this IS for purposes including, but not limited to, penetration testing, COMSEC monitoring, network operations and defense, personnel misconduct (PM), law enforcement (LE), and counterintelligence (CI) investigations.\n-At any time, the USG may inspect and seize data stored on this IS.\n-Communications using, or data stored on, this IS are not private, are subject to routine monitoring, interception, and search, and may be disclosed or used for any USG-authorized purpose.\n-This IS includes security measures (e.g., authentication and access controls) to protect USG interests--not for your personal benefit or privacy.\n-Notwithstanding the above, using this IS does not constitute consent to PM, LE or CI investigative searching or monitoring of the content of privileged communications, or work product, related to personal representation or services by attorneys, psychotherapists, or clergy, and their assistants. Such communications and work product are private and confidential. See User Agreement for details. '[39m

[36mNote: The "\n " characters are for formatting only. They will not be displayed on the graphical interface.[39m

[36mIf the banner does not match the Standard Mandatory DOD Notice and Consent Banner exactly, this is a finding.[39m

[36m```[39m

[36mUpdated:[39m
[36m```[39m
[36mVerify Amazon Linux 2023 displays the Standard Mandatory DOD Notice and Consent Banner before granting access to the system over any publicly accessible connection.[39m

[36mView the file specified by the banner keyword to check that it matches the text of the Standard Mandatory DOD Notice and Consent Banner with the following command:[39m

[36m$ more /etc/issue[39m

[36m"You are accessing a U.S. Government (USG) Information System (IS) that is provided for USG-authorized use only.[39m

[36mBy using this IS (which includes any device attached to this IS), you consent to the following conditions:[39m

[36m-The USG routinely intercepts and monitors communications on this IS for purposes including, but not limited to, penetration testing, COMSEC monitoring, network operations and defense, personnel misconduct (PM), law enforcement (LE), and counterintelligence (CI) investigations.[39m

[36m-At any time, the USG may inspect and seize data stored on this IS.[39m

[36m-Communications using, or data stored on, this IS are not private, are subject to routine monitoring, interception, and search, and may be disclosed or used for any USG-authorized purpose.[39m

[36m-This IS includes security measures (e.g., authentication and access controls) to protect USG interests--not for your personal benefit or privacy.[39m

[36m-Notwithstanding the above, using this IS does not constitute consent to PM, LE or CI investigative searching or monitoring of the content of privileged communications, or work product, related to personal representation or services by attorneys, psychotherapists, or clergy, and their assistants.  Such communications and work product are private and confidential.  See User Agreement for details."[39m

[36mIf the system does not display a logon banner or the banner text does not match the Standard Mandatory DOD Notice and Consent Banner, this is a finding.[39m

[36m```[39m
[36m---[39m
[36mSV-274066:[39m
[36mOld: [39m
[36m```[39m
[36mVerify any SSH connection to RHEL 9 displays the Standard Mandatory DOD Notice and Consent Banner before granting access to the system.[39m

[36mCheck for the location of the banner file being used with the following command:[39m

[36m$ sudo /usr/sbin/sshd -dd 2>&1 | awk '/filename/ {print $4}' | tr -d '\r' | tr '\n' ' ' | xargs sudo grep -iH '^\s*banner'[39m
[36m/etc/ssh/sshd_config.d/80-bannerPointer.conf:Banner /etc/issue[39m

[36mThis command will return the banner keyword and the name of the file that contains the SSH banner (in this case "/etc/issue").[39m

[36mIf the line is commented out, this is a finding.[39m

[36m```[39m

[36mUpdated:[39m
[36m```[39m
[36mVerify Amazon Linux 2023 displays the Standard Mandatory DOD Notice and Consent Banner before granting access to the system from any SSH connection.[39m

[36mCheck for the location of the banner file being used with the following command:[39m

[36m$ sudo /usr/sbin/sshd -dd 2>&1 | awk '/filename/ {print $4}' | tr -d '\r' | tr '\n' ' ' | xargs sudo grep -iH '^\s*banner'[39m
[36m/etc/ssh/sshd_config.d/80-bannerPointer.conf:Banner /etc/issue[39m

[36mThis command will return the banner keyword and the name of the file that contains the SSH banner (in this case "/etc/issue").[39m

[36mIf the line is commented out, this is a finding.[39m

[36m```[39m
[36m---[39m
[36mSV-274067:[39m
[36mOld: [39m
[36m```[39m
[36mVerify RHEL 9 allocates audit record storage capacity to store at least one week of audit records when audit records are not immediately sent to a central audit record storage facility.[39m

[36mNote: The partition size needed to capture a week of audit records is based on the activity level of the system and the total storage capacity available. Typically 10.0GB of storage space for audit records should be sufficient.[39m

[36mDetermine which partition the audit records are being written to with the following command:[39m

[36m$ sudo grep -w log_file /etc/audit/auditd.conf[39m

[36mlog_file = /var/log/audit/audit.log[39m

[36mCheck the size of the partition that audit records are written to with the following command and verify whether it is sufficiently large:[39m

[36m # df -h /var/log/audit/[39m

[36m/dev/sda2 24G 10.4G 13.6G 43% /var/log/audit[39m

[36mIf the audit record partition is not allocated for sufficient storage capacity, this is a finding.[39m

[36m```[39m

[36mUpdated:[39m
[36m```[39m
[36mVerify Amazon Linux 2023 allocates audit record storage capacity to store at least one week of audit records when audit records are not immediately sent to a central audit record storage facility.[39m

[36mNote: The partition size needed to capture a week of audit records is based on the activity level of the system and the total storage capacity available. Typically 10.0 GB of storage space for audit records should be sufficient.[39m

[36mDetermine which partition the audit records are being written to with the following command:[39m

[36m$ sudo grep log_file /etc/audit/auditd.conf[39m
[36mlog_file = /var/log/audit/audit.log [39m

[36mCheck the size of the partition that audit records are written to with the following command and verify whether it is sufficiently large:[39m

[36m # df -h /var/log/audit/[39m
[36m/dev/sda2 24G 10.4G 13.6G 43% /var/log/audit [39m

[36mIf the audit record partition is not allocated for sufficient storage capacity, this is a finding.[39m

[36m```[39m
[36m---[39m
[36mSV-274068:[39m
[36mOld: [39m
[36m```[39m
[36mVerify that a separate file system/partition has been created for the system audit data path with the following command:[39m

[36mNote: /var/log/audit is used as the example as it is a common location.[39m

[36m$ mount | grep /var/log/audit[39m

[36m/dev/mapper/rootvg-varlogaudit on /var/log/audit type xfs (rw,relatime,seclabel,attr2,inode64,logbufs=8,logbsize=32k,noquota)[39m
[36mNote: Options displayed for mount may differ.[39m

[36mIf no line is returned, this is a finding.[39m

[36m```[39m

[36mUpdated:[39m
[36m```[39m
[36mVerify Amazon Linux 2023 has a separate file system/partition created for the system audit data path with the following command:[39m

[36mNote: /var/log/audit is used as the example as it is a common location.[39m

[36m$ mount | grep /var/log/audit [39m
[36mUUID=2efb2979-45ac-82d7-0ae632d11f51 on /var/log/home type xfs (rw,realtime,seclabel,attr2,inode64)[39m

[36m```[39m
[36m---[39m
[36mSV-274069:[39m
[36mOld: [39m
[36m```[39m
[36mVerify RHEL 9 authenticates the remote logging server for offloading audit logs with the following command:[39m

[36m$ grep -i 'StreamDriver[\.]*AuthMode' /etc/rsyslog.conf /etc/rsyslog.d/*.conf[39m

[36m/etc/rsyslog.conf:$ActionSendStreamDriverAuthMode x509/name[39m

[36mIf the variable name "StreamDriverAuthMode" is present in an omfwd statement block, this is not a finding. However, if the "StreamDriverAuthMode" variable is in a module block, this is a finding.[39m

[36mIf the value of the "$ActionSendStreamDriverAuthMode or StreamDriver.AuthMode" option is not set to "x509/name" or the line is commented out, ask the system administrator (SA) to indicate how the audit logs are offloaded to a different system or media.[39m

[36mIf there is no evidence that the transfer of the audit logs being offloaded to another system or media is encrypted, this is a finding.[39m

[36m```[39m

[36mUpdated:[39m
[36m```[39m
[36mVerify Amazon Linux 2023 is configured so that the Audit Daemon labels all off-loaded audit logs with the following command:[39m

[36m$ sudo grep name_format /etc/audit/auditd.conf[39m
[36mname_format = hostname[39m

[36mIf the "name_format" option is not "hostname", "fqd", or "numeric", or the line is commented out, this is a finding.[39m

[36m```[39m
[36m---[39m
[36mSV-274070:[39m
[36mOld: [39m
[36m```[39m
[36mVerify that RHEL 9 audit system is configured to take an appropriate action when the internal event queue is full:[39m

[36m$ sudo grep -i overflow_action /etc/audit/auditd.conf[39m

[36moverflow_action = syslog[39m

[36mIf the value of the "overflow_action" option is not set to "syslog", "single", "halt" or the line is commented out, ask the system administrator (SA) to indicate how the audit logs are offloaded to a different system or media.[39m

[36mIf there is no evidence that the transfer of the audit logs being offloaded to another system or media takes appropriate action if the internal event queue becomes full, this is a finding.[39m

[36m```[39m

[36mUpdated:[39m
[36m```[39m
[36mVerify Amazon Linux 2023 audit system is configured to take an appropriate action when the internal event queue is full:[39m

[36m$ sudo grep -i overflow_action /etc/audit/auditd.conf [39m
[36moverflow_action = syslog[39m

[36mIf the value of the "overflow_action" option is not set to "syslog", "single", "halt" or the line is commented out, ask the system administrator (SA) to indicate how the audit logs are off-loaded to a different system or media.[39m

[36mIf there is no evidence that the transfer of the audit logs being off-loaded to another system or media takes appropriate action if the internal event queue becomes full, this is a finding.[39m

[36m```[39m
[36m---[39m
[36mSV-274071:[39m
[36mOld: [39m
[36m```[39m
[36mVerify RHEL 9 takes action when allocated audit record storage volume reaches 75 percent of the repository maximum audit record storage capacity with the following command:[39m

[36m$ sudo grep -w space_left /etc/audit/auditd.conf[39m

[36mspace_left = 25%[39m

[36mIf the value of the "space_left" keyword is not set to 25 percent or greater of the storage volume allocated to audit logs, or if the line is commented out, ask the system administrator (SA) to indicate how the system is providing real-time alerts to the SA and ISSO. If the "space_left" value is not configured to the value 25 percent or more, this is a finding.[39m

[36m```[39m

[36mUpdated:[39m
[36m```[39m
[36mVerify Amazon Linux 2023 takes action when allocated audit record storage volume reaches 75 percent of the repository maximum audit record storage capacity with the following command:[39m

[36m$ sudo grep -w space_left /etc/audit/auditd.conf[39m
[36mspace_left = 25%[39m

[36mIf the value of the "space_left" keyword is not set to 25 percent of the storage volume allocated to audit logs, or if the line is commented out, ask the system administrator (SA) to indicate how the system is providing real-time alerts to the SA and information system security officer (ISSO). If the "space_left" value is not configured to the correct value, this is a finding.[39m

[36m```[39m
[36m---[39m
[36mSV-274073:[39m
[36mOld: [39m
[36m```[39m
[36mVerify RHEL 9 takes action when allocated audit record storage volume reaches 95 percent of the repository maximum audit record storage capacity with the following command:[39m

[36m$ sudo grep -w admin_space_left /etc/audit/auditd.conf[39m

[36madmin_space_left = 5%[39m

[36mIf the value of the "admin_space_left" keyword is not set to 5 percent of the storage volume allocated to audit logs, or if the line is commented out, ask the system administrator (SA) to indicate how the system is taking action if the allocated storage is about to reach capacity. If the "space_left" value is not configured to the correct value, this is a finding.[39m

[36m```[39m

[36mUpdated:[39m
[36m```[39m
[36mVerify Amazon Linux 2023 takes action when allocated audit record storage volume reaches 95 percent of the repository maximum audit record storage capacity with the following command:[39m

[36m$ sudo grep -w admin_space_left /etc/audit/auditd.conf[39m
[36madmin_space_left = 5%[39m

[36mIf the value of the "admin_space_left" keyword is not set to 5 percent of the storage volume allocated to audit logs, or if the line is commented out, ask the system administrator (SA) to indicate how the system is taking action if the allocated storage is about to reach capacity. If the "space_left" value is not configured to the correct value, this is a finding.[39m

[36m```[39m
[36m---[39m
[36mSV-274074:[39m
[36mOld: [39m
[36m```[39m
[36mVerify that RHEL 9 is configured to take action in the event of allocated audit record storage volume reaches 95 percent of the repository maximum audit record storage capacity with the following command:[39m

[36m$ sudo grep admin_space_left_action /etc/audit/auditd.conf[39m

[36madmin_space_left_action = single[39m

[36mIf the value of the "admin_space_left_action" is not set to "single", or if the line is commented out, ask the system administrator (SA) to indicate how the system is providing real-time alerts to the SA and information system security officer (ISSO).[39m

[36mIf there is no evidence that real-time alerts are configured on the system, this is a finding.[39m

[36m```[39m

[36mUpdated:[39m
[36m```[39m
[36mVerify Amazon Linux 2023 is configured to take action in the event of allocated audit record storage volume reaches 95 percent of the repository maximum audit record storage capacity with the following command:[39m

[36m$ sudo grep admin_space_left_action /etc/audit/auditd.conf[39m
[36madmin_space_left_action = single[39m

[36mIf the value of the "admin_space_left_action" is not set to "single", or if the line is commented out, ask the system administrator (SA) to indicate how the system is providing real-time alerts to the SA and information system security officer (ISSO).[39m

[36mIf there is no evidence that real-time alerts are configured on the system, this is a finding.[39m

[36m```[39m
[36m---[39m
[36mSV-274075:[39m
[36mOld: [39m
[36m```[39m
[36mVerify RHEL 9 notifies the SA and ISSO (at a minimum) when allocated audit record storage volume reaches 75 percent of the repository maximum audit record storage capacity with the following command:[39m

[36m$ sudo grep -w space_left_action /etc/audit/auditd.conf[39m

[36mspace_left_action = email[39m

[36mIf the value of the "space_left_action" is not set to "email", or if the line is commented out, ask the SA to indicate how the system is providing real-time alerts to the SA and ISSO.[39m

[36mIf there is no evidence that real-time alerts are configured on the system, this is a finding.[39m

[36m```[39m

[36mUpdated:[39m
[36m```[39m
[36mVerify Amazon Linux 2023 is configured to notify the SA and/or ISSO (at a minimum) in the event of an audit processing failure with the following command:[39m

[36m$ sudo grep action_mail_acct /etc/audit/auditd.conf[39m
[36maction_mail_acct = root[39m

[36mIf the value of the "action_mail_acct" keyword is not set to "root" and/or other accounts for security personnel, the "action_mail_acct" keyword is missing, or the retuned line is commented out, ask the SA to indicate how they and the ISSO are notified of an audit process failure. If there is no evidence of the proper personnel being notified of an audit processing failure, this is a finding.[39m

[36m```[39m
[36m---[39m
[36mSV-274077:[39m
[36mOld: [39m
[36m```[39m
[36mVerify RHEL 9 has the rsyslog package installed with the following command:[39m

[36m$ dnf list --installed rsyslog[39m

[36mExample output:[39m

[36mrsyslog.x86_64          8.2102.0-101.el9_0.1[39m

[36mIf the "rsyslog" package is not installed, this is a finding.[39m

[36m```[39m

[36mUpdated:[39m
[36m```[39m
[36mVerify Amazon Linux 2023 authenticates the remote logging server for off-loading audit logs with the following command:[39m

[36m$ sudo grep -i '$ActionSendStreamDriverAuthMode' /etc/rsyslog.conf /etc/rsyslog.d/*.conf [39m
[36m/etc/rsyslog.conf:$ActionSendStreamDriverAuthMode x509/name [39m

[36mIf the value of the "$ActionSendStreamDriverAuthMode" option is not set to "x509/name" or the line is commented out, ask the system administrator (SA) to indicate how the audit logs are off-loaded to a different system or media. [39m

[36mIf there is no evidence that the transfer of the audit logs being off-loaded to another system or media is encrypted, this is a finding.[39m

[36m```[39m
[36m---[39m
[36mSV-274079:[39m
[36mOld: [39m
[36m```[39m
[36mVerify RHEL 9 audit system off-loads audit records onto a different system or media from the system being audited via rsyslog using TCP with the following commands:[39m

[36mTo check for legacy configuration syntax, perform the following:[39m
[36m$ sudo grep -ir '@@' /etc/rsyslog.conf /etc/rsyslog.d/[39m

[36mTo check for Rainer script syntax, perform the following:[39m
[36m$ sudo grep -rq 'type="omfwd"' /etc/rsyslog.conf /etc/rsyslog.d/[39m

[36mIf a remote server is not configured, or the line is commented out, ask the system administrator (SA) to indicate how the audit logs are off-loaded to a different system or media.[39m

[36mIf there is no evidence that the audit logs are being off-loaded to another system or media, this is a finding.[39m

[36m```[39m

[36mUpdated:[39m
[36m```[39m
[36mVerify Amazon Linux 2023 uses the gtls driver to encrypt audit records off-loaded onto a different system or media from the system being audited with the following command:[39m

[36m$ sudo grep -i '$DefaultNetstreamDriver' /etc/rsyslog.conf /etc/rsyslog.d/*.conf [39m
[36m/etc/rsyslog.conf:$DefaultNetstreamDriver ossl[39m

[36mIf the value of the "$DefaultNetstreamDriver" option is not set to "ossl" or the line is commented out, this is a finding.[39m

[36m```[39m
[36m---[39m
[36mSV-274080:[39m
[36mOld: [39m
[36m```[39m
[36mVerify RHEL 9 encrypts audit records offloaded onto a different system or media from the system being audited via rsyslog with the following command:[39m

[36m$ grep -i 'StreamDriver[\.]*Mode' /etc/rsyslog.conf /etc/rsyslog.d/*.conf[39m

[36m/etc/rsyslog.conf:$ActionSendStreamDriverMode 1[39m

[36mIf the value of the "$ActionSendStreamDriverMode or StreamDriver.Mode" option is not set to "1" or the line is commented out, this is a finding.[39m

[36mIf the variable name "StreamDriverAuthMode" is present in an omfwd statement block, this is not a finding. However, if the "StreamDriverAuthMode" variable is in a module block, this is a finding.[39m

[36m```[39m

[36mUpdated:[39m
[36m```[39m
[36mVerify Amazon Linux 2023 off-loads audit records onto a different system with the following command:[39m

[36m$ more /etc/systemd/journal-upload.conf[39m
[36m[Upload][39m
[36mURL=192.168.21.2[39m
[36mServerKeyFile=/etc/ssl/private/journal-upload.pem[39m
[36mServerCertificateFile=/etc/ssl/certs/journal-upload.pem[39m
[36mTrustedCertificateFile=/etc/ssl/ca/trusted.pem[39m

[36mIf all of the entries do not have values, are commented out, or are missing, this is a finding.[39m

[36m```[39m
[36m---[39m
[36mSV-274081:[39m
[36mOld: [39m
[36m```[39m
[36mVerify RHEL 9 generates audit records for all account creations, modifications, disabling, and termination events that affect "/etc/sudoers" with the following command:[39m

[36m$ sudo auditctl -l | grep '/etc/sudoers[^.]'[39m

[36m-w /etc/sudoers -p wa -k identity[39m

[36mIf the command does not return a line, or the line is commented out, this is a finding.[39m

[36m```[39m

[36mUpdated:[39m
[36m```[39m
[36mVerify Amazon Linux 2023 generates audit records for all account creations, modifications, disabling, and termination events that affect "/etc/sudoers" with the following command:[39m

[36m$ sudo auditctl -l | grep '/etc/sudoers[^.]'[39m
[36m-w /etc/sudoers -p wa -k identity[39m

[36mIf the command does not return a line, or the line is commented out, this is a finding.[39m

[36m```[39m
[36m---[39m
[36mSV-274082:[39m
[36mOld: [39m
[36m```[39m
[36mVerify RHEL 9 generates audit records for all account creations, modifications, disabling, and termination events that affect "/etc/sudoers.d/" with the following command:[39m

[36m$ sudo auditctl -l | grep /etc/sudoers.d[39m

[36m-w /etc/sudoers.d/ -p wa -k identity[39m

[36mIf the command does not return a line, or the line is commented out, this is a finding.[39m

[36m```[39m

[36mUpdated:[39m
[36m```[39m
[36mVerify Amazon Linux 2023 generates audit records for all account creations, modifications, disabling, and termination events that affect "/etc/sudoers.d/" with the following command:[39m

[36m$ sudo auditctl -l | grep /etc/sudoers.d[39m
[36m-w /etc/sudoers.d/ -p wa -k identity[39m

[36mIf the command does not return a line, or the line is commented out, this is a finding.[39m

[36m```[39m
[36m---[39m
[36mSV-274083:[39m
[36mOld: [39m
[36m```[39m
[36mVerify RHEL 9 generates audit records for all account creations, modifications, disabling, and termination events that affect "/etc/group" with the following command:[39m

[36m$ sudo auditctl -l | egrep '(/etc/group)'[39m

[36m-w /etc/group -p wa -k identity[39m

[36mIf the command does not return a line, or the line is commented out, this is a finding.[39m

[36m```[39m

[36mUpdated:[39m
[36m```[39m
[36mVerify Amazon Linux 2023 generates audit records for all account creations, modifications, disabling, and termination events that affect "/etc/group" with the following command:[39m

[36m$ sudo auditctl -l | egrep '(/etc/group)' [39m
[36m-w /etc/group -p wa -k identity[39m

[36mIf the command does not return a line, or the line is commented out, this is a finding.[39m

[36m```[39m
[36m---[39m
[36mSV-274084:[39m
[36mOld: [39m
[36m```[39m
[36mVerify RHEL 9 generates audit records for all account creations, modifications, disabling, and termination events that affect "/etc/gshadow" with the following command:[39m

[36m$ sudo auditctl -l | egrep '(/etc/gshadow)'[39m

[36m-w /etc/gshadow -p wa -k identity[39m

[36mIf the command does not return a line, or the line is commented out, this is a finding.[39m

[36m```[39m

[36mUpdated:[39m
[36m```[39m
[36mVerify Amazon Linux 2023 generates audit records for all account creations, modifications, disabling, and termination events that affect "/etc/gshadow" with the following command:[39m

[36m$ sudo auditctl -l | egrep '(/etc/gshadow)' [39m
[36m-w /etc/gshadow -p wa -k identity[39m

[36mIf the command does not return a line, or the line is commented out, this is a finding.[39m

[36m```[39m
[36m---[39m
[36mSV-274085:[39m
[36mOld: [39m
[36m```[39m
[36mVerify RHEL 9 generates audit records for all account creations, modifications, disabling, and termination events that affect "/etc/security/opasswd" with the following command:[39m

[36m$ sudo auditctl -l | egrep '(/etc/security/opasswd)'[39m

[36m-w /etc/security/opasswd -p wa -k identity[39m

[36mIf the command does not return a line, or the line is commented out, this is a finding.[39m

[36m```[39m

[36mUpdated:[39m
[36m```[39m
[36mVerify Amazon Linux 2023 generates audit records for all account creations, modifications, disabling, and termination events that affect "/etc/security/opasswd" with the following command:[39m

[36m$ sudo auditctl -l | egrep '(/etc/security/opasswd)' [39m
[36m-w /etc/security/opasswd -p wa -k identity[39m

[36mIf the command does not return a line, or the line is commented out, this is a finding.[39m

[36m```[39m
[36m---[39m
[36mSV-274086:[39m
[36mOld: [39m
[36m```[39m
[36mVerify RHEL 9 is configured to audit the execution of the "execve" system call with the following command:[39m

[36m$ sudo auditctl -l | grep execve[39m

[36m-a always,exit -F arch=b32 -S execve -C uid!=euid -F euid=0 -k execpriv[39m
[36m-a always,exit -F arch=b64 -S execve -C uid!=euid -F euid=0 -k execpriv[39m
[36m-a always,exit -F arch=b32 -S execve -C gid!=egid -F egid=0 -k execpriv[39m
[36m-a always,exit -F arch=b64 -S execve -C gid!=egid -F egid=0 -k execpriv[39m

[36mIf the command does not return all lines, or the lines are commented out, this is a finding.[39m

[36m```[39m

[36mUpdated:[39m
[36m```[39m
[36mVerify Amazon Linux 2023 is configured to audit the execution of the "execve" system call with the following command:[39m

[36m$ sudo auditctl -l | grep execve[39m
[36m-a always,exit -F arch=b64 -S execve -C uid!=euid -F euid=0 -k execpriv[39m
[36m-a always,exit -F arch=b64 -S execve -C gid!=egid -F egid=0 -k execpriv[39m

[36mIf the command does not return all lines, or the lines are commented out, this is a finding.[39m

[36m```[39m
[36m---[39m
[36mSV-274087:[39m
[36mOld: [39m
[36m```[39m
[36mVerify RHEL 9 is configured to audit the execution of the "chmod", "fchmod", and "fchmodat" system calls with the following command:[39m

[36m$ sudo auditctl -l | grep chmod[39m

[36m-a always,exit -F arch=b32 -S chmod,fchmod,fchmodat -F auid>=1000 -F auid!=-1 -F key=perm_mod[39m
[36m-a always,exit -F arch=b64 -S chmod,fchmod,fchmodat -F auid>=1000 -F auid!=-1 -F key=perm_mod[39m

[36mIf both the "b32" and "b64" audit rules are not defined for the "chmod", "fchmod", and "fchmodat" system calls, this is a finding.[39m

[36m```[39m

[36mUpdated:[39m
[36m```[39m
[36mVerify Amazon Linux 2023 is configured to audit the execution of the "chmod", "fchmod", and "fchmodat" system calls with the following command:[39m

[36m$ sudo auditctl -l | grep chmod[39m
[36m-a always,exit -F arch=b64 -S chmod,fchmod,fchmodat -F auid>=1000 -F auid!=unset -k perm_mod[39m

[36mIf the command does not return the expected line, or the line is commented out, this is a finding.[39m

[36m```[39m
[36m---[39m
[36mSV-274088:[39m
[36mOld: [39m
[36m```[39m
[36mVerify RHEL 9 is configured to audit the execution of the  "chown", "fchown", "fchownat", and "lchown" system calls with the following command:[39m

[36m$ sudo auditctl -l | grep chown[39m

[36m-a always,exit -F arch=b32 -S lchown,fchown,chown,fchownat -F auid>=1000 -F auid!=-1 -F key=perm_mod[39m
[36m-a always,exit -F arch=b64 -S chown,fchown,lchown,fchownat -F auid>=1000 -F auid!=-1 -F key=perm_mod[39m

[36mIf both the "b32" and "b64" audit rules are not defined for the "chown", "fchown", "fchownat", and "lchown" system calls, this is a finding.[39m

[36m```[39m

[36mUpdated:[39m
[36m```[39m
[36mVerify Amazon Linux 2023 is configured to audit the execution of the "chown", "fchown", "fchownat", and "lchown" system calls with the following command:[39m

[36m$ sudo auditctl -l | grep chown[39m
[36m-a always,exit -F arch=b64 -S chown,fchown,fchownat,lchown -F auid>=1000 -F auid!=unset -k perm_mod[39m

[36mIf the command does not return the expected line, or the line is commented out, this is a finding.[39m

[36m```[39m
[36m---[39m
[36mSV-274089:[39m
[36mOld: [39m
[36m```[39m
[36mVerify RHEL 9 is configured to audit the execution of the "setxattr", "fsetxattr", "lsetxattr", "removexattr", "fremovexattr", and "lremovexattr" system calls with the following command:[39m

[36m$ sudo auditctl -l | grep xattr[39m

[36m-a always,exit -F arch=b32 -S setxattr,lsetxattr,fsetxattr,removexattr,lremovexattr,fremovexattr -F auid>=1000 -F auid!=-1 -F key=perm_mod[39m
[36m-a always,exit -F arch=b64 -S setxattr,lsetxattr,fsetxattr,removexattr,lremovexattr,fremovexattr -F auid>=1000 -F auid!=-1 -F key=perm_mod[39m
[36m-a always,exit -F arch=b32 -S setxattr,lsetxattr,fsetxattr,removexattr,lremovexattr,fremovexattr -F auid=0 -F key=perm_mod[39m
[36m-a always,exit -F arch=b64 -S setxattr,lsetxattr,fsetxattr,removexattr,lremovexattr,fremovexattr -F auid=0 -F key=perm_mod[39m

[36mIf both the "b32" and "b64" audit rules are not defined for the "setxattr", "fsetxattr", "lsetxattr", "removexattr", "fremovexattr", and "lremovexattr" system calls, or any of the lines returned are commented out, this is a finding.[39m

[36m```[39m

[36mUpdated:[39m
[36m```[39m
[36mVerify Amazon Linux 2023 is configured to audit the execution of the "setxattr", "fsetxattr", "lsetxattr", "removexattr", "fremovexattr", and "lremovexattr" system calls with the following command:[39m

[36m$ sudo auditctl -l | grep xattr[39m
[36m-a always,exit -F arch=b64 -S setxattr,fsetxattr,lsetxattr,removexattr,fremovexattr,lremovexattr -F auid>=1000 -F auid!=unset -k perm_mod[39m

[36m-a always,exit -F arch=b64 -S setxattr,fsetxattr,lsetxattr,removexattr,fremovexattr,lremovexattr -F auid=0 -k perm_mod[39m

[36mIf the audit rules are not defined for the "setxattr", "fsetxattr", "lsetxattr", "removexattr", "fremovexattr", and "lremovexattr" system calls, or any of the lines returned are commented out, this is a finding.[39m

[36m```[39m
[36m---[39m
[36mSV-274090:[39m
[36mOld: [39m
[36m```[39m
[36mVerify RHEL 9 is configured to audit successful/unsuccessful attempts to use the "truncate", "ftruncate", "creat", "open", "openat", and "open_by_handle_at" system calls with the following command:[39m

[36m$ sudo auditctl -l | grep 'open\b\|openat\|open_by_handle_at\|truncate\|creat'[39m

[36m-a always,exit -F arch=b32 -S open,creat,truncate,ftruncate,openat,open_by_handle_at -F exit=-EPERM -F auid>=1000 -F auid!=-1 -F key=perm_access[39m
[36m-a always,exit -F arch=b64 -S open,truncate,ftruncate,creat,openat,open_by_handle_at -F exit=-EPERM -F auid>=1000 -F auid!=-1 -F key=perm_access[39m
[36m-a always,exit -F arch=b32 -S open,creat,truncate,ftruncate,openat,open_by_handle_at -F exit=-EACCES -F auid>=1000 -F auid!=-1 -F key=perm_access[39m
[36m-a always,exit -F arch=b64 -S open,truncate,ftruncate,creat,openat,open_by_handle_at -F exit=-EACCES -F auid>=1000 -F auid!=-1 -F key=perm_access[39m

[36mIf the output does not produce rules containing "-F exit=-EPERM", this is a finding.[39m

[36mIf the output does not produce rules containing "-F exit=-EACCES", this is a finding.[39m

[36mIf the command does not return an audit rule for "truncate", "ftruncate", "creat", "open", "openat", and "open_by_handle_at" or any of the lines returned are commented out, this is a finding.[39m

[36m```[39m

[36mUpdated:[39m
[36m```[39m
[36mVerify Amazon Linux 2023 is configured to audit successful/unsuccessful attempts to use the "truncate", "ftruncate", "creat", "open", "openat", and "open_by_handle_at" system calls with the following command:[39m

[36m$ sudo auditctl -l | grep 'open\|truncate\|creat' [39m
[36m-a always,exit -F arch=b64 -S truncate,ftruncate,creat,open,openat,open_by_handle_at -F exit=-EPERM -F auid>=1000 -F auid!=unset -k perm_access[39m

[36m-a always,exit -F arch=b64 -S truncate,ftruncate,creat,open,openat,open_by_handle_at -F exit=-EACCES -F auid>=1000 -F auid!=unset -k perm_access[39m

[36mIf the output does not produce rules containing "-F exit=-EPERM", this is a finding.[39m

[36mIf the output does not produce rules containing "-F exit=-EACCES", this is a finding.[39m

[36mIf the command does not return an audit rule for "truncate", "ftruncate", "creat", "open", "openat", and "open_by_handle_at" or any of the lines returned are commented out, this is a finding.[39m

[36m```[39m
[36m---[39m
[36mSV-274091:[39m
[36mOld: [39m
[36m```[39m
[36mVerify RHEL 9 is configured to audit the execution of the "init_module" and "finit_module" system calls with the following command:[39m

[36m$ sudo auditctl -l | grep init_module[39m

[36m-a always,exit -F arch=b32 -S init_module,finit_module -F auid>=1000 -F auid!=-1 -F key=module_chng[39m
[36m-a always,exit -F arch=b64 -S init_module,finit_module -F auid>=1000 -F auid!=-1 -F key=module_chng[39m

[36mIf both the "b32" and "b64" audit rules are not defined for the "init_module" system call, or any of the lines returned are commented out, this is a finding.[39m

[36m```[39m

[36mUpdated:[39m
[36m```[39m
[36mVerify Amazon Linux 2023 is configured to audit the execution of the "init_module" and "finit_module" system calls with the following command:[39m

[36m$ sudo auditctl -l | grep init_module[39m
[36m-a always,exit -F arch=b64 -S init_module,finit_module -F auid>=1000 -F auid!=unset -k module_chng[39m

[36mIf audit rule is not defined for the "delete_module" system call, or the line returned is commented out, this is a finding.[39m

[36m```[39m
[36m---[39m
[36mSV-274092:[39m
[36mOld: [39m
[36m```[39m
[36mVerify RHEL 9 is configured to audit the execution of the "delete_module" system call with the following command:[39m

[36m$ sudo auditctl -l | grep delete_module[39m

[36m-a always,exit -F arch=b32 -S delete_module -F auid>=1000 -F auid!=-1 -F key=module_chng[39m
[36m-a always,exit -F arch=b64 -S delete_module -F auid>=1000 -F auid!=-1 -F key=module_chng[39m

[36mIf both the "b32" and "b64" audit rules are not defined for the "delete_module" system call, or any of the lines returned are commented out, this is a finding.[39m

[36m```[39m

[36mUpdated:[39m
[36m```[39m
[36mVerify Amazon Linux 2023 generates audit records when successful/unsuccessful attempts to use the "create_module" syscall occur with the following command:[39m

[36m$ sudo auditctl -l | grep "create_module"[39m
[36m-a always,exit -F arch=b64 -S create_module -F auid>=1000 -F auid!=-1 -F key=module-change[39m

[36mIf audit rule is not defined for the "create_module" syscall, this is a finding.[39m

[36m```[39m
[36m---[39m
[36mSV-274093:[39m
[36mOld: [39m
[36m```[39m
[36mVerify that RHEL 9 is configured to audit the execution of the "kmod" command with the following command:[39m

[36m$ sudo auditctl -l | grep kmod[39m

[36m-a always,exit -S all -F path=/usr/bin/kmod -F perm=x -F auid>=1000 -F auid!=-1 -F key=modules[39m

[36mIf the command does not return a line, or the line is commented out, this is a finding.[39m

[36m```[39m

[36mUpdated:[39m
[36m```[39m
[36mVerify Amazon Linux 2023 generates audit records when successful/unsuccessful attempts to use the "kmod" command occur.[39m

[36mCheck the auditing rules in "/etc/audit/audit.rules" with the following command:[39m

[36m$ sudo auditctl -l | grep kmod[39m
[36m-a always,exit -F path=/usr/bin/kmod -F perm=x -F auid>=1000 -F auid!=unset -k modules[39m

[36mIf the command does not return a line, or the line is commented out, this is a finding.[39m

[36m```[39m
[36m---[39m
[36mSV-274094:[39m
[36mOld: [39m
[36m```[39m
[36mVerify RHEL 9 is configured to audit successful/unsuccessful attempts to use the "rename", "unlink", "rmdir", "renameat", and "unlinkat" system calls with the following command:[39m

[36m$ sudo auditctl -l | grep 'rename\|unlink\|rmdir'[39m

[36m-a always,exit -F arch=b32 -S unlink,rename,rmdir,unlinkat,renameat -F auid>=1000 -F auid!=-1 -F key=delete[39m
[36m-a always,exit -F arch=b64 -S rename,rmdir,unlink,unlinkat,renameat -F auid>=1000 -F auid!=-1 -F key=delete[39m

[36mIf the command does not return an audit rule for "rename", "unlink", "rmdir", "renameat", and "unlinkat" or any of the lines returned are commented out, this is a finding.[39m

[36m```[39m

[36mUpdated:[39m
[36m```[39m
[36mVerify Amazon Linux 2023 is configured to audit successful/unsuccessful attempts to use the "rename", "unlink", "rmdir", "renameat", and "unlinkat" system calls with the following command:[39m

[36m$ sudo auditctl -l | grep 'rename\|unlink\|rmdir'[39m
[36m-a always,exit -F arch=b64 -S rename,unlink,rmdir,renameat,unlinkat -F auid>=1000 -F auid!=unset -k delete[39m

[36mIf the command does not return an audit rule for "rename", "unlink", "rmdir", "renameat", and "unlinkat" or any of the lines returned are commented out, this is a finding.[39m

[36m```[39m
[36m---[39m
[36mSV-274095:[39m
[36mOld: [39m
[36m```[39m
[36mVerify that RHEL 9 is configured to audit the execution of the "chcon" command with the following command:[39m

[36m$ sudo auditctl -l | grep chcon[39m

[36m-a always,exit -S all -F path=/usr/bin/chcon -F perm=x -F auid>=1000 -F auid!=-1 -F key=perm_mod[39m

[36mIf the command does not return a line, or the line is commented out, this is a finding.[39m

[36m```[39m

[36mUpdated:[39m
[36m```[39m
[36mVerify Amazon Linux 2023 is configured to audit the execution of the "chcon" command with the following command:[39m

[36m$ sudo auditctl -l | grep chcon[39m
[36m-a always,exit -F path=/usr/bin/chcon -F perm=x -F auid>=1000 -F auid!=unset -k perm_mod[39m

[36mIf the command does not return a line, or the line is commented out, this is a finding.[39m

[36m```[39m
[36m---[39m
[36mSV-274096:[39m
[36mOld: [39m
[36m```[39m
[36mVerify RHEL 9 generates audit records for all account creations, modifications, disabling, and termination events that affect "/var/log/faillock" with the following command:[39m

[36m$ sudo auditctl -l | grep /var/log/faillock[39m

[36m-w /var/log/faillock -p wa -k logins[39m

[36mIf the command does not return a line, or the line is commented out, this is a finding.[39m

[36m```[39m

[36mUpdated:[39m
[36m```[39m
[36mVerify Amazon Linux 2023 generates audit records for all account creations, modifications, disabling, and termination events that affect "/var/log/faillock" with the following command:[39m

[36m$ sudo auditctl -l | grep /var/log/faillock[39m
[36m-w /var/log/faillock -p wa -k logins[39m

[36mIf the command does not return a line, or the line is commented out, this is a finding.[39m

[36m```[39m
[36m---[39m
[36mSV-274097:[39m
[36mOld: [39m
[36m```[39m
[36mVerify RHEL 9 generates audit records for all account creations, modifications, disabling, and termination events that affect "/var/log/lastlog" with the following command:[39m

[36m$ sudo auditctl -l | grep /var/log/lastlog[39m

[36m-w /var/log/lastlog -p wa -k logins[39m

[36mIf the command does not return a line, or the line is commented out, this is a finding.[39m

[36m```[39m

[36mUpdated:[39m
[36m```[39m
[36mVerify Amazon Linux 2023 generates audit records for all account creations, modifications, disabling, and termination events that affect "/var/log/lastlog" with the following command:[39m

[36m$ sudo auditctl -l | grep /var/log/lastlog[39m
[36m-w /var/log/lastlog -p wa -k logins[39m

[36mIf the command does not return a line, or the line is commented out, this is a finding.[39m

[36m```[39m
[36m---[39m
[36mSV-274098:[39m
[36mOld: [39m
[36m```[39m
[36mVerify that RHEL 9 is configured to audit the execution of the "init" command with the following command:[39m

[36m$ sudo auditctl -l | grep /usr/sbin/init[39m

[36m-a always,exit -S all -F path=/usr/sbin/init -F perm=x -F auid>=1000 -F auid!=-1 -F key=privileged-init[39m

[36mIf the command does not return a line, or the line is commented out, this is a finding.[39m

[36m```[39m

[36mUpdated:[39m
[36m```[39m
[36mVerify Amazon Linux 2023 is configured to audit the execution of the "init" command with the following command:[39m

[36m$ sudo auditctl -l | grep init[39m
[36m-a always,exit -F path=/usr/sbin/init -F perm=x -F auid>=1000 -F auid!=unset -k privileged-init[39m

[36mIf the command does not return a line, or the line is commented out, this is a finding.[39m

[36m```[39m
[36m---[39m
[36mSV-274099:[39m
[36mOld: [39m
[36m```[39m
[36mVerify that RHEL 9 is configured to audit the execution of the "reboot" command with the following command:[39m

[36m$ sudo auditctl -l | grep reboot[39m

[36m-a always,exit -S all -F path=/usr/sbin/reboot -F perm=x -F auid>=1000 -F auid!=-1 -F key=privileged-reboot[39m

[36mIf the command does not return a line, or the line is commented out, this is a finding.[39m

[36m```[39m

[36mUpdated:[39m
[36m```[39m
[36mVerify Amazon Linux 2023 is configured to audit the execution of the "reboot" command with the following command:[39m

[36m$ sudo auditctl -l | grep reboot[39m
[36m-a always,exit -F path=/usr/sbin/reboot -F perm=x -F auid>=1000 -F auid!=unset -k privileged-reboot[39m

[36mIf the command does not return a line, or the line is commented out, this is a finding.[39m

[36m```[39m
[36m---[39m
[36mSV-274100:[39m
[36mOld: [39m
[36m```[39m
[36mVerify that RHEL 9 is configured to audit the execution of the "shutdown" command with the following command:[39m

[36m$ sudo cat /etc/audit/rules.d/* | grep shutdown[39m

[36m-a always,exit -S all -F path=/usr/sbin/shutdown -F perm=x -F auid>=1000 -F auid!=-1 -F key=privileged-shutdown[39m

[36mIf the command does not return a line, or the line is commented out, this is a finding.[39m

[36m```[39m

[36mUpdated:[39m
[36m```[39m
[36mVerify Amazon Linux 2023 is configured to audit the execution of the "shutdown" command with the following command:[39m

[36m$ sudo auditctl -l | grep shutdown[39m
[36m-a always,exit -F path=/usr/sbin/shutdown -F perm=x -F auid>=1000 -F auid!=unset -k privileged-shutdown[39m

[36mIf the command does not return a line, or the line is commented out, this is a finding.[39m

[36m```[39m
[36m---[39m
[36mSV-274101:[39m
[36mOld: [39m
[36m```[39m
[36mVerify the audit tools have a mode of "0755" or less with the following command:[39m

[36m$ stat -c "%a %n" /sbin/auditctl /sbin/aureport /sbin/ausearch /sbin/autrace /sbin/auditd /sbin/rsyslogd /sbin/augenrules[39m

[36m755 /sbin/auditctl[39m
[36m755 /sbin/aureport[39m
[36m755 /sbin/ausearch[39m
[36m750 /sbin/autrace[39m
[36m755 /sbin/auditd[39m
[36m755 /sbin/rsyslogd[39m
[36m755 /sbin/augenrules[39m

[36mIf any of the audit tool files have a mode more permissive than "0755", this is a finding.[39m

[36m```[39m

[36mUpdated:[39m
[36m```[39m
[36mVerify Amazon Linux 2023 audit tools have a mode of "0755" or less with the following command:[39m

[36m$ stat -c "%a %n" /sbin/auditctl /sbin/aureport /sbin/ausearch /sbin/autrace /sbin/auditd /sbin/rsyslogd /sbin/augenrules[39m
[36m755 /sbin/auditctl[39m
[36m755 /sbin/aureport[39m
[36m755 /sbin/ausearch[39m
[36m750 /sbin/autrace[39m
[36m755 /sbin/auditd[39m
[36m755 /sbin/rsyslogd[39m
[36m755 /sbin/augenrules[39m

[36mIf any of the audit tool files have a mode more permissive than "0755", this is a finding.[39m

[36m```[39m
[36m---[39m
[36mSV-274102:[39m
[36mOld: [39m
[36m```[39m
[36mVerify the audit tools are owned by "root" with the following command:[39m

[36m$ sudo stat -c "%U %n" /sbin/auditctl /sbin/aureport /sbin/ausearch /sbin/autrace /sbin/auditd /sbin/rsyslogd /sbin/augenrules[39m

[36mroot /sbin/auditctl[39m
[36mroot /sbin/aureport[39m
[36mroot /sbin/ausearch[39m
[36mroot /sbin/autrace[39m
[36mroot /sbin/auditd[39m
[36mroot /sbin/rsyslogd[39m
[36mroot /sbin/augenrules[39m

[36mIf any audit tools do not have an owner of "root", this is a finding.[39m

[36m```[39m

[36mUpdated:[39m
[36m```[39m
[36mVerify Amazon Linux 2023 audit tools are owned by "root" with the following command:[39m

[36m$ sudo stat -c "%U %n" /sbin/auditctl /sbin/aureport /sbin/ausearch /sbin/autrace /sbin/auditd /sbin/rsyslogd /sbin/augenrules[39m
[36mroot /sbin/auditctl[39m
[36mroot /sbin/aureport[39m
[36mroot /sbin/ausearch[39m
[36mroot /sbin/autrace[39m
[36mroot /sbin/auditd[39m
[36mroot /sbin/rsyslogd[39m
[36mroot /sbin/augenrules[39m

[36mIf any audit tools do not have an owner of "root", this is a finding.[39m

[36m```[39m
[36m---[39m
[36mSV-274103:[39m
[36mOld: [39m
[36m```[39m
[36mVerify the audit tools are group owned by "root" with the following command:[39m

[36m$ sudo stat -c "%G %n" /sbin/auditctl /sbin/aureport /sbin/ausearch /sbin/autrace /sbin/auditd /sbin/rsyslogd /sbin/augenrules[39m

[36mroot /sbin/auditctl[39m
[36mroot /sbin/aureport[39m
[36mroot /sbin/ausearch[39m
[36mroot /sbin/autrace[39m
[36mroot /sbin/auditd[39m
[36mroot /sbin/rsyslogd[39m
[36mroot /sbin/augenrules[39m

[36mIf any audit tools do not have a group owner of "root", this is a finding.[39m

[36m```[39m

[36mUpdated:[39m
[36m```[39m
[36mVerify Amazon Linux 2023 audit tools are group owned by "root" with the following command:[39m

[36m$ sudo stat -c "%G %n" /sbin/auditctl /sbin/aureport /sbin/ausearch /sbin/autrace /sbin/auditd /sbin/rsyslogd /sbin/augenrules[39m
[36mroot /sbin/auditctl[39m
[36mroot /sbin/aureport[39m
[36mroot /sbin/ausearch[39m
[36mroot /sbin/autrace[39m
[36mroot /sbin/auditd[39m
[36mroot /sbin/rsyslogd[39m
[36mroot /sbin/augenrules[39m

[36mIf any audit tools do not have a group owner of "root", this is a finding.[39m

[36m```[39m
[36m---[39m
[36mSV-274105:[39m
[36mOld: [39m
[36m```[39m
[36mVerify that RHEL 9 is configured to audit the execution of the "chage" command with the following command:[39m

[36m$ sudo auditctl -l | grep chage[39m

[36m-a always,exit -S all -F path=/usr/bin/chage -F perm=x -F auid>=1000 -F auid!=-1 -F key=privileged-chage[39m

[36mIf the command does not return a line, or the line is commented out, this is a finding.[39m

[36m```[39m

[36mUpdated:[39m
[36m```[39m
[36mVerify Amazon Linux 2023 is configured so that an audit event is generated for any successful/unsuccessful use of the "chage" command by performing the following command to check the file system rules in "/etc/audit/audit.rules":[39m

[36m$ sudo grep -w chage /etc/audit/audit.rules[39m
[36m-a always,exit -F path=/usr/bin/chage -F perm=x -F auid>=1000 -F auid!=unset -k privileged-chage[39m

[36mIf the command does not return a line, or the line is commented out, this is a finding.[39m

[36m```[39m
[36m---[39m
[36mSV-274107:[39m
[36mOld: [39m
[36m```[39m
[36mVerify RHEL 9 uses the gtls driver to encrypt audit records offloaded onto a different system or media from the system being audited with the following command:[39m

[36m$ grep -Ei 'DefaultNetStreamDriver\b|StreamDriver.Name' /etc/rsyslog.conf /etc/rsyslog.d/*.conf[39m

[36m/etc/rsyslog.conf:$DefaultNetstreamDriver gtls[39m

[36mIf the value of the "$DefaultNetstreamDriver or StreamDriver" option is not set to "gtls" or the line is commented out, this is a finding.[39m

[36mIf the variable name "StreamDriver" is present in an omfwd statement block, this is not a finding. However, if the "StreamDriver" variable is in a module block, this is a finding.[39m

[36m```[39m

[36mUpdated:[39m
[36m```[39m
[36mVerify Amazon Linux 2023 takes the appropriate action when the audit storage volume is full using the following command:[39m

[36m$ sudo grep disk_full_action /etc/audit/auditd.conf[39m
[36mdisk_full_action = SYSLOG[39m

[36mIf the value of the "disk_full_action" option is not "SYSLOG", "SINGLE", or "HALT", or the line is commented out, ask the system administrator to indicate how the system takes appropriate action when an audit storage volume is full. If there is no evidence of appropriate action, this is a finding.[39m

[36m```[39m
[36m---[39m
[36mSV-274108:[39m
[36mOld: [39m
[36m```[39m
[36mVerify the audit logs are group-owned by "root" or a restricted logging group.[39m

[36mFirst determine if a group other than "root" has been assigned to the audit logs with the following command:[39m

[36m$ sudo grep log_group /etc/audit/auditd.conf[39m

[36mThen determine where the audit logs are stored with the following command:[39m

[36m$ sudo grep -iw log_file /etc/audit/auditd.conf[39m

[36mlog_file = /var/log/audit/audit.log[39m

[36mThen using the location of the audit log file, determine if the audit log is group-owned by "root" using the following command:[39m

[36m$ sudo stat -c "%G %n" /var/log/audit/audit.log[39m

[36mroot /var/log/audit/audit.log[39m

[36mIf the audit log is not group-owned by "root" or the configured alternative logging group, this is a finding.[39m

[36m```[39m

[36mUpdated:[39m
[36m```[39m
[36mVerify Amazon Linux 2023 audit logs are group-owned by "root" or a restricted logging group. [39m

[36mFirst determine if a group other than "root" has been assigned to the audit logs with the following command:[39m

[36m$ sudo grep log_group /etc/audit/auditd.conf[39m
[36mlog_group = root[39m

[36mThen determine where the audit logs are stored with the following command:[39m

[36m$ sudo grep -iw log_file /etc/audit/auditd.conf[39m
[36mlog_file = /var/log/audit/audit.log[39m

[36mThen using the location of the audit log file, determine if the audit log is group-owned by "root" using the following command:[39m

[36m$ sudo stat -c "%G %n" /var/log/audit/audit.log[39m
[36mroot /var/log/audit/audit.log[39m

[36mIf the audit log is not group-owned by "root" or the configured alternative logging group, this is a finding.[39m

[36m```[39m
[36m---[39m
[36mSV-274109:[39m
[36mOld: [39m
[36m```[39m
[36mVerify the audit logs directory is owned by "root".[39m

[36mDetermine where the audit logs are stored with the following command:[39m

[36m$ sudo grep -iw log_file /etc/audit/auditd.conf[39m

[36mlog_file = /var/log/audit/audit.log[39m

[36mUsing the location of the audit log file, determine if the audit log directory is owned by "root" using the following command:[39m

[36m$ sudo stat -c '%U %n' /var/log/audit[39m

[36mroot /var/log/audit[39m

[36mIf the audit log directory is not owned by "root", this is a finding.[39m

[36m```[39m

[36mUpdated:[39m
[36m```[39m
[36mVerify Amazon Linux 2023 audit logs directory is owned by "root". [39m

[36mFirst determine where the audit logs are stored with the following command:[39m

[36m$ sudo grep -iw log_file /etc/audit/auditd.conf[39m
[36mlog_file = /var/log/audit/audit.log[39m

[36mThen using the location of the audit log file, determine if the audit log directory is owned by "root" using the following command:[39m

[36m$ sudo ls -ld /var/log/audit[39m
[36mdrwx------ 2 root root 23 Jun 11 11:56 /var/log/audit[39m

[36mIf the audit log directory is not owned by "root", this is a finding.[39m

[36m```[39m
[36m---[39m
[36mSV-274110:[39m
[36mOld: [39m
[36m```[39m
[36mVerify the audit logs have a mode of "0600".[39m

[36mDetermine where the audit logs are stored with the following command:[39m

[36m$ sudo grep "^log_file" /etc/audit/auditd.conf[39m

[36mlog_file = /var/log/audit/audit.log[39m

[36mUsing the location of the audit log file, determine the mode of each audit log with the following command:[39m

[36m$ sudo find /var/log/audit/ -type f -exec stat -c '%a %n' {} \;[39m

[36m600 /var/log/audit/audit.log[39m

[36mIf the audit logs have a mode more permissive than "0600", this is a finding.[39m

[36m```[39m

[36mUpdated:[39m
[36m```[39m
[36mVerify Amazon Linux 2023 audit logs have a mode of "0600". [39m

[36mFirst determine where the audit logs are stored with the following command:[39m

[36m$ sudo grep -iw log_file /etc/audit/auditd.conf[39m
[36mlog_file = /var/log/audit/audit.log[39m

[36mThen using the location of the audit log file, determine if the audit log files as a mode of "0640" with the following command:[39m

[36m$ sudo find /var/log/audit/ -type f -exec stat -c '%a %n' {} \;[39m
[36m600 /var/log/audit/audit.log[39m

[36mIf the audit logs have a mode more permissive than "0600", this is a finding.[39m

[36m```[39m
[36m---[39m
[36mSV-274111:[39m
[36mOld: [39m
[36m```[39m
[36mVerify that the files in directory "/etc/audit/rules.d/" and "/etc/audit/auditd.conf" file have a mode of "0640" or less permissive with the following command:[39m

[36m$ sudo find /etc/audit/rules.d/ /etc/audit/audit.rules /etc/audit/auditd.conf -type f -exec stat -c "%a %n" {} \;[39m

[36m600 /etc/audit/rules.d/audit.rules[39m
[36m640 /etc/audit/audit.rules[39m
[36m640 /etc/audit/auditd.conf[39m

[36mIf the audit configuration files have a mode more permissive than those shown, this is a finding.[39m

[36m```[39m

[36mUpdated:[39m
[36m```[39m
[36mVerify Amazon Linux 2023 is configured so that files in "/etc/audit/rules.d/" and the "/etc/audit/auditd.conf" file have a mode of "0640" or less permissive by using the following commands:[39m

[36m$ sudo find /etc/audit/rules.d/ /etc/audit/audit.rules /etc/audit/auditd.conf -type f -exec stat -c "%a %n" {} \;[39m
[36m600 /etc/audit/rules.d/audit.rules[39m
[36m640 /etc/audit/audit.rules[39m
[36m640 /etc/audit/auditd.conf[39m

[36mIf the files in the "/etc/audit/rules.d/" directory or the "/etc/audit/auditd.conf" file have a mode more permissive than "0640", this is a finding.[39m

[36m```[39m
[36m---[39m
[36mSV-274112:[39m
[36mOld: [39m
[36m```[39m
[36mVerify that RHEL 9 is configured to audit the execution of the "sudo" command with the following command:[39m

[36m$ sudo auditctl -l | grep '/usr/bin/sudo\b'[39m

[36m-a always,exit -S all -F path=/usr/bin/sudo -F perm=x -F auid>=1000 -F auid!=-1 -F key=priv_cmd[39m

[36mIf the command does not return a line, or the line is commented out, this is a finding.[39m

[36m```[39m

[36mUpdated:[39m
[36m```[39m
[36mVerify Amazon Linux 2023 is configured to audit the execution of the "sudo" command with the following command:[39m

[36m$ sudo auditctl -l | grep '/usr/bin/sudo\b'[39m
[36m-a always,exit -S all -F path=/usr/bin/sudo -F perm=x -F auid>=1000 -F auid!=-1 -F key=priv_cmd[39m

[36mIf the command does not return a line, or the line is commented out, this is a finding.[39m

[36m```[39m
[36m---[39m
[36mSV-274113:[39m
[36mOld: [39m
[36m```[39m
[36mVerify RHEL 9 generates audit records for all account creations, modifications, disabling, and termination events that affect "/etc/passwd" with the following command:[39m

[36m$ sudo auditctl -l | egrep '(/etc/passwd)'[39m

[36m-w /etc/passwd -p wa -k identity[39m

[36mIf the command does not return a line, or the line is commented out, this is a finding.[39m

[36m```[39m

[36mUpdated:[39m
[36m```[39m
[36mVerify Amazon Linux 2023 generates audit records for all account creations, modifications, disabling, and termination events that affect "/etc/passwd" with the following command:[39m

[36m$ sudo auditctl -l | egrep '(/etc/passwd)' [39m
[36m-w /etc/passwd -p wa -k identity[39m

[36mIf the command does not return a line, or the line is commented out, this is a finding.[39m

[36m```[39m
[36m---[39m
[36mSV-274114:[39m
[36mOld: [39m
[36m```[39m
[36mVerify RHEL 9 generates audit records for all account creations, modifications, disabling, and termination events that affect "/etc/passwd with the following command:[39m

[36m$ sudo auditctl -l | egrep '(/etc/shadow)'[39m

[36m-w /etc/shadow -p wa -k identity[39m

[36mIf the command does not return a line, or the line is commented out, this is a finding.[39m

[36m```[39m

[36mUpdated:[39m
[36m```[39m
[36mVerify Amazon Linux 2023 generates audit records for all account creations, modifications, disabling, and termination events that affect "/etc/shadow with the following command:[39m

[36m$ sudo auditctl -l | egrep '(/etc/shadow)' [39m
[36m-w /etc/shadow -p wa -k identity[39m

[36mIf the command does not return a line, or the line is commented out, this is a finding.[39m

[36m```[39m
[36m---[39m
[36mSV-274115:[39m
[36mOld: [39m
[36m```[39m
[36mVerify that RHEL 9 audit system is configured to resolve audit information before writing to disk, with the following command:[39m

[36m$ sudo grep log_format /etc/audit/auditd.conf[39m

[36mlog_format = ENRICHED[39m

[36mIf the "log_format" option is not "ENRICHED", or the line is commented out, this is a finding.[39m

[36m```[39m

[36mUpdated:[39m
[36m```[39m
[36mVerify Amazon Linux 2023 is configured so that the audit system resolves audit information before writing to disk, with the following command:[39m

[36m$ sudo grep log_format /etc/audit/auditd.conf[39m
[36mlog_format = ENRICHED[39m

[36mIf the "log_format" option is not "ENRICHED", or the line is commented out, this is a finding.[39m

[36m```[39m
[36m---[39m
[36mSV-274116:[39m
[36mOld: [39m
[36m```[39m
[36mVerify the "/var/log" directory is group-owned by root with the following command:[39m

[36m$ stat -c "%G %n" /var/log[39m

[36mroot /var/log[39m

[36mIf "/var/log" does not have a group owner of "root", this is a finding.[39m

[36m```[39m

[36mUpdated:[39m
[36m```[39m
[36mVerify Amazon Linux 2023 is configured so that the audit logs are group-owned by "root" or a restricted logging group. [39m

[36mFirst determine if a group other than "root" has been assigned to the audit logs with the following command:[39m

[36m$ sudo grep log_group /etc/audit/auditd.conf[39m

[36mThen determine where the audit logs are stored with the following command:[39m

[36m$ sudo grep -iw log_file /etc/audit/auditd.conf[39m
[36mlog_file = /var/log/audit/audit.log[39m

[36mThen using the location of the audit log file, determine if the audit log is group-owned by "root" using the following command:[39m

[36m$ sudo stat -c "%G %n" /var/log/audit/audit.log[39m
[36mroot /var/log/audit/audit.log[39m

[36mIf the audit log is not group-owned by "root" or the configured alternative logging group, this is a finding.[39m

[36m```[39m
[36m---[39m
[36mSV-274117:[39m
[36mOld: [39m
[36m```[39m
[36mVerify the "/var/log" directory is owned by root with the following command:[39m

[36m$ stat -c "%U %n" /var/log[39m

[36mroot /var/log[39m

[36mIf "/var/log" does not have an owner of "root", this is a finding.[39m

[36m```[39m

[36mUpdated:[39m
[36m```[39m
[36mVerify Amazon Linux 2023 is configured so that the audit logs directory is owned by "root". [39m

[36mFirst determine where the audit logs are stored with the following command:[39m

[36m$ sudo grep -iw log_file /etc/audit/auditd.conf[39m
[36mlog_file = /var/log/audit/audit.log[39m

[36mThen using the location of the audit log file, determine if the audit log directory is owned by "root" using the following command:[39m

[36msudo stat -c '%U %n' /var/log/audit[39m
[36mroot /var/log/audit[39m

[36mIf the audit log directory is not owned by "root", this is a finding.[39m

[36m```[39m
[36m---[39m
[36mSV-274119:[39m
[36mOld: [39m
[36m```[39m
[36mVerify the systemwide shared library directories are group-owned by "root" with the following command:[39m

[36m$ sudo find /lib /lib64 /usr/lib /usr/lib64 ! -group root -type d -exec stat -c "%G %n" {} \;[39m

[36mIf any systemwide shared library directory is returned and is not group-owned by a required system account, this is a finding.[39m

[36m```[39m

[36mUpdated:[39m
[36m```[39m
[36mVerify Amazon Linux 2023 systemwide shared library directories are group-owned by "root" with the following command:[39m

[36m$ sudo find /lib /lib64 /usr/lib /usr/lib64 ! -group root -type d -exec stat -c "%n %G" '{}' \;[39m

[36mIf any systemwide shared library directory is returned and is not group-owned by a required system account, this is a finding.[39m

[36m```[39m
[36m---[39m
[36mSV-274120:[39m
[36mOld: [39m
[36m```[39m
[36mVerify the system-wide shared library directories have mode "755" or less permissive with the following command:[39m

[36m$ sudo find -L /lib /lib64 /usr/lib /usr/lib64 -perm /022 -type d -exec ls -l {} \;[39m

[36mIf any system-wide shared library file is found to be group-writable or world-writable, this is a finding.[39m

[36m```[39m

[36mUpdated:[39m
[36m```[39m
[36mVerify Amazon Linux 2023 systemwide shared library directories have mode "755" or less permissive with the following command:[39m

[36m$ sudo find -L /lib /lib64 /usr/lib /usr/lib64 -perm /022 -type d -exec ls -l {} \;[39m

[36mIf any systemwide shared library file is found to be group-writable or world-writable, this is a finding.[39m

[36m```[39m
[36m---[39m
[36mSV-274121:[39m
[36mOld: [39m
[36m```[39m
[36mVerify the systemwide shared library files contained in the directories "/lib", "/lib64", "/usr/lib", and "/usr/lib64" have mode 0755 or less permissive.[39m

[36mCheck that the systemwide shared library files have mode 0755 or less permissive with the following command:[39m

[36m$ sudo find /lib /lib64 /usr/lib /usr/lib64 -type f -name '*.so*' -perm /022 -exec stat -c "%n %a" {} +[39m

[36mIf any output is returned, this is a finding.[39m

[36m```[39m

[36mUpdated:[39m
[36m```[39m
[36mVerify Amazon Linux 2023 systemwide shared library files contained in the directories "/lib", "/lib64", "/usr/lib", and "/usr/lib64" have mode 0755 or less permissive.[39m

[36mCheck that the systemwide shared library files have mode 0755 or less permissive with the following command:[39m

[36m$ sudo find /lib /lib64 /usr/lib /usr/lib64 -type f -name '*.so*' -perm /022 -exec stat -c "%n %a" {} +[39m

[36mIf any output is returned, this is a finding.[39m

[36m```[39m
[36m---[39m
[36mSV-274122:[39m
[36mOld: [39m
[36m```[39m
[36mVerify the systemwide shared library files contained in the directories "/lib", "/lib64", "/usr/lib", and "/usr/lib64" are owned by root with the following command:[39m

[36m$ sudo find /lib /lib64 /usr/lib /usr/lib64 -type f -name '*.so*' ! -user root -exec stat -c "%n %U" {} +[39m

[36mIf any output is returned, this is a finding.[39m

[36m```[39m

[36mUpdated:[39m
[36m```[39m
[36mVerify Amazon Linux 2023 systemwide shared library files contained in the directories "/lib", "/lib64", "/usr/lib", and "/usr/lib64" are owned by root with the following command:[39m

[36m$ sudo find /lib /lib64 /usr/lib /usr/lib64 -type f -name '*.so*' ! -user root -exec stat -c "%n %U" {} +[39m

[36mIf any output is returned, this is a finding.[39m

[36m```[39m
[36m---[39m
[36mSV-274123:[39m
[36mOld: [39m
[36m```[39m
[36mVerify the systemwide shared library files contained in the directories "/lib", "/lib64", "/usr/lib", and "/usr/lib64" are group owned by root with the following command:[39m

[36m$ sudo find /lib /lib64 /usr/lib /usr/lib64 -type f -name '*.so*' ! -group root -exec stat -c "%n %G" {} +[39m

[36mIf any output is returned, this is a finding.[39m

[36m```[39m

[36mUpdated:[39m
[36m```[39m
[36mVerify Amazon Linux 2023 systemwide shared library files contained in the directories "/lib", "/lib64", "/usr/lib", and "/usr/lib64" are group owned by root with the following command:[39m

[36m$ sudo find /lib /lib64 /usr/lib /usr/lib64 -type f -name '*.so*' ! -group root -exec stat -c "%n %G" {} +[39m

[36mIf any output is returned, this is a finding.[39m

[36m```[39m
[36m---[39m
[36mSV-274124:[39m
[36mOld: [39m
[36m```[39m
[36mVerify the systemwide shared library directories are owned by "root" with the following command:[39m

[36m$ sudo find /lib /lib64 /usr/lib /usr/lib64 ! -user root -type d -exec stat -c "%U %n" {} \;[39m

[36mIf any systemwide shared library directory is not owned by "root", this is a finding.[39m

[36m```[39m

[36mUpdated:[39m
[36m```[39m
[36mVerify Amazon Linux 2023 systemwide shared library directories are owned by "root" with the following command:[39m

[36m$ sudo find /lib /lib64 /usr/lib /usr/lib64 ! -user root -type d -exec stat -c "%n %U" '{}' \;[39m

[36mIf any systemwide shared library directory is not owned by root, this is a finding.[39m

[36m```[39m
[36m---[39m
[36mSV-274125:[39m
[36mOld: [39m
[36m```[39m
[36mVerify that the "/var/log" directory has a mode of "0755" or less permissive with the following command:[39m

[36m$ stat -c '%a %n' /var/log[39m

[36m755 /var/log[39m

[36mIf "/var/log" does not have a mode of "0755" or less permissive, this is a finding.[39m

[36m```[39m

[36mUpdated:[39m
[36m```[39m
[36mVerify Amazon Linux 2023 is configured so that the "/var/log" directory has a mode of "0755" or less permissive with the following command:[39m

[36m$ stat -c '%a %n' /var/log[39m
[36m755 /var/log[39m

[36mIf "/var/log" does not have a mode of "0755" or less permissive, this is a finding.[39m

[36m```[39m
[36m---[39m
[36mSV-274128:[39m
[36mOld: [39m
[36m```[39m
[36mVerify the "/var/log/messages" file has a mode of "0640" or less permissive with the following command:[39m

[36m$ stat -c '%a %n' /var/log/messages[39m

[36m600 /var/log/messages[39m

[36mIf "/var/log/messages" does not have a mode of "0640" or less permissive, this is a finding.[39m

[36m```[39m

[36mUpdated:[39m
[36m```[39m
[36mVerify Amazon Linux 2023 is configured so that the "/var/log/messages" file has a mode of "0640" or less permissive with the following command:[39m

[36m$ stat -c '%a %n' /var/log/messages[39m
[36m600 /var/log/messages[39m

[36mIf "/var/log/messages" does not have a mode of "0640" or less permissive, this is a finding.[39m

[36m```[39m
[36m---[39m
[36mSV-274129:[39m
[36mOld: [39m
[36m```[39m
[36mVerify the "/var/log/messages" file is group-owned by root with the following command:[39m

[36m$ stat -c "%G %n" /var/log/messages[39m

[36mroot /var/log/messages[39m

[36mIf "/var/log/messages" does not have a group owner of "root", this is a finding.[39m

[36m```[39m

[36mUpdated:[39m
[36m```[39m
[36mVerify Amazon Linux 2023 is configured so that the "/var/log/messages" file is group-owned by root with the following command:[39m

[36m$ stat -c "%G %n" /var/log/messages[39m
[36mroot /var/log/messages[39m

[36mIf "/var/log/messages" does not have a group owner of "root", this is a finding.[39m

[36m```[39m
[36m---[39m
[36mSV-274130:[39m
[36mOld: [39m
[36m```[39m
[36mVerify the "/var/log/messages" file is owned by root with the following command:[39m

[36m$ stat -c "%U %n" /var/log/messages[39m

[36mroot /var/log/messages[39m

[36mIf "/var/log/messages" does not have an owner of "root", this is a finding.[39m

[36m```[39m

[36mUpdated:[39m
[36m```[39m
[36mVerify Amazon Linux 2023 is configured so that the "/var/log/messages" file is owned by root with the following command:[39m

[36m$ stat -c "%U %n" /var/log/messages[39m
[36mroot /var/log/messages[39m

[36mIf "/var/log/messages" does not have an owner of "root", this is a finding.[39m

[36m```[39m
[36m---[39m
[36mSV-274131:[39m
[36mOld: [39m
[36m```[39m
[36mVerify the system commands contained in the following directories are owned by "root" with the following command:[39m

[36m$ sudo find -L /bin /sbin /usr/bin /usr/sbin /usr/libexec /usr/local/bin /usr/local/sbin ! -user root -exec stat -L -c "%U %n" {} \;[39m

[36mIf any system commands are found to not be owned by root, this is a finding.[39m

[36m```[39m

[36mUpdated:[39m
[36m```[39m
[36mVerify Amazon Linux 2023 system commands contained in the following directories are owned by "root" with the following command:[39m

[36m$ sudo find -L /bin /sbin /usr/bin /usr/sbin /usr/libexec /usr/local/bin /usr/local/sbin ! -user root -exec ls -l {} \;[39m

[36mIf any system commands are found to not be owned by root, this is a finding.[39m

[36m```[39m
[36m---[39m
[36mSV-274132:[39m
[36mOld: [39m
[36m```[39m
[36mVerify the system commands contained in the following directories are group-owned by "root", or a required system account, with the following command:[39m

[36m$ sudo find -L /bin /sbin /usr/bin /usr/sbin /usr/libexec /usr/local/bin /usr/local/sbin ! -group root -exec stat -L -c "%G %n" {} \;[39m

[36mIf any system commands are returned and are not group-owned by a required system account, this is a finding.[39m

[36m```[39m

[36mUpdated:[39m
[36m```[39m
[36mVerify Amazon Linux 2023 system commands contained in the following directories are group-owned by "root", or a required system account, with the following command:[39m

[36m$ sudo find -L /bin /sbin /usr/bin /usr/sbin /usr/local/bin /usr/local/sbin ! -group root -exec ls -l {} \;[39m

[36mIf any system commands are returned and is not group-owned by a required system account, this is a finding.[39m

[36m```[39m
[36m---[39m
[36mSV-274133:[39m
[36mOld: [39m
[36m```[39m
[36mVerify that RHEL 9 enforces password complexity by requiring that at least one uppercase character be used.[39m

[36mCheck the value for "ucredit" with the following command:[39m

[36m$ grep ucredit /etc/security/pwquality.conf /etc/security/pwquality.conf.d/*.conf[39m

[36mucredit = -1[39m

[36mIf the value of "ucredit" is a positive number or is commented out, this is a finding.[39m

[36m```[39m

[36mUpdated:[39m
[36m```[39m
[36mVerify Amazon Linux 2023 enforces password complexity by requiring that at least one uppercase character with the following command:[39m

[36m$ sudo grep ucredit /etc/security/pwquality.conf /etc/security/pwquality.conf.d/*.conf [39m
[36mucredit = -1 [39m

[36mIf the value of "ucredit" is a positive number or is commented out, this is a finding.[39m

[36m```[39m
[36m---[39m
[36mSV-274134:[39m
[36mOld: [39m
[36m```[39m
[36mVerify that RHEL 9 enforces password complexity by requiring at least one lowercase character.[39m

[36mCheck the value for "lcredit" with the following command:[39m

[36m$ grep lcredit /etc/security/pwquality.conf /etc/security/pwquality.conf.d/*.conf[39m

[36m/etc/security/pwquality.conf:lcredit = -1[39m

[36mIf the value of "lcredit" is a positive number or is commented out, this is a finding.[39m

[36m```[39m

[36mUpdated:[39m
[36m```[39m
[36mVerify Amazon Linux 2023 enforces password complexity by requiring that at least one lowercase character with the following command:[39m

[36m$ sudo grep lcredit /etc/security/pwquality.conf /etc/security/pwquality.conf.d/*.conf [39m
[36mlcredit = -1 [39m

[36mIf the value of "lcredit" is a positive number or is commented out, this is a finding.[39m

[36m```[39m
[36m---[39m
[36mSV-274135:[39m
[36mOld: [39m
[36m```[39m
[36mVerify that RHEL 9 enforces password complexity by requiring at least one numeric character.[39m

[36mCheck the value for "dcredit" with the following command:[39m

[36m$ grep dcredit /etc/security/pwquality.conf /etc/security/pwquality.conf.d/*.conf[39m

[36m/etc/security/pwquality.conf:dcredit = -1[39m

[36mIf the value of "dcredit" is a positive number or is commented out, this is a finding.[39m

[36m```[39m

[36mUpdated:[39m
[36m```[39m
[36mVerify Amazon Linux 2023 enforces password complexity by requiring that at least one numeric character with the following command:[39m

[36m$ sudo grep dcredit /etc/security/pwquality.conf /etc/security/pwquality.conf.d/*.conf [39m
[36mdcredit = -1 [39m

[36mIf the value of "dcredit" is a positive number or is commented out, this is a finding.[39m

[36m```[39m
[36m---[39m
[36mSV-274136:[39m
[36mOld: [39m
[36m```[39m
[36mVerify that RHEL 9 requires the change of at least eight of the total number of characters when passwords are changed.[39m

[36m$ grep difok /etc/security/pwquality.conf /etc/security/pwquality.conf.d/*.conf[39m

[36mdifok = 8[39m

[36mIf the value of "difok" is set to less than "8", or is commented out, this is a finding.[39m

[36m```[39m

[36mUpdated:[39m
[36m```[39m
[36mVerify Amazon Linux 2023 enforces password complexity by requiring that at least a change of at least eight characters when passwords are changed with the following command:[39m

[36m$ sudo grep difok /etc/security/pwquality.conf /etc/security/pwquality.conf.d/*.conf [39m
[36mdifok = 8[39m
[36m [39m
[36mIf the value of "difok" is set to less than "8", or is commented out, this is a finding.[39m

[36m```[39m
[36m---[39m
[36mSV-274137:[39m
[36mOld: [39m
[36m```[39m
[36mVerify that RHEL 9 enforces a minimum 15-character password length with the following command:[39m

[36m$ grep minlen /etc/security/pwquality.conf /etc/security/pwquality.conf.d/*.conf[39m

[36mminlen = 15[39m

[36mIf the command does not return a "minlen" value of "15" or greater, does not return a line, or the line is commented out, this is a finding.[39m

[36m```[39m

[36mUpdated:[39m
[36m```[39m
[36mVerify Amazon Linux 2023 enforces a minimum 15-character password length with the following command:[39m

[36m$ sudo grep -rs minlen /etc/security/pwquality.conf /etc/security/pwquality.conf.d/*.conf[39m
[36m/etc/security/pwquality.conf: minlen = 15[39m

[36mIf the command does not return a "minlen" value of 15 or greater, or the line is commented out, this is a finding.[39m

[36mIf conflicting results are returned, this is a finding.[39m

[36m```[39m
[36m---[39m
[36mSV-274138:[39m
[36mOld: [39m
[36m```[39m
[36mVerify that RHEL 9 enforces password complexity by requiring at least one special character with the following command:[39m

[36m$ sudo grep ocredit /etc/security/pwquality.conf /etc/security/pwquality.conf.d/*.conf[39m

[36mocredit = -1[39m

[36mIf the value of "ocredit" is a positive number or is commented out, this is a finding.[39m

[36m```[39m

[36mUpdated:[39m
[36m```[39m
[36mVerify Amazon Linux 2023 enforces password complexity by requiring at least one special character with the following command:[39m

[36m$ sudo grep -rs ocredit /etc/security/pwquality.conf /etc/security/pwquality.conf.d/*.conf[39m
[36m/etc/security/pwquality.conf: ocredit = -1[39m

[36mIf the value of "ocredit" is a positive number or is commented out, this is a finding.[39m

[36m```[39m
[36m---[39m
[36mSV-274139:[39m
[36mOld: [39m
[36m```[39m
[36mVerify that RHEL 9 enforces password complexity rules for the root account.[39m

[36mCheck if root user is required to use complex passwords with the following command:[39m

[36m$ grep enforce_for_root /etc/security/pwquality.conf /etc/security/pwquality.conf.d/*.conf[39m

[36m/etc/security/pwquality.conf:enforce_for_root[39m

[36mIf "enforce_for_root" is commented or missing, this is a finding.[39m

[36m```[39m

[36mUpdated:[39m
[36m```[39m
[36mVerify Amazon Linux 2023 enforces password complexity rules for the root account with the following command:[39m

[36m$ sudo grep -rs enforce_for_root /etc/security/pwquality.conf /etc/security/pwquality.conf.d/*.conf[39m
[36m/etc/security/pwquality.conf:enforce_for_root[39m

[36mIf "enforce_for_root" is commented or missing, this is a finding.[39m

[36m```[39m
[36m---[39m
[36mSV-274140:[39m
[36mOld: [39m
[36m```[39m
[36mVerify RHEL 9 prevents the use of dictionary words for passwords with the following command:[39m

[36m$ grep dictcheck /etc/security/pwquality.conf /etc/security/pwquality.conf.d/*.conf[39m

[36m/etc/security/pwquality.conf:dictcheck = 1[39m

[36mIf "dictcheck" does not have a value other than "0", or is commented out, this is a finding.[39m

[36m```[39m

[36mUpdated:[39m
[36m```[39m
[36mVerify Amazon Linux 2023 prevents the use of dictionary words for passwords with the following command:[39m

[36m$ sudo grep -rs dictcheck /etc/security/pwquality.conf /etc/pwquality.conf.d/*.conf [39m
[36m/etc/security/pwquality.conf:dictcheck=1 [39m

[36mIf the "dictcheck" parameter is not set to "1", is commented out, or is missing, this is a finding.[39m

[36m```[39m
[36m---[39m
[36mSV-274141:[39m
[36mOld: [39m
[36m```[39m
[36mVerify RHEL 9 limits the number of concurrent sessions to "10" for all accounts and/or account types with the following command:[39m

[36m$ grep -r -s maxlogins /etc/security/limits.conf /etc/security/limits.d/*.conf[39m

[36m/etc/security/limits.conf:* hard maxlogins 10[39m

[36mThis can be set as a global domain (with the * wildcard) but may be set differently for multiple domains.[39m

[36mIf the "maxlogins" item is missing, commented out, or the value is set greater than "10" and is not documented with the information system security officer (ISSO) as an operational requirement for all domains that have the "maxlogins" item assigned, this is a finding.[39m

[36m```[39m

[36mUpdated:[39m
[36m```[39m
[36mVerify Amazon Linux 2023 limits the number of concurrent sessions to "10" for all accounts and/or account types with the following command:[39m

[36m$ sudo grep -r -s '^[^#].*maxlogins' /etc/security/limits.conf /etc/security/limits.d/*.conf[39m
[36m* hard maxlogins 10[39m

[36mThis can be set as a global domain (with the * wildcard) but may be set differently for multiple domains.[39m

[36mIf the "maxlogins" item is missing, commented out, or the value is set greater than "10" and is not documented with the information system security officer (ISSO) as an operational requirement for all domains that have the "maxlogins" item assigned, this is a finding.[39m

[36m```[39m
[36m---[39m
[36mSV-274142:[39m
[36mOld: [39m
[36m```[39m
[36mVerify RHEL 9 is configured to exit interactive command shell user sessions after 10 minutes of inactivity or less with the following command:[39m

[36m$ sudo grep -i tmout /etc/profile /etc/profile.d/*.sh[39m

[36m/etc/profile.d/tmout.sh:declare -xr TMOUT=600[39m

[36mIf "TMOUT" is not set to "600" or less in a script located in the "/etc/profile.d/" directory, is missing or is commented out, this is a finding.[39m

[36m```[39m

[36mUpdated:[39m
[36m```[39m
[36mVerify Amazon Linux 2023 is configured to exit interactive command shell user sessions after 10 minutes of inactivity or less with the following command:[39m

[36m$ sudo grep -i tmout /etc/profile /etc/profile.d/*.sh[39m
[36m/etc/profile.d/tmout.sh:declare -xr TMOUT=600[39m

[36mIf "TMOUT" is not set to "600" or less in a script located in the "/etc/'profile.d/ directory, is missing or is commented out, this is a finding.[39m

[36m```[39m
[36m---[39m
[36mSV-274143:[39m
[36mOld: [39m
[36m```[39m
[36mVerify that RHEL 9 has configured the minimum time period between password changes for each user account as one day or greater with the following command:[39m

[36m$ sudo awk -F: '$4 < 1 {printf "%s %d\n", $1, $4}' /etc/shadow[39m

[36mIf any results are returned that are not associated with a system account, this is a finding.[39m

[36m```[39m

[36mUpdated:[39m
[36m```[39m
[36mVerify Amazon Linux 2023 enforces 24 hours as the minimum password lifetime for new user accounts with the following command:[39m

[36m$ sudo grep -i pass_min_days /etc/login.defs[39m
[36mPASS_MIN_DAYS 1[39m

[36mIf the "PASS_MIN_DAYS" parameter value is not "1" or greater, or is commented out, this is a finding.[39m

[36m```[39m
[36m---[39m
[36mSV-274144:[39m
[36mOld: [39m
[36m```[39m
[36mVerify RHEL 9 enforces a delay of at least four seconds between console logon prompts following a failed logon attempt with the following command:[39m

[36m$ grep -i fail_delay /etc/login.defs[39m

[36mFAIL_DELAY 4[39m

[36mIf the value of "FAIL_DELAY" is not set to "4" or greater, or the line is commented out, this is a finding.[39m

[36m```[39m

[36mUpdated:[39m
[36m```[39m
[36mVerify Amazon Linux 2023 enforces a delay of at least four seconds between console logon prompts following a failed logon attempt with the following command:[39m

[36m$ sudo grep -i fail_delay /etc/login.defs[39m
[36mFAIL_DELAY 4[39m

[36mIf the value of "FAIL_DELAY" is not set to "4" or greater, the line is commented out, or the line is missing, this is a finding.[39m

[36m```[39m
[36m---[39m
[36mSV-274145:[39m
[36mOld: [39m
[36m```[39m
[36mVerify RHEL 9 defines default permissions for all authenticated users in such a way that the user can only read and modify their own files with the following command:[39m

[36mNote: If the value of the "UMASK" parameter is set to "000" in "/etc/login.defs" file, the Severity is raised to a CAT I.[39m

[36m# grep -i umask /etc/login.defs[39m

[36mUMASK 077[39m

[36mIf the value for the "UMASK" parameter is not "077", or the "UMASK" parameter is missing or is commented out, this is a finding.[39m

[36m```[39m

[36mUpdated:[39m
[36m```[39m
[36mVerify Amazon Linux 2023 defines default permissions for all authenticated users in such a way that the user can only read and modify their own files with the following command:[39m

[36mNote: If the value of the "UMASK" parameter is set to "000" in "/etc/login.defs" file, the Severity is raised to a CAT I.[39m

[36m# grep -i umask /etc/login.defs[39m
[36mUMASK 077[39m

[36mIf the value for the "UMASK" parameter is not "077", or the "UMASK" parameter is missing or is commented out, this is a finding.[39m

[36m```[39m
[36m---[39m
[36mSV-274147:[39m
[36mOld: [39m
[36m```[39m
[36mVerify the "/etc/security/faillock.conf" file is configured to log username information when unsuccessful logon attempts occur with the following command:[39m

[36m$ sudo grep audit /etc/security/faillock.conf[39m

[36maudit[39m

[36mIf the "audit" option is not set, is missing, or is commented out, this is a finding.[39m

[36m```[39m

[36mUpdated:[39m
[36m```[39m
[36mVerify Amazon Linux 2023 locks an account after three unsuccessful logon attempts with the following commands:[39m

[36mNote: If the system administrator (SA) demonstrates the use of an approved centralized account management method that locks an account after three unsuccessful logon attempts within a period of 15 minutes, this requirement is met by that method.[39m

[36m$ sudo grep pam_faillock.so /etc/pam.d/password-auth /etc/pam.d/system-auth[39m
[36mauth required pam_faillock.so preauth dir=/var/log/faillock silent audit deny=3 even_deny_root fail_interval=900 unlock_time=0[39m
[36mauth required pam_faillock.so authfail dir=/var/log/faillock unlock_time=0[39m
[36maccount required pam_faillock.so[39m

[36mIf the "deny" option is not set to "3" or less (but not "0") on the "preauth" line with the "pam_faillock.so" module, or is missing from this line, if any of the lines are commented out or are missing, this is a finding.[39m

[36m```[39m
[36m---[39m
[36mSV-274148:[39m
[36mOld: [39m
[36m```[39m
[36mVerify the maximum time period for existing passwords is restricted to 60 days with the following commands:[39m

[36m$ sudo awk -F: '$5 > 60 {printf "%s %d\n", $1, $5}' /etc/shadow[39m

[36m$ sudo awk -F: '$5 <= 0 {printf "%s %d\n", $1, $5}' /etc/shadow[39m

[36mIf any results are returned that are not associated with a system account, this is a finding.[39m

[36m```[39m

[36mUpdated:[39m
[36m```[39m
[36mVerify Amazon Linux 2023 enforces the maximum time period for existing passwords is restricted to 60 days with the following commands:[39m

[36m$ sudo awk -F: '$5 > 60 {print $1 " " $5}' /etc/shadow[39m

[36m$ sudo awk -F: '$5 <= 0 {print $1 " " $5}' /etc/shadow[39m

[36mIf any results are returned that are not associated with a system account, this is a finding.[39m

[36m```[39m
[36m---[39m
[36mSV-274149:[39m
[36mOld: [39m
[36m```[39m
[36mVerify that RHEL 9 account identifiers (individuals, groups, roles, and devices) are disabled after 35 days of inactivity with the following command:[39m

[36mCheck the account inactivity value by performing the following command:[39m

[36m$ sudo grep -i inactive /etc/default/useradd[39m

[36mINACTIVE=35[39m

[36mIf "INACTIVE" is set to "-1", a value greater than "35", or is commented out, this is a finding.[39m

[36m```[39m

[36mUpdated:[39m
[36m```[39m
[36mVerify Amazon Linux 2023 account identifiers (individuals, groups, roles, and devices) are disabled after 35 days of inactivity with the following command:[39m

[36mCheck the account inactivity value by performing the following command:[39m

[36m$ sudo grep -i inactive /etc/default/useradd[39m
[36mINACTIVE=35[39m

[36mIf "INACTIVE" is set to "-1", a value greater than "35", or is commented out, this is a finding.[39m

[36m```[39m
[36m---[39m
[36mSV-274150:[39m
[36mOld: [39m
[36m```[39m
[36mVerify temporary accounts have been provisioned with an[39m
[36m    expiration date of 72 hours.[39m

[36m    For every existing temporary account, run the following command to obtain its[39m
[36m    account expiration information:[39m

[36m    $ sudo chage -l <temporary_account_name> | grep -i "account expires"[39m

[36m    Verify each of these accounts has an expiration date set within 72 hours.[39m

[36m    If any temporary accounts have no expiration date set or do not expire within[39m
[36m    72 hours, this is a finding.[39m

[36m```[39m

[36mUpdated:[39m
[36m```[39m
[36mVerify Amazon Linux 2023 temporary accounts have been provisioned with an expiration date of 72 hours.[39m

[36mFor every existing temporary account, run the following command to obtain its account expiration information:[39m

[36m$ sudo chage -l <temporary_account_name> | grep -i "account expires"[39m

[36mVerify each of these accounts has an expiration date set within 72 hours. [39m

[36mIf any temporary accounts have no expiration date set or do not expire within 72 hours, this is a finding.[39m

[36m```[39m
[36m---[39m
[36mSV-274152:[39m
[36mOld: [39m
[36m```[39m
[36mVerify the SELINUX on RHEL 9 is using the targeted policy with the following command:[39m

[36m$ sestatus | grep "policy name"[39m

[36mLoaded policy name:             targeted[39m

[36mIf the loaded policy name is not "targeted", this is a finding.[39m

[36m```[39m

[36mUpdated:[39m
[36m```[39m
[36mVerify Amazon Linux 2023 SELINUX is using the targeted policy with the following command:[39m

[36m$ sestatus | grep policy[39m
[36mLoaded policy name: targeted[39m

[36mIf the loaded policy name is not "targeted", this is a finding.[39m

[36m```[39m
[36m---[39m
[36mSV-274153:[39m
[36mOld: [39m
[36m```[39m
[36mEnsure that RHEL 9 verifies correct operation of security functions through the use of SELinux with the following command:[39m

[36m$ getenforce[39m

[36mEnforcing[39m

[36mIf SELINUX is not set to "Enforcing", this is a finding.[39m

[36mVerify that SELinux is configured to be enforcing at boot.[39m

[36mgrep "SELINUX=" /etc/selinux/config[39m
[36m# SELINUX= can take one of these three values:[39m
[36m# NOTE: In earlier Fedora kernel builds, SELINUX=disabled would also[39m
[36mSELINUX=enforcing[39m

[36mIf SELINUX line is missing, commented out, or not set to "enforcing", this is a finding.[39m

[36m```[39m

[36mUpdated:[39m
[36m```[39m
[36mVerify Amazon Linux 2023 verifies the correct operation of security functions through the use of SELinux with the following command:[39m

[36m$ getenforce[39m
[36mEnforcing[39m

[36mIf SELINUX is not set to "Enforcing", this is a finding.[39m

[36m```[39m
[36m---[39m
[36mSV-274154:[39m
[36mOld: [39m
[36m```[39m
[36mVerify RHEL 9 is configured to lock an account after three unsuccessful logon attempts with the command:[39m

[36m$ grep 'deny =' /etc/security/faillock.conf[39m

[36mdeny = 3[39m

[36mIf the "deny" option is not set to "3" or less (but not "0"), is missing or commented out, this is a finding.[39m

[36m```[39m

[36mUpdated:[39m
[36m```[39m
[36mVerify Amazon Linux 2023 is configured to lock an account after three unsuccessful logon attempts with the command:[39m

[36m$ grep 'deny =' /etc/security/faillock.conf[39m
[36mdeny = 3[39m

[36mIf the "deny" option is not set to "3" or less (but not "0"), is missing or commented out, this is a finding.[39m

[36m```[39m
[36m---[39m
[36mSV-274155:[39m
[36mOld: [39m
[36m```[39m
[36mVerify RHEL 9 is configured to lock the root account after three unsuccessful logon attempts with the command:[39m

[36m$ sudo grep even_deny_root /etc/security/faillock.conf[39m

[36meven_deny_root[39m

[36mIf the "even_deny_root" option is not set or is missing or commented out, this is a finding.[39m

[36m```[39m

[36mUpdated:[39m
[36m```[39m
[36mVerify Amazon Linux 2023 is configured to lock the root account after three unsuccessful logon attempts with the command:[39m

[36m$ grep even_deny_root /etc/security/faillock.conf[39m
[36meven_deny_root[39m

[36mIf the "even_deny_root" option is not set, is missing or commented out, this is a finding.[39m

[36m```[39m
[36m---[39m
[36mSV-274156:[39m
[36mOld: [39m
[36m```[39m
[36mVerify RHEL 9 is configured to lock an account until released by an administrator after three unsuccessful logon attempts with the command:[39m

[36m$ sudo grep -w unlock_time /etc/security/faillock.conf[39m

[36munlock_time = 0[39m

[36mIf the "unlock_time" option is not set to "0" or the line is missing or commented out, this is a finding.[39m

[36m```[39m

[36mUpdated:[39m
[36m```[39m
[36mVerify Amazon Linux 2023 locks an account after three unsuccessful logon attempts within a 15-minute period with the following command:[39m

[36m$ grep fail_interval /etc/security/faillock.conf [39m
[36mfail_interval = 900[39m

[36mIf the "fail_interval" option is not set to "900" or less (but not "0"), the line is commented out, or the line is missing, this is a finding.[39m

[36m```[39m
[36m---[39m
[36mSV-274157:[39m
[36mOld: [39m
[36m```[39m
[36mNote: If the system administrator demonstrates the use of an approved centralized account management method that locks an account after three unsuccessful logon attempts within a period of 15 minutes, this requirement is Not Applicable.[39m

[36mVerify RHEL 9 locks an account after three unsuccessful logon attempts within a period of 15 minutes with the following command:[39m

[36m$ sudo grep fail_interval /etc/security/faillock.conf[39m

[36mfail_interval = 900[39m

[36mIf the "fail_interval" option is not set to "900" or less (but not "0"), the line is commented out, or the line is missing, this is a finding.[39m

[36m```[39m

[36mUpdated:[39m
[36m```[39m
[36mVerify Amazon Linux 2023 is configured to lock an account until released by an administrator after three unsuccessful logon attempts with the command:[39m

[36m$ grep 'unlock_time =' /etc/security/faillock.conf[39m
[36munlock_time = 0[39m

[36mIf the "unlock_time" option is not set to "0", the line is missing, or commented out, this is a finding.[39m

[36m```[39m
[36m---[39m
[36mSV-274158:[39m
[36mOld: [39m
[36m```[39m
[36mVerify RHEL 9 disables network management of the chrony daemon with the following command:[39m

[36m$ grep -w cmdport /etc/chrony.conf[39m

[36mcmdport 0[39m

[36mIf the "cmdport" option is not set to "0", is commented out, or is missing, this is a finding.[39m

[36m```[39m

[36mUpdated:[39m
[36m```[39m
[36mVerify Amazon Linux 2023 firewall is configured to block unregistered ports, protocols, and services. [39m

[36mInspect the list of enabled firewall ports and verify they are configured correctly by running the following command:[39m

[36m$ sudo firewall-cmd --list-all [39m

[36mAsk the system administrator for the site or program PPSM Component Local Service Assessment (CLSA). Verify the services allowed by the firewall match the PPSM CLSA. [39m

[36mIf there are additional ports, protocols, or services that are not in the PPSM CLSA, or there are ports, protocols, or services that are prohibited by the PPSM CAL, or there are no firewall rules configured, this is a finding.[39m

[36m```[39m
[36m---[39m
[36mSV-274159:[39m
[36mOld: [39m
[36m```[39m
[36mVerify that RHEL 9 contains no duplicate UIDs for interactive users with the following command:[39m

[36m$ sudo awk -F ":" 'list[$3]++{print $1, $3}' /etc/passwd[39m

[36mIf output is produced and the accounts listed are interactive user accounts, this is a finding.[39m

[36m```[39m

[36mUpdated:[39m
[36m```[39m
[36mVerify Amazon Linux 2023 interactive users have a valid GID with the following command:[39m
[36m [39m
[36m$ sudo pwck -qr [39m
[36m [39m
[36mIf the system has any interactive users with duplicate GIDs, this is a finding.[39m

[36m```[39m
[36m---[39m
[36mSV-274160:[39m
[36mOld: [39m
[36m```[39m
[36mVerify that all RHEL 9 interactive users have a valid GID.[39m

[36mCheck that the interactive users have a valid GID with the following command:[39m

[36m$ sudo pwck -r[39m

[36mIf pwck reports "no group" for any interactive user, this is a finding.[39m

[36m```[39m

[36mUpdated:[39m
[36m```[39m
[36mVerify Amazon Linux 2023 contains no duplicate UIDs for interactive users with the following command:[39m

[36m$ sudo awk -F ":" 'list[$3]++{print $1, $3}' /etc/passwd [39m

[36mIf output is produced and the accounts listed are interactive user accounts, this is a finding.[39m

[36m```[39m
[36m---[39m
[36mSV-274161:[39m
[36mOld: [39m
[36m```[39m
[36mVerify RHEL 9 uses "pwquality" to enforce the password complexity rules in the password-auth file with the following command:[39m

[36m$ grep pam_pwquality /etc/pam.d/password-auth[39m

[36mpassword required pam_pwquality.so[39m

[36mIf the command does not return a line containing the value "pam_pwquality.so", or the line is commented out, this is a finding.[39m

[36mIf the system administrator (SA) can demonstrate that the required configuration is contained in a PAM configuration file included or substacked from the system-auth file, this is not a finding.[39m

[36m```[39m

[36mUpdated:[39m
[36m```[39m
[36mVerify Amazon Linux 2023 uses "pwquality" to enforce the password complexity rules in the password-auth file with the following command:[39m

[36m$ grep pam_pwquality /etc/pam.d/password-auth[39m
[36mpassword required pam_pwquality.so [39m

[36mIf the command does not return a line containing the value "pam_pwquality.so", or the line is commented out, this is a finding.[39m

[36mIf the system administrator can demonstrate that the required configuration is contained in a PAM configuration file included or substacked from the system-auth file, this is not a finding.[39m

[36m```[39m
[36m---[39m
[36mSV-274162:[39m
[36mOld: [39m
[36m```[39m
[36mVerify the number of rounds for the password hashing algorithm is configured with the following command:[39m

[36m$ grep rounds /etc/pam.d/password-auth[39m

[36mpassword sufficient pam_unix.so sha512 rounds=100000[39m

[36mIf a matching line is not returned or "rounds" is less than "100000", this a finding.[39m

[36m```[39m

[36mUpdated:[39m
[36m```[39m
[36mVerify Amazon Linux 2023 has the required number of rounds for the password hashing algorithm is configured in password-auth with the following command:[39m

[36m$ sudo grep rounds /etc/pam.d/password-auth[39m
[36mpassword sufficient pam_unix.so sha512 rounds=100000[39m

[36mIf a matching line is not returned or "rounds" is less than "100000", this a finding.[39m

[36m```[39m
[36m---[39m
[36mSV-274163:[39m
[36mOld: [39m
[36m```[39m
[36mVerify the number of rounds for the password hashing algorithm is configured with the following command:[39m

[36m$ sudo grep rounds /etc/pam.d/system-auth[39m

[36mpassword sufficient pam_unix.so sha512 rounds=100000[39m

[36mIf a matching line is not returned or "rounds" is less than 100000, this a finding.[39m

[36m```[39m

[36mUpdated:[39m
[36m```[39m
[36mVerify Amazon Linux 2023 has the required number of rounds for the password hashing algorithm is configured in system-auth with the following command:[39m

[36m$ sudo grep rounds /etc/pam.d/system-auth[39m
[36mpassword sufficient pam_unix.so sha512 rounds=100000[39m

[36mIf a matching line is not returned or "rounds" is less than "100000", this a finding.[39m

[36m```[39m
[36m---[39m
[36mSV-274165:[39m
[36mOld: [39m
[36m```[39m
[36mVerify that all world-writable directories have the sticky bit set.[39m

[36mDetermine if all world-writable directories have the sticky bit set by running the following command:[39m

[36m$ sudo find / -type d \( -perm -0002 -a ! -perm -1000 \) -print 2>/dev/null[39m

[36mdrwxrwxrwt 7 root root 4096 Jul 26 11:19 /tmp[39m

[36mIf any of the returned directories are world-writable and do not have the sticky bit set, this is a finding.[39m

[36m```[39m

[36mUpdated:[39m
[36m```[39m
[36mVerify Amazon Linux 2023 world writable directories are owned by root, a system account, or an application account with the following command:[39m

[36m$ sudo find / -xdev -type d -perm -0002 ! -user root ! -uid +999 -exec ls -ld {} +[39m

[36mIf there is output, this is a finding.[39m

[36m```[39m
[36m---[39m
[36mSV-274166:[39m
[36mOld: [39m
[36m```[39m
[36mVerify RHEL 9 logs out sessions that are idle for 10 minutes with the following command:[39m

[36m$ systemd-analyze cat-config systemd/logind.conf | grep StopIdleSessionSec[39m

[36m#StopIdleSessionSec=infinity[39m
[36mStopIdleSessionSec=600[39m

[36mIf "StopIdleSessionSec" is not configured to "600" seconds, this is a finding.[39m

[36m```[39m

[36mUpdated:[39m
[36m```[39m
[36mVerify Amazon Linux 2023 logs out sessions that are idle for 10 minutes with the following command:[39m

[36m$ sudo grep -i ^StopIdleSessionSec /etc/systemd/logind.conf[39m

[36mStopIdleSessionSec=600[39m

[36mIf "StopIdleSessionSec" is not configured to "600" seconds, this is a finding.[39m

[36m```[39m
[36m---[39m
[36mSV-274167:[39m
[36mOld: [39m
[36m```[39m
[36mVerify that RHEL 9 is configured to audit the execution of the "chacl" command with the following command:[39m

[36m$ sudo auditctl -l | grep chacl[39m

[36m-a always,exit -S all -F path=/usr/bin/chacl -F perm=x -F auid>=1000 -F auid!=-1 -F key=perm_mod[39m

[36mIf the command does not return a line, or the line is commented out, this is a finding.[39m

[36m```[39m

[36mUpdated:[39m
[36m```[39m
[36mVerify Amazon Linux 2023 is configured so that GRUB 2 enables auditing of processes that start prior to the audit daemon with the following commands:[39m

[36mCheck that the current GRUB 2 configuration enables auditing:[39m

[36m$ sudo grubby --info=ALL | grep args | grep -v 'audit=1'[39m

[36mIf any output is returned, this is a finding.[39m

[36mCheck that auditing is enabled by default to persist in kernel updates: [39m

[36m$ grep audit /etc/default/grub[39m
[36mGRUB_CMDLINE_LINUX="audit=1"[39m

[36mIf "audit" is not set to "1", is missing, or is commented out, this is a finding.[39m

[36m```[39m
[36m---[39m
[36mSV-274168:[39m
[36mOld: [39m
[36m```[39m
[36mVerify RHEL 9 allocates a sufficient audit_backlog_limit to capture processes that start prior to the audit daemon with the following command:[39m

[36m$ sudo grubby --info=ALL | grep args | grep 'audit_backlog_limit'[39m

[36mIf the command returns any outputs, and audit_backlog_limit is less than "8192", this is a finding.[39m

[36m```[39m

[36mUpdated:[39m
[36m```[39m
[36mVerify Amazon Linux 2023 allocates a sufficient audit_backlog_limit to capture processes that start prior to the audit daemon with the following command:[39m

[36m$ sudo grubby --info=ALL | grep args | grep -v 'audit_backlog_limit=8192' [39m

[36mIf the command returns any outputs, and audit_backlog_limit is less than "8192", this is a finding.[39m

[36m```[39m
[36m---[39m
[36mSV-274169:[39m
[36mOld: [39m
[36m```[39m
[36mVerify RHEL 9 is configured to enable DAC on hardlinks.[39m

[36mCheck the status of the "fs.protected_hardlinks" kernel parameter with the following command:[39m

[36m$ sudo sysctl fs.protected_hardlinks[39m
[36mfs.protected_hardlinks = 1[39m

[36mIf "fs.protected_hardlinks" is not set to "1" or is missing, this is a finding.[39m

[36m```[39m

[36mUpdated:[39m
[36m```[39m
[36mVerify Amazon Linux 2023 is configured to enable DAC on hardlinks.[39m

[36mCheck the status of the fs.protected_hardlinks kernel parameter with the following command:[39m

[36m$ sudo sysctl fs.protected_hardlinks[39m
[36mfs.protected_hardlinks = 1[39m

[36mIf "fs.protected_hardlinks" is not set to "1" or is missing, this is a finding.[39m

[36m```[39m
[36m---[39m
[36mSV-274170:[39m
[36mOld: [39m
[36m```[39m
[36mVerify RHEL 9 is configured to enable DAC on symlinks.[39m

[36mCheck the status of the "fs.protected_symlinks" kernel parameter with the following command:[39m

[36m$ sudo sysctl fs.protected_symlinks[39m
[36mfs.protected_symlinks = 1[39m

[36mIf "fs.protected_symlinks" is not set to "1" or is missing, this is a finding.[39m

[36m```[39m

[36mUpdated:[39m
[36m```[39m
[36mVerify Amazon Linux 2023 is configured to enable DAC on symlinks.[39m

[36mCheck the status of the fs.protected_symlinks kernel parameter with the following command:[39m

[36m$ sudo sysctl fs.protected_symlinks[39m
[36mfs.protected_symlinks = 1[39m

[36mIf "fs.protected_symlinks " is not set to "1" or is missing, this is a finding.[39m

[36m```[39m
[36m---[39m
[36mSV-274173:[39m
[36mOld: [39m
[36m```[39m
[36mVerify RHEL 9 is configured to mask the debug-shell systemd service with the following command:[39m

[36m$ sudo systemctl status debug-shell.service[39m

[36mdebug-shell.service[39m
[36mLoaded: masked (Reason: Unit debug-shell.service is masked.)[39m
[36mActive: inactive (dead)[39m

[36mIf the "debug-shell.service" is loaded and not masked, this is a finding.[39m

[36m```[39m

[36mUpdated:[39m
[36m```[39m
[36mVerify Amazon Linux 2023 is configured to mask the debug-shell systemd service with the following command:[39m

[36m$ sudo systemctl status debug-shell.service[39m
[36mO debug-shell.service[39m
[36m Loaded: masked (Reason: Unit debug-shell.service is masked.)[39m
[36m Active: inactive (dead)[39m

[36mIf the "debug-shell.service" is loaded and not masked, this is a finding.[39m

[36m```[39m
[36m---[39m
[36mSV-274175:[39m
[36mOld: [39m
[36m```[39m
[36mVerify RHEL 9 is securely comparing internal information system clocks at least every 24 hours with an NTP server with the following commands:[39m

[36m$ sudo grep maxpoll /etc/chrony.conf[39m

[36mserver 0.us.pool.ntp.mil iburst maxpoll 16[39m

[36mIf the "maxpoll" option is set to a number greater than 16 or the line is commented out, this is a finding.[39m

[36mVerify the "chrony.conf" file is configured to an authoritative DOD time source by running the following command:[39m

[36m$ sudo grep -i server /etc/chrony.conf[39m
[36mserver 0.us.pool.ntp.mil[39m

[36mIf the parameter "server" is not set or is not set to an authoritative DOD time source, this is a finding.[39m

[36m```[39m

[36mUpdated:[39m
[36m```[39m
[36mVerify Amazon Linux 2023 chrony service specifies a maximum interval of 24 hours between requests sent to a United States Naval Observatory (USNO) server with the following command:[39m

[36mNote: <USNO/DOD Server> is used in place of a time source IP address.[39m

[36m$ sudo grep maxpoll /etc/chrony.conf[39m
[36mserver <USNO/DOD Server> iburst maxpoll 16[39m

[36mIf the "maxpoll" option is not configured, set to a number greater than 16, or the line is commented out, this is a finding.[39m

[36mVerify Amazon Linux 2023 chrony service is configured to use authoritative USNO or appropriate DOD time source with the following command:[39m

[36m$ sudo grep -i server /etc/chrony.conf[39m
[36mserver <USNO/DOD Server>[39m

[36mIf the parameter "server" is not set or is not set to an authoritative USNO/DOD time source, this is a finding.[39m

[36m```[39m
[36m---[39m
[36mSV-274177:[39m
[36mOld: [39m
[36m```[39m
[36mVerify that RHEL 9 subscription-manager package is installed with the following command:[39m

[36m$ dnf list --installed subscription-manager[39m

[36mExample output:[39m

[36msubscription-manager.x86_64          1.29.26-3.el9_0[39m

[36mIf the "subscription-manager" package is not installed, this is a finding.[39m

[36m```[39m

[36mUpdated:[39m
[36m```[39m
[36mVerify Amazon Linux 2023 is configured to disable kernel image loading.[39m

[36mCheck the status of the kernel.kexec_load_disabled kernel parameter with the following command:[39m

[36m$ sudo sysctl kernel.kexec_load_disabled[39m
[36mkernel.kexec_load_disabled = 1[39m

[36mIf "kernel.kexec_load_disabled" is not set to "1" or is missing, this is a finding.[39m

[36m```[39m
[36m---[39m
[36mSV-274178:[39m
[36mOld: [39m
[36m```[39m
[36mVerify "/home" is mounted with the "nodev" option with the following command:[39m

[36mNote: If a separate file system has not been created for the user home directories (user home directories are mounted under "/"), this is automatically a finding, as the "nodev" option cannot be used on the "/" system.[39m

[36m$ mount | grep /home[39m

[36mtmpfs on /home type xfs (rw,nodev,nosuid,noexec,seclabel)[39m

[36mIf the "/home" file system is mounted without the "nodev" option, this is a finding.[39m

[36m```[39m

[36mUpdated:[39m
[36m```[39m
[36mVerify Amazon Linux 2023 is configured so that the /boot/efi directory is mounted with the "nosuid" option with the following command:[39m

[36m$ mount | grep '\s/boot/efi\s'[39m

[36m/dev/sda1 on /boot/efi type vfat (rw,nosuid,relatime,fmask=0077,dmask=0077,codepage=437,iocharset=ascii,shortname=winnt,errors=remount-ro)[39m

[36mIf the /boot/efi file system does not have the "nosuid" option set, this is a finding.[39m

[36m```[39m
[36m---[39m
[36mSV-274179:[39m
[36mOld: [39m
[36m```[39m
[36mVerify "/dev/shm" is mounted with the "nodev" option with the following command:[39m

[36m$ findmnt /dev/shm[39m

[36mTARGET   SOURCE FSTYPE OPTIONS[39m
[36m/dev/shm tmpfs  tmpfs  rw,nodev,nosuid,noexec,seclabel[39m

[36mIf the mount options for /dev/shm does not include nodev, this is a finding.[39m

[36m```[39m

[36mUpdated:[39m
[36m```[39m
[36mVerify Amazon Linux 2023 is configured so that "/dev/shm" is mounted with the "nodev" option with the following command:[39m

[36m$ mount | grep /dev/shm[39m
[36mtmpfs on /dev/shm type tmpfs (rw,nodev,nosuid,noexec,seclabel)[39m

[36mIf the /dev/shm file system is mounted without the "nodev" option, this is a finding.[39m

[36m```[39m
[36m---[39m
[36mSV-274180:[39m
[36mOld: [39m
[36m```[39m
[36mVerify "/dev/shm" is mounted with the "nosuid" option with the following command:[39m

[36m$ findmnt /dev/shm[39m

[36m/dev/shm tmpfs  tmpfs  rw,nodev,nosuid,noexec,seclabel[39m

[36mIf the mount options for /dev/shm does not include nosuid, this is a finding.[39m

[36m```[39m

[36mUpdated:[39m
[36m```[39m
[36mVerify "/dev/shm" is mounted with the "nosuid" option with the following command:[39m

[36m$ mount | grep /dev/shm[39m
[36mtmpfs on /dev/shm type tmpfs (rw,nodev,nosuid,noexec,seclabel)[39m

[36mIf the /dev/shm file system is not mounted with the "nosuid" option, this is a finding.[39m

[36m```[39m
[36m---[39m
[36mSV-274181:[39m
[36mOld: [39m
[36m```[39m
[36mVerify that the "pcscd" socket is active with the following command:[39m

[36m$ systemctl is-active pcscd.socket[39m

[36mactive[39m

[36mIf the pcscd socket is not active, this is a finding.[39m

[36m```[39m

[36mUpdated:[39m
[36m```[39m
[36mVerify Amazon Linux 2023 is configured so that the "pcscd" service is active with the following command:[39m

[36m$ systemctl is-active pcscd[39m
[36mactive[39m

[36mIf the pcscdservice is not active, this is a finding.[39m

[36m```[39m
[36m---[39m
[36mSV-274182:[39m
[36mOld: [39m
[36m```[39m
[36mNote: If the system is virtual machine with no virtual or physical USB peripherals attached, this is Not Applicable.[39m

[36mVerify the USBGuard has a policy configured with the following command:[39m

[36m$ sudo usbguard list-rules[39m

[36mallow id 1d6b:0001 serial[39m

[36mIf the command does not return results or an error is returned, ask the SA to indicate how unauthorized peripherals are being blocked.[39m

[36mIf there is no evidence that unauthorized peripherals are being blocked before establishing a connection, this is a finding.[39m

[36m```[39m

[36mUpdated:[39m
[36m```[39m
[36mVerify Amazon Linux 2023 disables the file system automount function with the following command:[39m

[36m$ sudo systemctl is-enabled autofs[39m
[36mmasked[39m

[36mIf the returned value is not "masked", "disabled", "Failed to get unit file state for autofs.service for autofs", or "enabled", and is not documented as operational requirement with the information system security officer (ISSO), this is a finding.[39m

[36m```[39m
[36m---[39m
[36mSV-274183:[39m
[36mOld: [39m
[36m```[39m
[36mVerify "nftables" is configured to allow rate limits on any connection to the system with the following command:[39m

[36m$ sudo grep -i firewallbackend /etc/firewalld/firewalld.conf[39m

[36m# FirewallBackend[39m
[36mFirewallBackend=nftables[39m

[36mIf the "nftables" is not set as the "FirewallBackend" default, this is a finding.[39m

[36m```[39m

[36mUpdated:[39m
[36m```[39m
[36mVerify Amazon Linux 2023 is implementing rate-limiting measures on network interfaces to protect against DoS attacks. [39m

[36mAccess the AWS Management Console:[39m

[36mSign in to the AWS Management Console and navigate to the EC2 service.[39m

[36mTo locate the Application Load Balancer (ALB) in the EC2 dashboard, go to the "Load Balancers" section and find the ALB. [39m

[36mCheck the ALB configuration: Click on the ALB to view its details. The listener configuration for the ALB is located in the "Listener" tab. [39m

[36mLook for the rate limiting settings: Scroll down to the "Rules" section. If rate limiting is enabled, a rule with the "Rate Limit" action will be displayed.[39m

[36m```[39m
[36m---[39m
[36mSV-274184:[39m
[36mOld: [39m
[36m```[39m
[36mVerify ExecShield is enabled on 64-bit RHEL 9 systems.[39m

[36mRun the following command:[39m

[36m$ grep ^flags /proc/cpuinfo | grep -Ev '([^[:alnum:]])(nx)([^[:alnum:]]|$)'[39m

[36mIf any output is returned, this is a finding.[39m

[36mNext, run the following command:[39m

[36m$ sudo grubby --info=ALL | grep args | grep -E '([^[:alnum:]])(noexec)([^[:alnum:]])'[39m

[36mIf any output is returned, this is a finding.[39m

[36m```[39m

[36mUpdated:[39m
[36m```[39m
[36mVerify Amazon Linux 2023 NX support is enabled with the following command:[39m

[36m$ sudo dmesg | grep '[NX|DX]*protection'[39m
[36m[ 0.000000] NX (Execute Disable) protection: active[39m

[36mIf "dmesg" does not show "NX (Execute Disable) protection" active, this is a finding.[39m

[36m```[39m
[36m---[39m
[36mSV-274185:[39m
[36mOld: [39m
[36m```[39m
[36mVerify RHEL 9 removes all software components after updated versions have been installed with the following command:[39m

[36m$ grep -i clean_requirements_on_remove /etc/dnf/dnf.conf[39m

[36mclean_requirements_on_remove=True[39m

[36mIf "clean_requirements_on_remove" is not set to "True", this is a finding.[39m

[36m```[39m

[36mUpdated:[39m
[36m```[39m
[36mVerify Amazon Linux 2023 removes all software components after updated versions have been installed with the following command:[39m

[36m$ grep clean /etc/dnf/dnf.conf [39m
[36mclean_requirements_on_remove=1 [39m

[36mIf "clean_requirements_on_remove" is not set to "1", "True", or "yes", this is a finding.[39m

[36m```[39m
[36m---[39m
[36mSV-274186:[39m
[36mOld: [39m
[36m```[39m
[36mVerify the pam_faillock.so module is present in the "/etc/pam.d/system-auth" file:[39m

[36m$ grep pam_faillock.so /etc/pam.d/system-auth[39m

[36mauth required pam_faillock.so preauth[39m
[36mauth required pam_faillock.so authfail[39m
[36maccount required pam_faillock.so[39m

[36mIf the pam_faillock.so module is not present in the "/etc/pam.d/system-auth" file with the "preauth" line listed before pam_unix.so, this is a finding.[39m

[36mIf the system administrator (SA) can demonstrate that the required configuration is contained in a PAM configuration file included or substacked from the system-auth file, this is not a finding.[39m

[36m```[39m

[36mUpdated:[39m
[36m```[39m
[36mVerify Amazon Linux 2023 is configured so that the pam_faillock.so module is present in the "/etc/pam.d/system-auth" file:[39m

[36m$ grep pam_faillock.so /etc/pam.d/system-auth[39m
[36mauth required pam_faillock.so preauth[39m
[36mauth required pam_faillock.so authfail[39m
[36maccount required pam_faillock.so[39m

[36mIf the pam_faillock.so module is not present in the "/etc/pam.d/system-auth" file with the "preauth" line listed before pam_unix.so, this is a finding.[39m

[36m```[39m
[36m---[39m
[36mSV-274187:[39m
[36mOld: [39m
[36m```[39m
[36mVerify the audit system prevents unauthorized changes to logon UIDs with the following command:[39m

[36m$ sudo grep -i immutable /etc/audit/audit.rules[39m

[36m--loginuid-immutable[39m

[36mIf the "--loginuid-immutable" option is not returned in the "/etc/audit/audit.rules", or the line is commented out, this is a finding.[39m

[36m```[39m

[36mUpdated:[39m
[36m```[39m
[36mVerify Amazon Linux 2023 is configured so that the audit system prevents unauthorized changes to login UIDs with the following command:[39m

[36m$ sudo grep -i immutable /etc/audit/audit.rules[39m
[36m--loginuid-immutable[39m

[36mIf the "--loginuid-immutable" option is not returned in the "/etc/audit/audit.rules", or the line is commented out, this is a finding.[39m

[36m```[39m
[36m---[39m
[36mSV-283440:[39m
[36mOld: [39m
[36m```[39m
[36mVerify that BIND uses the system crypto policy with the following command:[39m

[36mNote: If the "bind" package is not installed, this requirement is Not Applicable.[39m

[36m$ sudo grep include /etc/named.conf[39m

[36minclude "/etc/crypto-policies/back-ends/bind.config";'[39m

[36mIf BIND is installed and the BIND config file doesn't contain the  include "/etc/crypto-policies/back-ends/bind.config" directive, or the line is commented out, this is a finding.[39m

[36m```[39m

[36mUpdated:[39m
[36m```[39m
[36mVerify that Amazon Linux 2023 configures BIND to use the system crypto policy with the following command:[39m

[36mNote: If the "bind" package is not installed, this requirement is Not Applicable.[39m

[36m$ sudo grep include /etc/named.conf [39m

[36minclude "/etc/crypto-policies/back-ends/bind.config";' [39m

[36mIf BIND is installed and the BIND config file doesn't contain the  include "/etc/crypto-policies/back-ends/bind.config" directive, or the line is commented out, this is a finding.[39m

[36m```[39m
[36m---[39m
[36mSV-283441:[39m
[36mOld: [39m
[36m```[39m
[36mVerify that the IPsec service uses the system crypto policy with the following command:[39m

[36mNote: If the ipsec service is not installed, this requirement is Not Applicable.[39m

[36m$ sudo grep include /etc/ipsec.conf /etc/ipsec.d/*.conf[39m

[36m/etc/ipsec.conf:include /etc/crypto-policies/back-ends/libreswan.config[39m

[36mIf the ipsec configuration file does not contain "include /etc/crypto-policies/back-ends/libreswan.config", this is a finding.[39m

[36m```[39m

[36mUpdated:[39m
[36m```[39m
[36mVerify Amazon Linux 2023 is in FIPS mode with the following command:[39m

[36m$ sudo fips-mode-setup --check[39m
[36mFIPS mode is enabled.[39m

[36mIf FIPS mode is not enabled, this is a finding.[39m

[36mIf any other lines are returned by the above command, run the following command to see the currently applied crypto-policy:[39m

[36m$ update-crypto-policies --show[39m
[36mFIPS[39m

[36mIf the policy is not "FIPS" or a FIPS policy authorized by and documented with the ISSO, this is a finding.[39m

[36m```[39m
[36m---[39m
[36mSV-283442:[39m
[36mOld: [39m
[36m```[39m
[36mVerify the SSH client is configured to use only ciphers employing FIPS 140-3 approved algorithms.[39m

[36mTo verify the ciphers in the systemwide SSH configuration file, use the following command:[39m

[36m$ grep -i Ciphers /etc/crypto-policies/back-ends/openssh.config[39m

[36mCiphers aes256-gcm@openssh.com,aes256-ctr,aes128-gcm@openssh.com,aes128-ctr[39m

[36mIf the cipher entries in the "openssh.config" file have any ciphers other than "aes256-gcm@openssh.com,aes256-ctr,aes128-gcm@openssh.com,aes128-ctr", or they are missing or commented out, this is a finding.[39m

[36m```[39m

[36mUpdated:[39m
[36m```[39m
[36mVerify the Amazon Linux 2023 SSH client is configured to use only ciphers employing FIPS 140-3-approved algorithms.[39m

[36mTo verify the ciphers in the systemwide SSH configuration file, use the following command:[39m

[36m$ grep -i Ciphers /etc/crypto-policies/back-ends/openssh.config [39m

[36mCiphers aes256-gcm@openssh.com,aes256-ctr,aes128-gcm@openssh.com,aes128-ctr[39m

[36mIf the cipher entries in the "openssh.config" file have any ciphers other than "aes256-gcm@openssh.com,aes256-ctr,aes128-gcm@openssh.com,aes128-ctr", or they are missing or commented out, this is a finding.[39m

[36m```[39m
[36m---[39m
[36mSV-283443:[39m
[36mOld: [39m
[36m```[39m
[36mVerify the SSH client is configured to use only MACs employing FIPS 140-3 approved algorithms.[39m

[36mTo verify the MACs in the systemwide SSH configuration file, use the following command:[39m

[36m$ grep -i MACs /etc/crypto-policies/back-ends/openssh.config[39m

[36mMACs hmac-sha2-256-etm@openssh.com,hmac-sha2-512-etm@openssh.com,hmac-sha2-256,hmac-sha2-512[39m

[36mIf the MACs entries in the "openssh.config" file have any hashes other than "hmac-sha2-256-etm@openssh.com,hmac-sha2-512-etm@openssh.com,hmac-sha2-256,hmac-sha2-512", or they are missing or commented out, this is a finding.[39m

[36m```[39m

[36mUpdated:[39m
[36m```[39m
[36mVerify the Amazon Linux 2023 SSH client is configured to use only MACs employing FIPS 140-3-approved algorithms.[39m

[36mTo verify the MACs in the systemwide SSH configuration file, use the following command:[39m

[36m$ grep -i MACs /etc/crypto-policies/back-ends/openssh.config[39m

[36mMACs hmac-sha2-256-etm@openssh.com,hmac-sha2-512-etm@openssh.com,hmac-sha2-256,hmac-sha2-512[39m

[36mIf the MACs entries in the "openssh.config" file have any hashes other than "hmac-sha2-256-etm@openssh.com,hmac-sha2-512-etm@openssh.com,hmac-sha2-256,hmac-sha2-512", or they are missing or commented out, this is a finding.[39m

[36m```[39m
[36m---[39m
[36mSV-283452:[39m
[36mOld: [39m
[36m```[39m
[36mVerify RHEL 9 is set to use a FIPS 140-3-compliant systemwide cryptographic policy with the following command:[39m

[36m$ update-crypto-policies --show[39m

[36mFIPS[39m

[36mIf the systemwide crypto policy is not set to "FIPS", this is a finding.[39m

[36mNote: If subpolicies have been configured, they could be listed in a colon-separated list starting with "FIPS" as follows FIPS:<SUBPOLICY-NAME>. This is not a finding.[39m

[36mNote: Subpolicies like AD-SUPPORT must be configured according to the latest guidance from the operating system vendor.[39m

[36mVerify the current minimum crypto-policy configuration with the following commands:[39m

[36m$ grep -E 'rsa_size|hash' /etc/crypto-policies/state/CURRENT.pol[39m

[36mhash = SHA2-256 SHA2-384 SHA2-512 SHA2-224 SHA3-256 SHA3-384 SHA3-512 SHAKE-256[39m
[36mmin_rsa_size = 2048[39m

[36mIf the "hash" values do not include at least the following FIPS 140-3-compliant algorithms "SHA2-256 SHA2-384 SHA2-512 SHA2-224 SHA3-256 SHA3-384 SHA3-512 SHAKE-256", this is a finding.[39m

[36mIf there are algorithms that include "SHA1" or a hash value less than "224" this is a finding.[39m

[36mIf the "min_rsa_size" is not set to a value of at least "2048", this is a finding.[39m

[36mIf these commands do not return any output, this is a finding.[39m

[36m```[39m

[36mUpdated:[39m
[36m```[39m
[36mVerify Amazon Linux 2023 is set to use a FIPS 140-2/140-3 compliant systemwide cryptographic policy.[39m

[36m$ update-crypto-policies --show[39m
[36mFIPS[39m
[36m [39m
[36mIf the systemwide crypto policy is not set to "FIPS", this is a finding.[39m

[36mInspect the contents of the REQUIRE.pmod file (if it exists) to verify only authorized modifications to the current policy are included with the following command:[39m

[36m$ cat /etc/crypto-policies/policies/modules/REQUIRE.pmod[39m

[36mNote: If subpolicies have been configured, they could be listed in a colon-separated list starting with FIPS as follows FIPS:<SUBPOLICY-NAME>:<SUBPOLICY-NAME>. This is not a finding.[39m

[36mIf the AD-SUPPORT subpolicy module is included (e.g., "FIPS:AD-SUPPORT"), and Active Directory support is not documented as an operational requirement with the information system security officer (ISSO), this is a finding.[39m

[36mIf the NO-ENFORCE-EMS subpolicy module is included (e.g., "FIPS:NO-ENFORCE-EMS"), and not enforcing EMS is not documented as an operational requirement with the ISSO, this is a finding.[39m

[36mVerify the current minimum crypto-policy configuration with the following commands:[39m
[36m [39m
[36m$ grep -E 'rsa_size|hash' /etc/crypto-policies/state/CURRENT.pol[39m
[36mhash = SHA2-256 SHA2-384 SHA2-512 SHA2-224 SHA3-256 SHA3-384 SHA3-512 SHAKE-256[39m
[36mmin_rsa_size = 2048[39m
[36m [39m
[36mIf the "hash" values do not include at least the following FIPS 140-2/140-3 compliant algorithms "SHA2-256 SHA2-384 SHA2-512 SHA2-224 SHA3-256 SHA3-384 SHA3-512 SHAKE-256", this is a finding.[39m

[36mIf there are algorithms that include "SHA1" or a hash value less than "256" this is a finding.[39m

[36mIf the "min_rsa_size" is not set to a value of at least 2048, this is a finding.[39m
[36m [39m
[36mIf these commands do not return any output, this is a finding.[39m

[36m```[39m
[36m---[39m
[36m</details>[39m

[36m#### Fixes:[39m
[36m<details open>[39m
[36m  <summary>Click to expand.</summary>[39m
[36mSV-273994:[39m
[36mOld: [39m
[36m```[39m
[36mConfigure RHEL 9 to prevent unauthorized modification of all information at rest by using disk encryption.[39m

[36mEncrypting a partition in an already installed system is more difficult, because existing partitions will need to be resized and changed.[39m

[36mTo encrypt an entire partition, dedicate a partition for encryption in the partition layout.[39m

[36m```[39m
[36mNew:[39m
[36m```[39m
[36mConfigure Amazon Linux 2023 to protect the confidentiality and integrity of all information at rest.[39m

[36mEncrypting a partition in an already installed system is more difficult, because existing partitions will need to be resized and changed.[39m

[36mTo encrypt an entire partition, dedicate a partition for encryption in the partition layout.[39m

[36m```[39m
[36m---[39m
[36mSV-273995:[39m
[36mOld: [39m
[36m```[39m
[36mInstall Red Hat package-signing keys on the system and verify their fingerprints match vendor values.[39m

[36mInsert RHEL 9 installation disc or attach RHEL 9 installation image to the system. Mount the disc or image to make the contents accessible inside the system.[39m

[36mAssuming the mounted location is "/media/cdrom", use the following command to copy Red Hat GPG key file onto the system:[39m

[36m$ sudo cp /media/cdrom/RPM-GPG-KEY-redhat-release /etc/pki/rpm-gpg/[39m

[36mImport Red Hat GPG keys from key file into system keyring:[39m

[36m$ sudo rpm --import /etc/pki/rpm-gpg/RPM-GPG-KEY-redhat-release[39m

[36mUsing the steps listed in the Check Text, confirm the newly imported keys show as installed on the system and verify their fingerprints match vendor values.[39m

[36m```[39m
[36mNew:[39m
[36m```[39m
[36mConfigure Amazon Linux 2023 to have the public key for verifying RPM packages to be installed with the "system-release" package. [39m

[36mInstall the system-release installation with the following command:[39m
[36m$ sudo dnf install -y system-release[39m

[36mEnsure cryptographic verification of software packages is enabled by editing /etc/dnf/dnf.conf and under '[main]' in the configuration file add: [39m

[36mgpgcheck=1[39m

[36m```[39m
[36m---[39m
[36mSV-273996:[39m
[36mOld: [39m
[36m```[39m
[36mConfigure dnf to always check the GPG signature of local software packages before installation.[39m

[36mAdd or update the following line in the [main] section of the /etc/dnf/dnf.conf file:[39m

[36mlocalpkg_gpgcheck=1[39m

[36m```[39m
[36mNew:[39m
[36m```[39m
[36mConfigure Amazon Linux 2023 to always check the GPG signature of local software packages before installation.[39m

[36mAdd or update the following line in the [main] section of the /etc/dnf/dnf.conf file:[39m

[36mlocalpkg_gpgcheck=1[39m

[36m```[39m
[36m---[39m
[36mSV-273997:[39m
[36mOld: [39m
[36m```[39m
[36mConfigure dnf to always check the GPG signature of software packages originating from external software repositories before installation.[39m

[36mAdd or update the following line in the [main] section of the /etc/dnf/dnf.conf file:[39m

[36mgpgcheck=1[39m

[36m```[39m
[36mNew:[39m
[36m```[39m
[36mConfigure Amazon Linux 2023 to always check the GPG signature of software packages originating from external software repositories before installation.[39m

[36mAdd or update the following line in the [main] section of the /etc/dnf/dnf.conf file:[39m

[36mgpgcheck=1[39m

[36m```[39m
[36m---[39m
[36mSV-273998:[39m
[36mOld: [39m
[36m```[39m
[36mConfigure all software repositories defined in "/etc/yum.repos.d/" to have "gpgcheck" enabled:[39m

[36m$ sudo sed -i 's/gpgcheck\s*=.*/gpgcheck=1/g' /etc/yum.repos.d/*[39m

[36m```[39m
[36mNew:[39m
[36m```[39m
[36mConfigure Amazon Linux 2023 to verify the signature of packages from a repository prior to installation by setting the following option in the "/etc/yum.repos.d/[your_repo_name].repo" file:[39m

[36mgpgcheck=1[39m

[36m```[39m
[36m---[39m
[36mSV-273999:[39m
[36mOld: [39m
[36m```[39m
[36mUpgrade to a supported version of RHEL 9.[39m

[36m```[39m
[36mNew:[39m
[36m```[39m
[36mConfigure Amazon Linux 2023 to be a vendor supported release.[39m

[36mUpgrade to a supported version of Amazon Linux 2023.[39m

[36m```[39m
[36m---[39m
[36mSV-274000:[39m
[36mOld: [39m
[36m```[39m
[36mTo enable the systemd-journald service, run the following command:[39m

[36m$ sudo systemctl enable --now systemd-journald[39m

[36m```[39m
[36mNew:[39m
[36m```[39m
[36mConfigure Amazon Linux 2023 to enable the systemd-journald service with the following command:[39m

[36m$ sudo systemctl enable --now systemd-journald[39m

[36m```[39m
[36m---[39m
[36mSV-274001:[39m
[36mOld: [39m
[36m```[39m
[36mConfigure RHEL 9 to restrict access to the kernel message buffer.[39m

[36mCreate a drop-in if it does not already exist:[39m

[36m$ sudo vi /etc/sysctl.d/99-dmesg_restrict.conf[39m

[36mAdd the following to the file:[39m
[36mkernel.dmesg_restrict = 1[39m

[36mReload settings from all system configuration files with the following command:[39m

[36m$ sudo sysctl --system[39m

[36m```[39m
[36mNew:[39m
[36m```[39m
[36mConfigure Amazon Linux 2023 to restrict access to the kernel message buffer.[39m

[36mAdd or edit the following line in a system configuration file, in the "/etc/sysctl.d/" directory:[39m

[36mkernel.dmesg_restrict = 1[39m

[36mLoad settings from all system configuration files with the following command:[39m

[36m$ sudo sysctl --system[39m

[36m```[39m
[36m---[39m
[36mSV-274002:[39m
[36mOld: [39m
[36m```[39m
[36mConfigure RHEL 9 to prevent kernel profiling by nonprivileged users.[39m

[36mCreate a drop-in if it does not already exist:[39m

[36m$ sudo vi /etc/sysctl.d/99-kernel_perf_event_paranoid.conf[39m

[36mAdd the following to the file:[39m
[36mkernel.perf_event_paranoid = 2[39m

[36mReload settings from all system configuration files with the following command:[39m

[36m$ sudo sysctl --system[39m

[36m```[39m
[36mNew:[39m
[36m```[39m
[36mConfigure Amazon Linux 2023 to prevent kernel profiling by nonprivileged users.[39m

[36mAdd or edit the following line in a system configuration file, in the "/etc/sysctl.d/" directory:[39m

[36mkernel.perf_event_paranoid = 2[39m

[36mLoad settings from all system configuration files with the following command:[39m

[36m$ sudo sysctl --system[39m

[36m```[39m
[36m---[39m
[36mSV-274003:[39m
[36mOld: [39m
[36m```[39m
[36mConfigure RHEL 9 to restrict exposed kernel pointer addresses access.[39m

[36mCreate a drop-in if it does not already exist:[39m

[36m$ sudo vi /etc/sysctl.d/99-kernel_kptr_restrict.conf[39m

[36mAdd the following to the file:[39m
[36mkernel.kptr_restrict = 1[39m

[36mReload settings from all system configuration files with the following command:[39m

[36m$ sudo sysctl --system[39m

[36m```[39m
[36mNew:[39m
[36m```[39m
[36mConfigure Amazon Linux 2023 to restrict exposed kernel pointer addresses access. [39m

[36mAdd or edit the following line in a system configuration file in the "/etc/sysctl.d/" directory:[39m

[36mkernel.kptr_restrict = 1[39m

[36mReload settings from all system configuration files with the following command:[39m

[36m$ sudo sysctl --system[39m

[36m```[39m
[36m---[39m
[36mSV-274004:[39m
[36mOld: [39m
[36m```[39m
[36mConfigure RHEL 9 to prevent privilege escalation through the kernel by disabling access to the bpf system call.[39m

[36mCreate the drop-in file if it does not already exist:[39m

[36m$ sudo vi /etc/sysctl.d/99-kernel_unprivileged_bpf_disabled.conf[39m

[36mAdd the following line to the file:[39m
[36mkernel.unprivileged_bpf_disabled = 1[39m

[36mReload settings from all system configuration files with the following command:[39m

[36m$ sudo sysctl --system[39m

[36m```[39m
[36mNew:[39m
[36m```[39m
[36mConfigure Amazon Linux 2023 to prevent privilege escalation through the kernel by disabling access to the bpf syscall by adding the following line to a file, in the "/etc/sysctl.d" directory:[39m

[36mkernel.unprivileged_bpf_disabled = 1[39m

[36mThe system configuration files must be reloaded for the changes to take effect. To reload the contents of the files, run the following command:[39m

[36m$ sudo sysctl --system[39m

[36m```[39m
[36m---[39m
[36mSV-274005:[39m
[36mOld: [39m
[36m```[39m
[36mConfigure RHEL 9 to restrict the usage of ptrace to descendant processes.[39m

[36mCreate the drop-in if it doesn't already exist:[39m

[36m$ sudo vi /etc/sysctl.d/99-kernel_yama.ptrace_scope.conf[39m

[36mAdd the following line to the file:[39m
[36mkernel.yama.ptrace_scope = 1[39m

[36mReload settings from all system configuration files with the following command:[39m

[36m$ sudo sysctl --system[39m

[36m```[39m
[36mNew:[39m
[36m```[39m
[36mConfigure Amazon Linux 2023 to restrict usage of ptrace to descendant processes by adding the following line to a file, in the "/etc/sysctl.d" directory:[39m

[36mkernel.yama.ptrace_scope = 1[39m

[36mThe system configuration files need to be reloaded for the changes to take effect. To reload the contents of the files, run the following command:[39m

[36m$ sudo sysctl --system[39m

[36m```[39m
[36m---[39m
[36mSV-274006:[39m
[36mOld: [39m
[36m```[39m
[36mConfigure RHEL 9 to implement ASLR.[39m

[36mCreate the drop-in if it does not already exist:[39m

[36m$ sudo vi /etc/sysctl.d/99-kernel_randomize_va_space.conf[39m

[36mAdd the following line to the file:[39m
[36mkernel.randomize_va_space = 2[39m

[36mReload settings from all system configuration files with the following command:[39m

[36m$ sudo sysctl --system[39m

[36m```[39m
[36mNew:[39m
[36m```[39m
[36mConfigure Amazon Linux 2023 to enable ASLR to enhance memory protection.[39m

[36mEnable ASLR by setting the kernel parameter with the following command:[39m
[36mecho 2 | sudo tee /proc/sys/kernel/randomize_va_space [39m

[36mAdd or edit the following line in a system configuration file in the "/etc/sysctl.d/" directory:[39m

[36mkernel.randomize_va_space = 2[39m

[36mReload settings from all system configuration files with the following command:[39m

[36m$ sudo sysctl --system[39m

[36m```[39m
[36m---[39m
[36mSV-274007:[39m
[36mOld: [39m
[36m```[39m
[36mThe ftp package can be removed with the following command (using vsftpd as an example):[39m

[36m$ sudo dnf remove vsftpd[39m

[36m```[39m
[36mNew:[39m
[36m```[39m
[36mConfigure Amazon Linux 2023 to not have the vsftpd package installed with the following command:[39m

[36m$ sudo dnf -y remove vsftpd[39m

[36m```[39m
[36m---[39m
[36mSV-274008:[39m
[36mOld: [39m
[36m```[39m
[36mRemove the nfs-utils package with the following command:[39m

[36m$ sudo dnf remove nfs-utils[39m

[36m```[39m
[36mNew:[39m
[36m```[39m
[36mConfigure Amazon Linux 2023 to not have the sendmail package installed with the following command:[39m

[36m$ sudo dnf -y remove sendmail[39m

[36m```[39m
[36m---[39m
[36mSV-274009:[39m
[36mOld: [39m
[36m```[39m
[36mRemove the ypserv package with the following command:[39m

[36m$ sudo dnf remove ypserv[39m

[36m```[39m
[36mNew:[39m
[36m```[39m
[36mConfigure Amazon Linux 2023 to not have the nfs-utils package installed with the following command:[39m

[36m$ sudo dnf -y remove nfs-utils[39m

[36m```[39m
[36m---[39m
[36mSV-274010:[39m
[36mOld: [39m
[36m```[39m
[36mRemove the telnet-server package with the following command:[39m

[36m$ sudo dnf remove telnet-server[39m

[36m```[39m
[36mNew:[39m
[36m```[39m
[36mConfigure Amazon Linux 2023 to not have the telnet-server package installed with the following command:[39m

[36m$ sudo dnf -y remove telnet-server[39m

[36m```[39m
[36m---[39m
[36mSV-274011:[39m
[36mOld: [39m
[36m```[39m
[36mThe repo package can be manually removed with the following command:[39m

[36m$ sudo dnf remove epel-release[39m

[36mConfigure the operating system to disable use of the EPEL repository with the following command:[39m

[36m$ sudo dnf config-manager --set-disabled epel[39m

[36m```[39m
[36mNew:[39m
[36m```[39m
[36mConfigure Amazon Linux 2023 to not have the gssproxy package installed.[39m

[36mThe gssproxy package can be removed with the following command:[39m

[36m$ sudo dnf -y remove gssproxy[39m

[36m```[39m
[36m---[39m
[36mSV-274012:[39m
[36mOld: [39m
[36m```[39m
[36mThe  sudo  package can be installed with the following command:[39m

[36m$ sudo dnf install sudo[39m

[36m```[39m
[36mNew:[39m
[36m```[39m
[36mConfigure Amazon Linux 2023 to have the sudo package installed with the following command:[39m

[36m$ sudo dnf install -y sudo[39m

[36m```[39m
[36m---[39m
[36mSV-274014:[39m
[36mOld: [39m
[36m```[39m
[36mConfigure RHEL 9 to reauthenticate "sudo" commands after the specified timeout:[39m

[36mAdd the following line to "/etc/sudoers" or a file in "/etc/sudoers.d":[39m

[36mDefaults timestamp_timeout=0[39m

[36m```[39m
[36mNew:[39m
[36m```[39m
[36mConfigure Amazon Linux 2023 to reauthenticate "sudo" commands after the specified timeout:[39m

[36mAdd the following line to "/etc/sudoers" or a file in "/etc/sudoers.d":[39m

[36mDefaults timestamp_timeout=0[39m

[36m```[39m
[36m---[39m
[36mSV-274015:[39m
[36mOld: [39m
[36m```[39m
[36mConfigure RHEL 9 to not allow users to execute privileged actions without authenticating.[39m

[36mRemove any occurrence of "!authenticate" found in "/etc/sudoers" file or files in the "/etc/sudoers.d" directory.[39m

[36m$ sudo sed -i '/\!authenticate/ s/^/# /g' /etc/sudoers /etc/sudoers.d/*[39m

[36m```[39m
[36mNew:[39m
[36m```[39m
[36mConfigure Amazon Linux 2023 to not allow users to execute privileged actions without authenticating.[39m

[36mRemove any occurrence of "!authenticate" found in "/etc/sudoers" file or files in the "/etc/sudoers.d" directory.[39m

[36m$ sudo sed -i '/\!authenticate/ s/^/# /g' /etc/sudoers /etc/sudoers.d/*[39m

[36m```[39m
[36m---[39m
[36mSV-274016:[39m
[36mOld: [39m
[36m```[39m
[36mRemove the following entries from the /etc/sudoers file or configuration file under /etc/sudoers.d/:[39m

[36mALL     ALL=(ALL) ALL[39m
[36mALL     ALL=(ALL:ALL) ALL[39m

[36m```[39m
[36mNew:[39m
[36m```[39m
[36mConfigure Amazon Linux 2023 to not allow users to execute privileged actions without authenticating with a password.[39m

[36mRemove any occurrence of "NOPASSWD" found in "/etc/sudoers" file or files in the "/etc/sudoers.d" directory.[39m

[36m$ sudo sed -i '/NOPASSWD/ s/^/# /g' /etc/sudoers /etc/sudoers.d/*[39m

[36m```[39m
[36m---[39m
[36mSV-274017:[39m
[36mOld: [39m
[36m```[39m
[36mInstall the audit service package (if the audit service is not already installed) with the following command:[39m

[36m$ sudo dnf install audit[39m

[36m```[39m
[36mNew:[39m
[36m```[39m
[36mConfigure Amazon Linux 2023 so that the audit service to produce audit records containing the information needed to establish when (date and time) an event occurred.[39m

[36mInstall the audit service (if the audit service is not already installed) with the following command:[39m

[36m$ sudo dnf install -y audit[39m

[36m```[39m
[36m---[39m
[36mSV-274018:[39m
[36mOld: [39m
[36m```[39m
[36mEnable auditing of processes that start prior to the audit daemon with the following command:[39m

[36m$ sudo grubby --update-kernel=ALL --args="audit=1"[39m

[36mAdd or modify the following line in "/etc/default/grub" to ensure the configuration survives kernel updates:[39m

[36mGRUB_CMDLINE_LINUX="audit=1"[39m

[36m```[39m
[36mNew:[39m
[36m```[39m
[36mConfigure Amazon Linux 2023 so that the audit service to produce audit records containing the information needed to establish when an event occurred with the following commands:[39m

[36m$ sudo systemctl enable auditd.service[39m

[36m$ sudo systemctl start auditd.service[39m

[36m```[39m
[36m---[39m
[36mSV-274019:[39m
[36mOld: [39m
[36m```[39m
[36mThe audispd-plugins package can be installed with the following command:[39m

[36m$ sudo dnf install audispd-plugins[39m

[36m```[39m
[36mNew:[39m
[36m```[39m
[36mConfigure Amazon Linux 2023 to have the audispd-plugins package installed.[39m

[36mInstall the audispd-plugins package with the following command:[39m
[36m [39m
[36m$ sudo dnf install -y audispd-plugins[39m

[36m```[39m
[36m---[39m
[36mSV-274020:[39m
[36mOld: [39m
[36m```[39m
[36mConfigure RHEL 9 to flush audit to disk by adding or updating the following rule in "/etc/audit/auditd.conf":[39m

[36mfreq = 100[39m

[36mThe audit daemon must be restarted for the changes to take effect.[39m

[36m```[39m
[36mNew:[39m
[36m```[39m
[36mConfigure Amazon Linux 2023 to monitor all remote access methods by installing rsyslog with the following command:[39m

[36m$ sudo dnf install -y rsyslog[39m

[36mEnable the log service with the following command: [39m
[36m [39m
[36m$ sudo systemctl enable --now rsyslog[39m

[36m```[39m
[36m---[39m
[36mSV-274021:[39m
[36mOld: [39m
[36m```[39m
[36mAdd or update the following lines to the "/etc/rsyslog.conf" file or a file in "/etc/rsyslog.d":[39m

[36mauth.*;authpriv.*;daemon.* /var/log/secure[39m

[36mThe "rsyslog" service must be restarted for the changes to take effect with the following command:[39m

[36m$ sudo systemctl restart rsyslog.service[39m

[36m```[39m
[36mNew:[39m
[36m```[39m
[36mConfigure Amazon Linux 2023 to monitor all remote access methods by installing rsyslog with the following command:[39m

[36m$ sudo yum install rsyslog[39m

[36mThen add or update the following lines to the "/etc/rsyslog.conf" file:[39m

[36mauth.*;authpriv.*;daemon.* /var/log/secure[39m

[36mThe "rsyslog" service must be restarted for the changes to take effect. To restart the "rsyslog" service, run the following command:[39m

[36m$ sudo systemctl restart rsyslog.service[39m

[36m```[39m
[36m---[39m
[36mSV-274022:[39m
[36mOld: [39m
[36m```[39m
[36mThe chrony package can be installed with the following command:[39m

[36m$ sudo dnf install chrony[39m

[36m```[39m
[36mNew:[39m
[36m```[39m
[36mConfigure Amazon Linux 2023 to have the chrony package installed.[39m

[36mThe chrony package can be installed with the following command:[39m
[36m [39m
[36m$ sudo dnf install -y chrony[39m

[36m```[39m
[36m---[39m
[36mSV-274023:[39m
[36mOld: [39m
[36m```[39m
[36mTo enable the chronyd service run the following command:[39m

[36m$ sudo systemctl enable --now chronyd[39m

[36m```[39m
[36mNew:[39m
[36m```[39m
[36mConfigure Amazon Linux 2023 to have the chronyd service set to active with the following command:[39m

[36m$ sudo systemctl enable --now chronyd[39m

[36m```[39m
[36m---[39m
[36mSV-274024:[39m
[36mOld: [39m
[36m```[39m
[36mInstall AIDE, initialize it, and perform a manual check.[39m

[36mInstall AIDE:[39m

[36m$ sudo dnf install aide[39m

[36mInitialize AIDE:[39m

[36m$ sudo /usr/sbin/aide --init[39m

[36mExample output:[39m

[36mStart timestamp: 2023-06-05 10:09:04 -0600 (AIDE 0.16)[39m
[36mAIDE initialized database at /var/lib/aide/aide.db.new.gz[39m

[36mNumber of entries:      86833[39m

[36m---------------------------------------------------[39m
[36mThe attributes of the (uncompressed) database(s):[39m
[36m---------------------------------------------------[39m

[36m/var/lib/aide/aide.db.new.gz[39m
[36m  MD5      : coZUtPHhoFoeD7+k54fUvQ==[39m
[36m  SHA1     : DVpOEMWJwo0uPgrKZAygIUgSxeM=[39m
[36m  SHA256   : EQiZH0XNEk001tcDmJa+5STFEjDb4MPE[39m
[36m             TGdBJ/uvZKc=[39m
[36m  SHA512   : 86KUqw++PZhoPK0SZvT3zuFq9yu9nnPP[39m
[36m             toei0nENVELJ1LPurjoMlRig6q69VR8l[39m
[36m             +44EwO9eYyy9nnbzQsfG1g==[39m

[36mEnd timestamp: 2023-06-05 10:09:57 -0600 (run time: 0m 53s)[39m

[36mThe new database will need to be renamed to be read by AIDE:[39m

[36m$ sudo mv /var/lib/aide/aide.db.new.gz /var/lib/aide/aide.db.gz[39m

[36mPerform a manual check:[39m

[36m$ sudo /usr/sbin/aide --check[39m

[36mExample output:[39m

[36m2023-06-05 10:16:08 -0600 (AIDE 0.16)[39m
[36mAIDE found NO differences between database and filesystem. Looks okay!![39m

[36m...[39m

[36m```[39m
[36mNew:[39m
[36m```[39m
[36mConfigure Amazon Linux 2023 to have the AIDE package installed.[39m

[36mInstall AIDE:[39m

[36m$ sudo dnf install -y aide[39m

[36mInitialize AIDE:[39m
[36m [39m
[36m$ sudo /usr/sbin/aide --init[39m

[36mThe new database must be renamed to be read by AIDE:[39m

[36m$ sudo mv /var/lib/aide/aide.db.new.gz /var/lib/aide/aide.db.gz[39m

[36mPerform a manual check:[39m

[36m$ sudo /usr/sbin/aide --check[39m
[36mExample output:[39m

[36m2023-06-05 10:16:08 -0600 (AIDE 0.16)[39m
[36mAIDE found NO differences between database and filesystem. Looks okay!![39m

[36m```[39m
[36m---[39m
[36mSV-274025:[39m
[36mOld: [39m
[36m```[39m
[36mConfigure the file integrity tool to run automatically on the system at least weekly and to notify designated personnel if baseline configurations are changed in an unauthorized manner. The AIDE tool can be configured to email designated personnel with the use of the cron system.[39m

[36mThe following example output is generic. It will set cron to run AIDE daily and to send email at the completion of the analysis[39m

[36m$ sudo more /etc/cron.daily/aide[39m

[36m#!/bin/bash[39m
[36m/usr/sbin/aide --check | /bin/mail -s "$HOSTNAME - Daily aide integrity check run" root@sysname.mil[39m

[36m```[39m
[36mNew:[39m
[36m```[39m
[36mConfigure Amazon Linux 2023 so the file integrity tool runs automatically on the system at least weekly and notifies designated personnel if baseline configurations are changed in an unauthorized manner. The AIDE tool can be configured to email designated personnel using either the crond service or systemd timers.[39m

[36mIf using cron, ensure the cronie package is installed and enabled:[39m

[36m$ sudo dnf install cronie[39m
[36m$ sudo systemctl enable crond[39m
[36m$ sudo systemctl start crond[39m

[36mThe following example output is generic. It will set cron to run AIDE daily and to send an email upon completion of the analysis:[39m

[36m$ sudo more /etc/cron.daily/aide[39m
[36m#!/bin/bash[39m
[36m/usr/sbin/aide --check | /bin/mail -s "$HOSTNAME - Daily aide integrity check run" root@sysname.mil[39m

[36mIf using systemd timers, create the file "/etc/systemd/system/aid.service" to run the "aide --check" command:[39m

[36m[Unit][39m
[36mDescription=Aide Check[39m
[36m[Service][39m
[36mType=simple[39m
[36mExecStart=/usr/sbin/aide --check | /bin/mail -s "$HOSTNAME - Daily aide integrity check run"[39m
[36m[Install][39m
[36mWantedBy=multi-user.target[39m

[36mCreate the file "/etc/systemd/system/aide.timer" to run the AIDE check service at a specified time. The example below runs "aide --check" at 1:00 a.m. every day:[39m

[36m[Unit][39m
[36mDescription=Aide check every day at 1AM[39m
[36m[Timer][39m
[36mOnCalendar=*-*-* 01:00:00[39m
[36mUnit=aide.service[39m
[36m[Install][39m
[36mWantedBy=timers.target[39m

[36mReload systemd:[39m

[36m$ sudo systemctl daemon-reload[39m

[36mEnabling the service will ensure the "aide --check" service will also start at boot time:[39m

[36m$ sudo systemctl enable aide.service[39m

[36mStart the timer:[39m

[36m$ sudo systemctl --now enable aide.timer[39m

[36m```[39m
[36m---[39m
[36mSV-274026:[39m
[36mOld: [39m
[36m```[39m
[36mAdd or update the following lines to "/etc/aide.conf", to protect the integrity of the audit tools.[39m

[36m/usr/sbin/auditctl p+i+n+u+g+s+b+acl+xattrs+sha512[39m
[36m/usr/sbin/auditd p+i+n+u+g+s+b+acl+xattrs+sha512[39m
[36m/usr/sbin/ausearch p+i+n+u+g+s+b+acl+xattrs+sha512[39m
[36m/usr/sbin/aureport p+i+n+u+g+s+b+acl+xattrs+sha512[39m
[36m/usr/sbin/autrace p+i+n+u+g+s+b+acl+xattrs+sha512[39m
[36m/usr/sbin/augenrules p+i+n+u+g+s+b+acl+xattrs+sha512[39m

[36m```[39m
[36mNew:[39m
[36m```[39m
[36mConfigure Amazon Linux 2023 to protect the integrity of the AIDE audit tools.[39m

[36mAdd or update the following lines to "/etc/aide.conf", to protect the integrity of the audit tools.[39m
[36m [39m
[36m/usr/sbin/auditctl p+i+n+u+g+s+b+acl+xattrs+sha512[39m
[36m/usr/sbin/auditd p+i+n+u+g+s+b+acl+xattrs+sha512[39m
[36m/usr/sbin/ausearch p+i+n+u+g+s+b+acl+xattrs+sha512[39m
[36m/usr/sbin/aureport p+i+n+u+g+s+b+acl+xattrs+sha512[39m
[36m/usr/sbin/autrace p+i+n+u+g+s+b+acl+xattrs+sha512[39m
[36m/usr/sbin/augenrules p+i+n+u+g+s+b+acl+xattrs+sha512[39m

[36m```[39m
[36m---[39m
[36mSV-274027:[39m
[36mOld: [39m
[36m```[39m
[36mTo install the "firewalld" package run the following command:[39m

[36m$ sudo dnf install firewalld[39m

[36m```[39m
[36mNew:[39m
[36m```[39m
[36mConfigure Amazon Linux 2023 to have the firewalld package installed with the following command:[39m

[36m$ sudo dnf install -y firewalld[39m

[36m```[39m
[36m---[39m
[36mSV-274028:[39m
[36mOld: [39m
[36m```[39m
[36mTo enable the firewalld service run the following command:[39m

[36m$ sudo systemctl enable --now firewalld[39m

[36m```[39m
[36mNew:[39m
[36m```[39m
[36mConfigure Amazon Linux 2023 to enable the firewalld service with the following command:[39m

[36m$ sudo systemctl enable --now firewalld[39m

[36m```[39m
[36m---[39m
[36mSV-274031:[39m
[36mOld: [39m
[36m```[39m
[36mThe s-nail package can be installed with the following command:[39m

[36m$ sudo dnf install s-nail[39m

[36m```[39m
[36mNew:[39m
[36m```[39m
[36mConfigure Amazon Linux 2023 to have the s-nail package installed with the following command:[39m

[36m$ sudo dnf install -y s-nail[39m

[36m```[39m
[36m---[39m
[36mSV-274033:[39m
[36mOld: [39m
[36m```[39m
[36mThe policycoreutils package can be installed with the following command:[39m

[36m$ sudo dnf install policycoreutils[39m

[36m```[39m
[36mNew:[39m
[36m```[39m
[36mConfigure Amazon Linux 2023 to have the policycoreutils package installed with the following command:[39m

[36m$ sudo dnf install -y policycoreutils[39m

[36m```[39m
[36m---[39m
[36mSV-274034:[39m
[36mOld: [39m
[36m```[39m
[36mThe  pcsc-lite  package can be installed with the following command:[39m

[36m$ sudo dnf install pcsc-lite[39m

[36m```[39m
[36mNew:[39m
[36m```[39m
[36mConfigure Amazon Linux 2023 to have the pcsc-lite package installed with the following command:[39m
[36m [39m
[36m$ sudo dnf install -y pcsc-lite[39m

[36m```[39m
[36m---[39m
[36mSV-274035:[39m
[36mOld: [39m
[36m```[39m
[36mConfigure Kerberos to use system cryptographic policy.[39m

[36mCreate a symlink pointing to system crypto policy in the Kerberos configuration using the following command:[39m

[36m$ sudo ln -s /etc/crypto-policies/back-ends/krb5.config /usr/share/crypto-policies/FIPS/krb5.txt[39m

[36m```[39m
[36mNew:[39m
[36m```[39m
[36mConfigure Amazon Linux 2023 to have the rsyslog-openssl package installed with the following command:[39m

[36m$ sudo dnf install -y rsyslog-openssl[39m

[36m```[39m
[36m---[39m
[36mSV-274036:[39m
[36mOld: [39m
[36m```[39m
[36mThe opensc package can be installed with the following command:[39m

[36m$ sudo dnf install opensc[39m

[36m```[39m
[36mNew:[39m
[36m```[39m
[36mConfigure Amazon Linux 2023 to have the opensc package installed with the following command:[39m
[36m [39m
[36m$ sudo dnf install -y opensc[39m

[36m```[39m
[36m---[39m
[36mSV-274037:[39m
[36mOld: [39m
[36m```[39m
[36mConfigure RHEL 9 to implement certificate status checking for multifactor authentication.[39m

[36mReview the "/etc/sssd/conf.d/certificate_verification.conf" file to determine if the system is configured to prevent OCSP or certificate verification.[39m

[36mAdd the following line to the "/etc/sssd/conf.d/certificate_verification.conf" file:[39m

[36mcertificate_verification = ocsp_dgst=sha512[39m

[36mSet the correct ownership and permissions on the "/etc/sssd/conf.d/certificate_verification.conf" file by running these commands:[39m

[36m$ sudo chown root:root "/etc/sssd/conf.d/certificate_verification.conf"[39m
[36m$ sudo chmod 600 "/etc/sssd/conf.d/certificate_verification.conf"[39m

[36mThe "sssd" service must be restarted for the changes to take effect. To restart the "sssd" service, run the following command:[39m

[36m$ sudo systemctl restart sssd.service[39m

[36m```[39m
[36mNew:[39m
[36m```[39m
[36mConfigure Amazon Linux 2023 to have the openssl-pkcs11 package installed with the following command:[39m
[36m [39m
[36m$ sudo dnf install -y openssl-pkcs11[39m

[36m```[39m
[36m---[39m
[36mSV-274038:[39m
[36mOld: [39m
[36m```[39m
[36mThe openssh-server package can be installed with the following command:[39m

[36m$ sudo dnf install openssh-server[39m

[36m```[39m
[36mNew:[39m
[36m```[39m
[36mConfigure Amazon Linux 2023 to have the openssh-server package installed with the following command:[39m
[36m [39m
[36m$ sudo dnf install -y openssh-server[39m

[36m```[39m
[36m---[39m
[36mSV-274039:[39m
[36mOld: [39m
[36m```[39m
[36mTo enable the sshd service run the following command:[39m

[36m$ systemctl enable --now sshd[39m

[36m```[39m
[36mNew:[39m
[36m```[39m
[36mConfigure Amazon Linux 2023 to enable the sshd service run the following command:[39m

[36m$ sudo systemctl enable --now sshd[39m

[36m```[39m
[36m---[39m
[36mSV-274040:[39m
[36mOld: [39m
[36m```[39m
[36mInstall the crypto-policies package (if the package is not already installed) with the following command:[39m

[36m$ sudo dnf -y install crypto-policies[39m

[36m```[39m
[36mNew:[39m
[36m```[39m
[36mConfigure Amazon Linux 2023 to have the crypto-policies package installed with the following command:[39m

[36m$ sudo dnf install -y crypto-policies[39m

[36m```[39m
[36m---[39m
[36mSV-274042:[39m
[36mOld: [39m
[36m```[39m
[36mConfigure the RHEL 9 SSH server to use only ciphers employing FIPS 140-3 approved algorithms.[39m

[36mReinstall crypto-policies with the following command:[39m

[36m$ sudo dnf -y reinstall crypto-policies[39m

[36mSet the crypto-policy to FIPS with the following command:[39m

[36m$ sudo update-crypto-policies --set FIPS[39m

[36mSetting system policy to FIPS[39m

[36mNote: Systemwide crypto policies are applied on application startup. It is recommended to restart the system for the change of policies to fully take place.[39m

[36m```[39m
[36mNew:[39m
[36m```[39m
[36mConfigure Amazon Linux 2023 so that the SSH server uses only ciphers employing FIPS 140-2/140-3 approved algorithms.[39m

[36mReinstall crypto-policies with the following command:[39m

[36m$ sudo dnf -y reinstall crypto-policies[39m

[36mSet the crypto-policy to FIPS with the following command:[39m

[36m$ sudo update-crypto-policies --set FIPS[39m
[36mSetting system policy to FIPS[39m

[36mNote: Systemwide crypto policies are applied on application startup. It is recommended to restart the system for the change of policies to fully take place.[39m

[36m```[39m
[36m---[39m
[36mSV-274043:[39m
[36mOld: [39m
[36m```[39m
[36mConfigure the RHEL 9 SSH server to use only MACs employing FIPS 140-3 approved algorithms.[39m

[36mReinstall crypto-policies with the following command:[39m

[36m$ sudo dnf -y reinstall crypto-policies[39m

[36mSet the crypto-policy to FIPS with the following command:[39m

[36m$ sudo update-crypto-policies --set FIPS[39m

[36mSetting system policy to FIPS[39m

[36mNote: Systemwide crypto policies are applied on application startup. It is recommended to restart the system for the change of policies to fully take place.[39m

[36m```[39m
[36mNew:[39m
[36m```[39m
[36mConfigure Amazon Linux 2023 so that the SSH server uses only MACs employing FIPS 140-2/140-3 approved algorithms.[39m

[36mReinstall crypto-policies with the following command:[39m

[36m$ sudo dnf -y reinstall crypto-policies[39m

[36mSet the crypto-policy to FIPS with the following command:[39m

[36m$ sudo update-crypto-policies --set FIPS[39m
[36mSetting system policy to FIPS[39m

[36mNote: Systemwide crypto policies are applied on application startup. It is recommended to restart the system for the change of policies to fully take place.[39m

[36m```[39m
[36m---[39m
[36mSV-274044:[39m
[36mOld: [39m
[36m```[39m
[36mConfigure the SSH daemon to not allow GSSAPI authentication.[39m

[36mAdd or uncomment the following line to "/etc/ssh/sshd_config" or to a file in "/etc/ssh/sshd_config.d" and set the value to "no":[39m

[36mGSSAPIAuthentication no[39m

[36mThe SSH service must be restarted for changes to take effect:[39m

[36m$ sudo systemctl restart sshd.service[39m

[36m```[39m
[36mNew:[39m
[36m```[39m
[36mConfigure Amazon Linux 2023 so that the SSH daemon does not allow GSSAPI authentication.[39m

[36mAdd or uncomment the following line to "/etc/ssh/sshd_config" or to a file in "/etc/ssh/sshd_config.d" and set the value to "no":[39m

[36mGSSAPIAuthentication no[39m

[36mThe SSH service must be restarted for changes to take effect:[39m

[36m$ sudo systemctl restart sshd.service[39m

[36m```[39m
[36m---[39m
[36mSV-274045:[39m
[36mOld: [39m
[36m```[39m
[36mConfigure the SSH daemon to not allow Kerberos authentication.[39m

[36mAdd the following line in "/etc/ssh/sshd_config" or to a file in "/etc/ssh/sshd_config.d", or uncomment the line and set the value to "no":[39m

[36mKerberosAuthentication no[39m

[36mThe SSH service must be restarted for changes to take effect:[39m

[36m$ sudo systemctl restart sshd.service[39m

[36m```[39m
[36mNew:[39m
[36m```[39m
[36mConfigure Amazon Linux 2023 so that the SSH daemon does not allow Kerberos authentication.[39m

[36mAdd the following line in "/etc/ssh/sshd_config" or to a file in "/etc/ssh/sshd_config.d" or uncomment the line and set the value to "no":[39m

[36mKerberosAuthentication no[39m

[36mThe SSH service must be restarted for changes to take effect:[39m

[36m$ sudo systemctl restart sshd.service[39m

[36m```[39m
[36m---[39m
[36mSV-274046:[39m
[36mOld: [39m
[36m```[39m
[36mConfigure RHEL 9 to force a frequent session key renegotiation for SSH connections to the server by adding or modifying the following line in the "/etc/ssh/sshd_config" or in a file in "/etc/ssh/sshd_config.d":[39m

[36mRekeyLimit 1G 1h[39m

[36mRestart the SSH daemon for the settings to take effect.[39m

[36m$ sudo systemctl restart sshd.service[39m

[36m```[39m
[36mNew:[39m
[36m```[39m
[36mConfigure Amazon Linux 2023 to force a frequent session key renegotiation for SSH connections to the server by adding or modifying the following line in the "/etc/ssh/sshd_config" file or in a file in "/etc/ssh/sshd_config.d":[39m

[36mRekeyLimit 1G 1h[39m

[36mRestart the SSH daemon for the settings to take effect.[39m

[36m$ sudo systemctl restart sshd.service[39m

[36m```[39m
[36m---[39m
[36mSV-274047:[39m
[36mOld: [39m
[36m```[39m
[36mTo configure the system, add or modify the following line in "/etc/ssh/sshd_config" or in a file in "/etc/ssh/sshd_config.d".[39m

[36mPubkeyAuthentication yes[39m

[36mRestart the SSH daemon for the settings to take effect:[39m

[36m$ sudo systemctl restart sshd.service[39m

[36m```[39m
[36mNew:[39m
[36m```[39m
[36mConfigure Amazon Linux 2023 to use public key authentication for SSHD by adding or modifying the following line in "/etc/ssh/sshd_config" or in a file in "/etc/ssh/sshd_config.d".[39m

[36mPubkeyAuthentication yes[39m

[36mRestart the SSH daemon for the settings to take effect:[39m

[36m$ sudo systemctl restart sshd.service[39m

[36m```[39m
[36m---[39m
[36mSV-274048:[39m
[36mOld: [39m
[36m```[39m
[36mTo configure the system to prevent SSH users from logging on with blank passwords edit the following line in "/etc/ssh/sshd_config" or in a file in "/etc/ssh/sshd_config.d":[39m

[36mPermitEmptyPasswords no[39m

[36mRestart the SSH daemon for the settings to take effect:[39m

[36m$ sudo systemctl restart sshd.service[39m

[36m```[39m
[36mNew:[39m
[36m```[39m
[36mConfigure Amazon Linux 2023 to prevent SSH users from logging on with blank passwords.[39m

[36mEdit the following line in "etc/ssh/sshd_config" or in a file in "/etc/ssh/sshd_config.d":[39m

[36mPermitEmptyPasswords no[39m

[36mRestart the SSH daemon for the settings to take effect:[39m

[36m$ sudo systemctl restart sshd.service[39m

[36m```[39m
[36m---[39m
[36mSV-274049:[39m
[36mOld: [39m
[36m```[39m
[36mTo configure the system to prevent SSH users from logging on directly as root add or modify the following line in "/etc/ssh/sshd_config" or in a file in "/etc/ssh/sshd_config.d".[39m

[36mPermitRootLogin no[39m

[36mRestart the SSH daemon for the settings to take effect:[39m

[36m$ sudo systemctl restart sshd.service[39m

[36m```[39m
[36mNew:[39m
[36m```[39m
[36mConfigure Amazon Linux 2023 to prevent SSH users from logging on directly as root add or modify the following line in "/etc/ssh/sshd_config" or in a file in "/etc/ssh/sshd_config.d".[39m

[36mPermitRootLogin no[39m

[36mRestart the SSH daemon for the settings to take effect:[39m

[36m$ sudo systemctl restart sshd.service[39m

[36m```[39m
[36m---[39m
[36mSV-274050:[39m
[36mOld: [39m
[36m```[39m
[36mNote: This setting must be applied in conjunction with RHEL-09-255100 to function correctly.[39m

[36mConfigure the SSH server to terminate a user session automatically after the SSH client has become unresponsive.[39m

[36mModify or append the following lines in the "/etc/ssh/sshd_config" or in a file in "/etc/ssh/sshd_config.d":[39m

[36mClientAliveCountMax 1[39m

[36mFor the changes to take effect, the SSH daemon must be restarted.[39m

[36m$ sudo systemctl restart sshd.service[39m

[36m```[39m
[36mNew:[39m
[36m```[39m
[36mConfigure Amazon Linux 2023 SSH server to terminate a user session automatically after the SSH client has been unresponsive for 10 minutes.[39m

[36mNote: This setting must be applied in conjunction with "ClientAliveCountMax 1" to function correctly.[39m

[36mModify or append the following lines in the "/etc/ssh/sshd_config" or a dropfile in "/etc/ssh/sshd_config.d" file:[39m

[36mClientAliveInterval 600[39m

[36mFor the changes to take effect, the SSH daemon must be restarted.[39m

[36m$ sudo systemctl restart sshd.service[39m

[36m```[39m
[36m---[39m
[36mSV-274052:[39m
[36mOld: [39m
[36m```[39m
[36mConfigure the RHEL 9 SSHD to use the UsePAM interface by adding or modifying the following line in "/etc/ssh/sshd_config" or in a file in "/etc/ssh/sshd_config.d".[39m

[36mUsePAM yes[39m

[36mRestart the SSH daemon for the settings to take effect:[39m

[36m$ sudo systemctl restart sshd.service[39m

[36m```[39m
[36mNew:[39m
[36m```[39m
[36mConfigure Amazon Linux 2023 SSHD to use the UsePAM interface.[39m

[36mAdd or modify the following line in "/etc/ssh/sshd_config":[39m

[36mUsePAM yes[39m

[36mRestart the SSH daemon for the settings to take effect:[39m

[36m$ sudo systemctl restart sshd.service[39m

[36m```[39m
[36m---[39m
[36mSV-274057:[39m
[36mOld: [39m
[36m```[39m
[36mConfigure the operating system to implement FIPS mode with the following command[39m

[36m$ sudo fips-mode-setup --enable[39m

[36mTo ensure the kernel enables FIPS mode for early boot, "fips=1" must be added to the grub config:[39m
[36m$ sudo grubby --update-kernel=ALL --args="fips=1"[39m

[36mVerify the setting with the following command:[39m
[36m$ cat /proc/cmdline[39m
[36mBOOT_IMAGE=(hd0,gpt2)/vmlinuz-5.14.0-570.21.1.el9_6.x86_64 root=/dev/mapper/rhel-root ro resume=/dev/mapper/rhel-swap rd.luks.uuid=luks-cd37eb8d-a2c3-4671-96ee-1e6a3a681561 rd.lvm.lv=rhel/root rd.lvm.lv=rhel/swap rhgb quiet fips=1 boot=UUID=acbbb4ee-adc0-4cb2-9546-afab857b8849 audit_backlog_limit=8192 crashkernel=1G-4G:192M,4G-64G:256M,64G-:512M[39m

[36mReboot the system for the changes to take effect.[39m

[36m```[39m
[36mNew:[39m
[36m```[39m
[36mConfigure Amazon Linux 2023 to implement FIPS mode with the following commands:[39m

[36m$ sudo fips-mode-setup --enable[39m

[36mReboot the system for the changes to take effect.[39m

[36m```[39m
[36m---[39m
[36mSV-274058:[39m
[36mOld: [39m
[36m```[39m
[36mConfigure RHEL 9 to correctly implement the systemwide cryptographic policies by reinstalling the crypto-policies package contents.[39m

[36mReinstall crypto-policies with the following command:[39m

[36m$ sudo dnf -y reinstall crypto-policies[39m

[36mSet the crypto-policy to FIPS with the following command:[39m

[36m$ sudo update-crypto-policies --set FIPS[39m

[36mSetting system policy to FIPS[39m

[36mNote: Systemwide crypto policies are applied on application startup. It is recommended to restart the system for the change of policies to fully take place.[39m

[36m```[39m
[36mNew:[39m
[36m```[39m
[36mConfigure Amazon Linux 2023 to correctly implement the systemwide cryptographic policies by reinstalling the crypto-policies package contents.[39m

[36mReinstall crypto-policies with the following command:[39m

[36m$ sudo dnf -y reinstall crypto-policies[39m

[36mSet the crypto-policy to FIPS with the following command:[39m

[36m$ sudo update-crypto-policies --set FIPS[39m
[36mSetting system policy to FIPS[39m

[36mNote: Systemwide crypto policies are applied on application startup. It is recommended to restart the system for the change of policies to fully take place.[39m

[36m```[39m
[36m---[39m
[36mSV-274059:[39m
[36mOld: [39m
[36m```[39m
[36mEdit the file "/etc/sssd/sssd.conf" or a configuration file in "/etc/sssd/conf.d" and add or edit the following line:[39m

[36mpam_cert_auth = True[39m

[36m```[39m
[36mNew:[39m
[36m```[39m
[36mConfigure Amazon Linux 2023 to have smart cards enabled in SSSD.[39m

[36mEdit the file "/etc/sssd/sssd.conf" or a configuration file in "/etc/sssd/conf.d" and add or edit the following line:[39m

[36mpam_cert_auth = True[39m

[36m```[39m
[36m---[39m
[36mSV-274060:[39m
[36mOld: [39m
[36m```[39m
[36mConfigure RHEL 9 to map the authenticated identity to the user or group account by adding or modifying the certmap section of the "/etc/sssd/sssd.conf" file based on the following example:[39m

[36m[certmap/testing.test/rule_name][39m
[36mmatchrule = .*EDIPI@mil[39m
[36mmaprule = (userCertificate;binary={cert!bin})[39m
[36mdomains = testing.test[39m

[36mThe "sssd" service must be restarted for the changes to take effect. To restart the "sssd" service, run the following command:[39m

[36m$ sudo systemctl restart sssd.service[39m

[36m```[39m
[36mNew:[39m
[36m```[39m
[36mConfigure Amazon Linux 2023 to map the authenticated identity to the user or group account by adding or modifying the certmap section of the "/etc/sssd/sssd.conf file based on the following example:[39m

[36m[certmap/testing.test/rule_name][39m
[36mmatchrule =<SAN>.*EDIPI@mil[39m
[36mmaprule = (userCertificate;binary={cert!bin})[39m
[36mdomains = testing.test[39m

[36mThe "sssd" service must be restarted for the changes to take effect. To restart the "sssd" service, run the following command:[39m

[36m$ sudo systemctl restart sssd.service[39m

[36m```[39m
[36m---[39m
[36mSV-274062:[39m
[36mOld: [39m
[36m```[39m
[36mConfigure the SSSD to prohibit the use of cached authentications after one day.[39m

[36mEdit the file "/etc/sssd/sssd.conf" or a configuration file in "/etc/sssd/conf.d" and add or edit the following line just below the line [pam]:[39m

[36moffline_credentials_expiration = 1[39m

[36m```[39m
[36mNew:[39m
[36m```[39m
[36mConfigure Amazon Linux 2023 SSSD service to prohibit the use of cached authentications after one day.[39m

[36mAdd or change the following line in "/etc/sssd/sssd.conf" just below the line [pam]:[39m

[36moffline_credentials_expiration = 1[39m

[36m```[39m
[36m---[39m
[36mSV-274063:[39m
[36mOld: [39m
[36m```[39m
[36mConfigure RHEL 9, for PKI-based authentication, to validate certificates by constructing a certification path (which includes status information) to an accepted trust anchor.[39m

[36mObtain a valid copy of the DOD root CA file from the PKI CA certificate bundle from cyber.mil and copy the DoD_PKE_CA_chain.pem into the following file:[39m
[36m/etc/sssd/pki/sssd_auth_ca_db.pem[39m

[36m```[39m
[36mNew:[39m
[36m```[39m
[36mConfigure Amazon Linux 2023 to have valid certificates by using AWS Certificate Manager (ACM) or another certificate manager to manage SSL/TLS certificates.[39m

[36mIn the AWS Management Console, request or import the necessary SSL/TLS certificates into ACM.[39m

[36mACM will handle the certificate lifecycle management, including validation and trust chain establishment.[39m

[36m```[39m
[36m---[39m
[36mSV-274064:[39m
[36mOld: [39m
[36m```[39m
[36mCreate a new private and public key pair that utilizes a passcode with the following command:[39m

[36m$ sudo ssh-keygen -N [passphrase][39m

[36m```[39m
[36mNew:[39m
[36m```[39m
[36mConfigure Amazon Linux 2023 SSH private key files to have a passcode.[39m

[36mCreate a new private and public key pair that utilizes a passcode with the following command:[39m

[36m$ sudo ssh-keygen -n [passphrase][39m

[36m```[39m
[36m---[39m
[36mSV-274065:[39m
[36mOld: [39m
[36m```[39m
[36mConfigure the operating system to display the Standard Mandatory DOD Notice and Consent Banner before granting access to the system.[39m

[36mAdd the following lines to the [org/gnome/login-screen] section of the "/etc/dconf/db/local.d/01-banner-message":[39m

[36mbanner-message-text='You are accessing a U.S. Government (USG) Information System (IS) that is provided for USG-authorized use only.\nBy using this IS (which includes any device attached to this IS), you consent to the following conditions:\n-The USG routinely intercepts and monitors communications on this IS for purposes including, but not limited to, penetration testing, COMSEC monitoring, network operations and defense, personnel misconduct (PM), law enforcement (LE), and counterintelligence (CI) investigations.\n-At any time, the USG may inspect and seize data stored on this IS.\n-Communications using, or data stored on, this IS are not private, are subject to routine monitoring, interception, and search, and may be disclosed or used for any USG-authorized purpose.\n-This IS includes security measures (e.g., authentication and access controls) to protect USG interests--not for your personal benefit or privacy.\n-Notwithstanding the above, using this IS does not constitute consent to PM, LE or CI investigative searching or monitoring of the content of privileged communications, or work product, related to personal representation or services by attorneys, psychotherapists, or clergy, and their assistants. Such communications and work product are private and confidential. See User Agreement for details. '[39m

[36mNote: The "\n " characters are for formatting only. They will not be displayed on the graphical interface.[39m

[36mRun the following command to update the database:[39m

[36m$ sudo dconf update[39m

[36m```[39m
[36mNew:[39m
[36m```[39m
[36mConfigure Amazon Linux 2023 to display the Standard Mandatory DOD Notice and Consent Banner before granting access to the system via the ssh.[39m

[36mEdit the "/etc/issue" file to replace the default text with the Standard Mandatory DOD Notice and Consent Banner. The DOD-required text is:[39m

[36m"You are accessing a U.S. Government (USG) Information System (IS) that is provided for USG-authorized use only.[39m

[36mBy using this IS (which includes any device attached to this IS), you consent to the following conditions:[39m

[36m-The USG routinely intercepts and monitors communications on this IS for purposes including, but not limited to, penetration testing, COMSEC monitoring, network operations and defense, personnel misconduct (PM), law enforcement (LE), and counterintelligence (CI) investigations.[39m

[36m-At any time, the USG may inspect and seize data stored on this IS.[39m

[36m-Communications using, or data stored on, this IS are not private, are subject to routine monitoring, interception, and search, and may be disclosed or used for any USG-authorized purpose.[39m

[36m-This IS includes security measures (e.g., authentication and access controls) to protect USG interests -- not for your personal benefit or privacy.[39m

[36m-Notwithstanding the above, using this IS does not constitute consent to PM, LE or CI investigative searching or monitoring of the content of privileged communications, or work product, related to personal representation or services by attorneys, psychotherapists, or clergy, and their assistants. Such communications and work product are private and confidential. See User Agreement for details."[39m

[36m```[39m
[36m---[39m
[36mSV-274066:[39m
[36mOld: [39m
[36m```[39m
[36mConfigure RHEL 9 to display the Standard Mandatory DOD Notice and Consent Banner before granting access to the system via ssh.[39m

[36mEdit the "etc/ssh/sshd_config" file or a file in "/etc/ssh/sshd_config.d" to uncomment the banner keyword and configure it to point to a file that will contain the logon banner (this file may be named differently or be in a different location if using a version of SSH that is provided by a third-party vendor).[39m

[36mAn example configuration line is:[39m

[36mBanner /etc/issue[39m

[36m```[39m
[36mNew:[39m
[36m```[39m
[36mConfigure Amazon Linux 2023 to display the Standard Mandatory DOD Notice and Consent Banner before granting access to the system via ssh.[39m

[36mEdit the "etc/ssh/sshd_config" file or a file in "/etc/ssh/sshd_config.d" to uncomment the banner keyword and configure it to point to a file that will contain the logon banner (this file may be named differently or be in a different location if using a version of SSH that is provided by a third-party vendor).[39m

[36mAn example configuration line is:[39m

[36mBanner /etc/issue[39m

[36m```[39m
[36m---[39m
[36mSV-274067:[39m
[36mOld: [39m
[36m```[39m
[36mAllocate enough storage capacity for at least one week of audit records[39m
[36mwhen audit records are not immediately sent to a central audit record storage[39m
[36mfacility.[39m

[36m    If audit records are stored on a partition made specifically for audit[39m
[36mrecords, resize the partition with sufficient space to contain one week of[39m
[36maudit records.[39m

[36m    If audit records are not stored on a partition made specifically for audit[39m
[36mrecords, a new partition with sufficient space will need be to be created.[39m

[36m```[39m
[36mNew:[39m
[36m```[39m
[36mConfigure Amazon Linux 2023 to provide adequate storage for at least one-week of audit logs when audit records are not immediately sent to a central audit record storage facility.[39m

[36mIf the storage partition is not large enough for at least one week of audit logs, then either:[39m

[36m1. Resize the partition to ensure there is enough storage capacity.[39m
[36m2. Create a new partition for the audit logs.[39m

[36m```[39m
[36m---[39m
[36mSV-274068:[39m
[36mOld: [39m
[36m```[39m
[36mMigrate the system audit data path onto a separate file system.[39m

[36m```[39m
[36mNew:[39m
[36m```[39m
[36mConfigure Amazon Linux 2023 to have a separate file system/partition for the system audit data path.[39m

[36mMigrate the system audit data path onto a separate partition.[39m

[36m```[39m
[36m---[39m
[36mSV-274069:[39m
[36mOld: [39m
[36m```[39m
[36mConfigure RHEL 9 to authenticate the remote logging server for offloading audit logs by setting the following option in "/etc/rsyslog.conf" or "/etc/rsyslog.d/[customfile].conf":[39m

[36m$ActionSendStreamDriverAuthMode x509/name[39m

[36m```[39m
[36mNew:[39m
[36m```[39m
[36mConfigure Amazon Linux 2023 to be configured so that the Audit Daemon labels all off-loaded audit logs.[39m

[36mEdit the /etc/audit/auditd.conf file and add or update the "name_format" option:[39m

[36mname_format = hostname[39m

[36mThe audit daemon must be restarted for changes to take effect.[39m

[36m```[39m
[36m---[39m
[36mSV-274070:[39m
[36mOld: [39m
[36m```[39m
[36mEdit the /etc/audit/auditd.conf file and add or update the[39m
[36m"overflow_action" option:[39m

[36m    overflow_action = syslog[39m

[36m    The audit daemon must be restarted for changes to take effect.[39m

[36m```[39m
[36mNew:[39m
[36m```[39m
[36mConfigure Amazon Linux 2023 so that the audit system takes an appropriate action when the internal event queue is full.[39m

[36mEdit the /etc/audit/auditd.conf file and add or update the "overflow_action" option:[39m

[36moverflow_action = syslog[39m

[36mThe audit daemon must be restarted for changes to take effect.[39m

[36m```[39m
[36m---[39m
[36mSV-274071:[39m
[36mOld: [39m
[36m```[39m
[36mConfigure RHEL 9 to initiate an action to notify the SA and ISSO (at a minimum) when allocated audit record storage volume reaches (at most) 75 percent of the repository maximum audit record storage capacity by adding/modifying the following line in the /etc/audit/auditd.conf file.[39m

[36mspace_left  = 25%[39m

[36m```[39m
[36mNew:[39m
[36m```[39m
[36mConfigure Amazon Linux 2023 to take action when the audit log storage volume reaches 75 percent of the maximum storage capacity.[39m

[36mEdit "/etc/audit/auditd.conf" and ensure the parameter "space_left = 25%" is configured.[39m

[36m```[39m
[36m---[39m
[36mSV-274073:[39m
[36mOld: [39m
[36m```[39m
[36mConfigure RHEL 9 to initiate an action when allocated audit record storage volume reaches 95 percent of the repository maximum audit record storage capacity by adding/modifying the following line in the /etc/audit/auditd.conf file.[39m

[36madmin_space_left  = 5%[39m

[36m```[39m
[36mNew:[39m
[36m```[39m
[36mConfigure Amazon Linux 2023 to initiate an action when allocated audit record storage volume reaches 95 percent of the repository maximum audit record storage capacity by adding/modifying the following line in the /etc/audit/auditd.conf file.[39m

[36madmin_space_left = 5%[39m

[36m```[39m
[36m---[39m
[36mSV-274074:[39m
[36mOld: [39m
[36m```[39m
[36mConfigure "auditd" service  to take action in the event of allocated audit record storage volume reaches 95 percent of the repository maximum audit record storage capacity.[39m

[36mEdit the following line in "/etc/audit/auditd.conf" to ensure that the system is forced into single user mode in the event the audit record storage volume is about to reach maximum capacity:[39m

[36madmin_space_left_action = single[39m

[36mThe audit daemon must be restarted for changes to take effect.[39m

[36m```[39m
[36mNew:[39m
[36m```[39m
[36mConfigure Amazon Linux 2023 so that the auditd service takes action in the event of allocated audit record storage volume reaching 95 percent of the repository maximum audit record storage capacity.[39m

[36mEdit the following line in "/etc/audit/auditd.conf" to ensure that the system is forced into single user mode in the event the audit record storage volume is about to reach maximum capacity:[39m

[36madmin_space_left_action = single [39m

[36mThe audit daemon must be restarted for changes to take effect.[39m

[36m```[39m
[36m---[39m
[36mSV-274075:[39m
[36mOld: [39m
[36m```[39m
[36mConfigure RHEL 9 to initiate an action to notify the SA and ISSO (at a minimum) when allocated audit record storage volume reaches 75 percent of the repository maximum audit record storage capacity by adding/modifying the following line in the /etc/audit/auditd.conf file.[39m

[36mspace_left_action = email[39m

[36m```[39m
[36mNew:[39m
[36m```[39m
[36mConfigure Amazon Linux 2023 to that the auditd service notifies the SA and ISSO in the event of an audit processing failure.[39m

[36mEdit the following line in "/etc/audit/auditd.conf" to ensure that administrators are notified via email for those situations:[39m

[36maction_mail_acct = root[39m

[36mThe audit daemon must be restarted for changes to take effect.[39m

[36m```[39m
[36m---[39m
[36mSV-274077:[39m
[36mOld: [39m
[36m```[39m
[36mInstall the rsyslog package with the following command:[39m

[36m$ sudo dnf install rsyslog[39m

[36m```[39m
[36mNew:[39m
[36m```[39m
[36mConfigure Amazon Linux 2023 to authenticate the remote logging server for off-loading audit logs by setting the following option in "/etc/rsyslog.conf" or "/etc/rsyslog.d/[customfile].conf":[39m

[36m$ActionSendStreamDriverAuthMode x509/name[39m

[36m```[39m
[36m---[39m
[36mSV-274080:[39m
[36mOld: [39m
[36m```[39m
[36mConfigure RHEL 9 to encrypt offloaded audit records via rsyslog by setting the following options in "/etc/rsyslog.conf" or "/etc/rsyslog.d/[customfile].conf":[39m

[36m$ActionSendStreamDriverMode 1[39m

[36m```[39m
[36mNew:[39m
[36m```[39m
[36mConfigure Amazon Linux 2023 to off-load audit records onto a different system or media from the system being audited.[39m

[36mIf using systemd-journal-upload:[39m
[36mEdit "/etc/systemd/journal-upload.conf" with the appropriate configuration:[39m

[36m[Upload][39m
[36mURL=https://[server.domain]:[port][39m

[36m```[39m
[36m---[39m
[36mSV-274081:[39m
[36mOld: [39m
[36m```[39m
[36mConfigure RHEL 9 to generate audit records for all account creations, modifications, disabling, and termination events that affect "/etc/sudoers".[39m

[36mAdd or update the following file system rule to "/etc/audit/rules.d/audit.rules":[39m

[36m-w /etc/sudoers -p wa -k identity[39m

[36mTo load the rules to the kernel immediately, use the following command:[39m

[36m$ sudo augenrules --load[39m

[36m```[39m
[36mNew:[39m
[36m```[39m
[36mConfigure Amazon Linux 2023 to generate audit records for all account creations, modifications, disabling, and termination events that affect "/etc/sudoers".[39m

[36mAdd or update the following file system rule to "/etc/audit/rules.d/audit.rules":[39m

[36m-w /etc/sudoers -p wa -k identity[39m

[36mTo load the rules to the kernel immediately, use the following command:[39m

[36m$ sudo augenrules --load[39m

[36m```[39m
[36m---[39m
[36mSV-274082:[39m
[36mOld: [39m
[36m```[39m
[36mConfigure RHEL 9 to generate audit records for all account creations, modifications, disabling, and termination events that affect "/etc/sudoers.d/".[39m

[36mAdd or update the following file system rule to "/etc/audit/rules.d/audit.rules":[39m

[36m-w /etc/sudoers.d/ -p wa -k identity[39m

[36mTo load the rules to the kernel immediately, use the following command:[39m

[36m$ sudo augenrules --load[39m

[36m```[39m
[36mNew:[39m
[36m```[39m
[36mConfigure Amazon Linux 2023 to generate audit records for all account creations, modifications, disabling, and termination events that affect "/etc/sudoers.d/".[39m

[36mAdd or update the following file system rule to "/etc/audit/rules.d/audit.rules":[39m

[36m-w /etc/sudoers.d/ -p wa -k identity[39m

[36mTo load the rules to the kernel immediately, use the following command: [39m

[36m$ sudo augenrules --load[39m

[36m```[39m
[36m---[39m
[36mSV-274083:[39m
[36mOld: [39m
[36m```[39m
[36mConfigure RHEL 9 to generate audit records for all account creations, modifications, disabling, and termination events that affect "/etc/group".[39m

[36mAdd or update the following file system rule to "/etc/audit/rules.d/audit.rules":[39m

[36m-w /etc/group -p wa -k identity[39m

[36mThe audit daemon must be restarted for the changes to take effect.[39m

[36m```[39m
[36mNew:[39m
[36m```[39m
[36mConfigure Amazon Linux 2023 to generate audit records for all account creations, modifications, disabling, and termination events that affect "/etc/group".[39m

[36mAdd or update the following file system rule to "/etc/audit/rules.d/audit.rules":[39m

[36m-w /etc/group -p wa -k identity[39m

[36mTo load the rules to the kernel immediately, use the following command: [39m

[36m$ sudo augenrules --load[39m

[36m```[39m
[36m---[39m
[36mSV-274084:[39m
[36mOld: [39m
[36m```[39m
[36mConfigure RHEL 9 to generate audit records for all account creations, modifications, disabling, and termination events that affect "/etc/gshadow".[39m

[36mAdd or update the following file system rule to "/etc/audit/rules.d/audit.rules":[39m

[36m-w /etc/gshadow -p wa -k identity[39m

[36mThe audit daemon must be restarted for the changes to take effect.[39m

[36m```[39m
[36mNew:[39m
[36m```[39m
[36mConfigure Amazon Linux 2023 to generate audit records for all account creations, modifications, disabling, and termination events that affect "/etc/gshadow".[39m

[36mAdd or update the following file system rule to "/etc/audit/rules.d/audit.rules":[39m

[36m-w /etc/gshadow -p wa -k identity[39m

[36mTo load the rules to the kernel immediately, use the following command: [39m

[36m$ sudo augenrules --load[39m

[36m```[39m
[36m---[39m
[36mSV-274085:[39m
[36mOld: [39m
[36m```[39m
[36mConfigure RHEL 9 to generate audit records for all account creations, modifications, disabling, and termination events that affect "/etc/security/opasswd".[39m

[36mAdd or update the following file system rule to "/etc/audit/rules.d/audit.rules":[39m

[36m-w /etc/security/opasswd -p wa -k identity[39m

[36mThe audit daemon must be restarted for the changes to take effect.[39m

[36m```[39m
[36mNew:[39m
[36m```[39m
[36mConfigure Amazon Linux 2023 to generate audit records for all account creations, modifications, disabling, and termination events that affect "/etc/security/opasswd".[39m

[36mAdd or update the following file system rule to "/etc/audit/rules.d/audit.rules":[39m

[36m-w /etc/security/opasswd -p wa -k identity[39m

[36mTo load the rules to the kernel immediately, use the following command: [39m

[36m$ sudo augenrules --load[39m

[36m```[39m
[36m---[39m
[36mSV-274086:[39m
[36mOld: [39m
[36m```[39m
[36mConfigure RHEL 9 to audit the execution of the "execve" system call.[39m

[36mAdd or update the following file system rules to "/etc/audit/rules.d/audit.rules":[39m

[36m-a always,exit -F arch=b32 -S execve -C uid!=euid -F euid=0 -k execpriv[39m
[36m-a always,exit -F arch=b64 -S execve -C uid!=euid -F euid=0 -k execpriv[39m
[36m-a always,exit -F arch=b32 -S execve -C gid!=egid -F egid=0 -k execpriv[39m
[36m-a always,exit -F arch=b64 -S execve -C gid!=egid -F egid=0 -k execpriv[39m

[36mTo load the rules to the kernel immediately, use the following command:[39m

[36m$ sudo augenrules --load[39m

[36m```[39m
[36mNew:[39m
[36m```[39m
[36mConfigure Amazon Linux 2023 to audit the execution of the "execve" system call.[39m

[36mAdd or update the following file system rules to "/etc/audit/rules.d/audit.rules":[39m

[36m-a always,exit -F arch=b64 -S execve -C uid!=euid -F euid=0 -k execpriv[39m
[36m-a always,exit -F arch=b64 -S execve -C gid!=egid -F egid=0 -k execpriv[39m

[36mTo load the rules to the kernel immediately, use the following command: [39m

[36m$ sudo augenrules --load[39m

[36m```[39m
[36m---[39m
[36mSV-274087:[39m
[36mOld: [39m
[36m```[39m
[36mConfigure RHEL 9 to generate audit records upon successful/unsuccessful attempts to use the "chmod", "fchmod", and "fchmodat" syscalls.[39m

[36mAdd or update the following rules in "/etc/audit/rules.d/audit.rules":[39m

[36m-a always,exit -F arch=b32 -S chmod,fchmod,fchmodat -F auid>=1000 -F auid!=unset -k perm_mod[39m
[36m-a always,exit -F arch=b64 -S chmod,fchmod,fchmodat -F auid>=1000 -F auid!=unset -k perm_mod[39m

[36mTo load the rules to the kernel immediately, use the following command:[39m

[36m$ sudo augenrules --load[39m

[36m```[39m
[36mNew:[39m
[36m```[39m
[36mConfigure Amazon Linux 2023 to generate audit records upon successful/unsuccessful attempts to use the "chmod", "fchmod", and "fchmodat" syscalls.[39m

[36mAdd or update the following rule in "/etc/audit/rules.d/audit.rules":[39m

[36m-a always,exit -F arch=b64 -S chmod,fchmod,fchmodat -F auid>=1000 -F auid!=unset -k perm_mod[39m

[36mTo load the rule to the kernel immediately, use the following command: [39m

[36m$ sudo augenrules --load[39m

[36m```[39m
[36m---[39m
[36mSV-274088:[39m
[36mOld: [39m
[36m```[39m
[36mConfigure RHEL 9 to generate audit records upon successful/unsuccessful attempts to use the "chown", "fchown", "fchownat", and "lchown"" system calls.[39m

[36mAdd or update the following rules in "/etc/audit/rules.d/audit.rules":[39m

[36m-a always,exit -F arch=b32 -S chown,fchown,fchownat,lchown -F auid>=1000 -F auid!=unset -k perm_mod[39m
[36m-a always,exit -F arch=b64 -S chown,fchown,fchownat,lchown -F auid>=1000 -F auid!=unset -k perm_mod[39m

[36mTo load the rules to the kernel immediately, use the following command:[39m

[36m$ sudo augenrules --load[39m

[36m```[39m
[36mNew:[39m
[36m```[39m
[36mConfigure Amazon Linux 2023 to generate audit records upon successful/unsuccessful attempts to use the "chown", "fchown", "fchownat", and "lchown" system calls.[39m

[36mAdd or update the following rule in "/etc/audit/rules.d/audit.rules":[39m

[36m-a always,exit -F arch=b64 -S chown,fchown,fchownat,lchown -F auid>=1000 -F auid!=unset -k perm_mod[39m

[36mTo load the rule to the kernel immediately, use the following command: [39m

[36m$ sudo augenrules --load[39m

[36m```[39m
[36m---[39m
[36mSV-274089:[39m
[36mOld: [39m
[36m```[39m
[36mConfigure RHEL 9 to audit the execution of the "setxattr", "fsetxattr", "lsetxattr", "removexattr", "fremovexattr", and "lremovexattr" system calls by adding or updating the following lines to "/etc/audit/rules.d/audit.rules":[39m

[36m-a always,exit -F arch=b32 -S setxattr,fsetxattr,lsetxattr,removexattr,fremovexattr,lremovexattr -F auid>=1000 -F auid!=unset -k perm_mod[39m
[36m-a always,exit -F arch=b64 -S setxattr,fsetxattr,lsetxattr,removexattr,fremovexattr,lremovexattr -F auid>=1000 -F auid!=unset -k perm_mod[39m
[36m-a always,exit -F arch=b32 -S setxattr,fsetxattr,lsetxattr,removexattr,fremovexattr,lremovexattr -F auid=0 -k perm_mod[39m
[36m-a always,exit -F arch=b64 -S setxattr,fsetxattr,lsetxattr,removexattr,fremovexattr,lremovexattr -F auid=0 -k perm_mod[39m

[36mTo load the rules to the kernel immediately, use the following command:[39m

[36m$ sudo augenrules --load[39m

[36m```[39m
[36mNew:[39m
[36m```[39m
[36mConfigure Amazon Linux 2023 to audit the execution of the "setxattr", "fsetxattr", "lsetxattr", "removexattr", "fremovexattr", and "lremovexattr" system calls by adding or updating the following lines to "/etc/audit/rules.d/audit.rules":[39m

[36m-a always,exit -F arch=b64 -S setxattr,fsetxattr,lsetxattr,removexattr,fremovexattr,lremovexattr -F auid>=1000 -F auid!=unset -k perm_mod[39m

[36m-a always,exit -F arch=b64 -S setxattr,fsetxattr,lsetxattr,removexattr,fremovexattr,lremovexattr -F auid=0 -k perm_mod[39m

[36mTo load the rules to the kernel immediately, use the following command: [39m

[36m$ sudo augenrules --load[39m

[36m```[39m
[36m---[39m
[36mSV-274090:[39m
[36mOld: [39m
[36m```[39m
[36mConfigure RHEL 9 to generate an audit event for any successful/unsuccessful use of the "truncate", "ftruncate", "creat", "open", "openat", and "open_by_handle_at" system calls by adding or updating the following rules in the "/etc/audit/rules.d/audit.rules" file:[39m

[36m-a always,exit -F arch=b32 -S truncate,ftruncate,creat,open,openat,open_by_handle_at -F exit=-EPERM -F auid>=1000 -F auid!=unset -k perm_access[39m
[36m-a always,exit -F arch=b64 -S truncate,ftruncate,creat,open,openat,open_by_handle_at -F exit=-EPERM -F auid>=1000 -F auid!=unset -k perm_access[39m

[36m-a always,exit -F arch=b32 -S truncate,ftruncate,creat,open,openat,open_by_handle_at -F exit=-EACCES -F auid>=1000 -F auid!=unset -k perm_access[39m
[36m-a always,exit -F arch=b64 -S truncate,ftruncate,creat,open,openat,open_by_handle_at -F exit=-EACCES -F auid>=1000 -F auid!=unset -k perm_access[39m

[36mTo load the rules to the kernel immediately, use the following command:[39m

[36m$ sudo augenrules --load[39m

[36m```[39m
[36mNew:[39m
[36m```[39m
[36mConfigure Amazon Linux 2023 to generate an audit event for any successful/unsuccessful use of the "truncate", "ftruncate", "creat", "open", "openat", and "open_by_handle_at" system calls by adding or updating the following rules in the "/etc/audit/rules.d/audit.rules" file:[39m

[36m-a always,exit -F arch=b64 -S truncate,ftruncate,creat,open,openat,open_by_handle_at -F exit=-EPERM -F auid>=1000 -F auid!=unset -k perm_access[39m

[36m-a always,exit -F arch=b64 -S truncate,ftruncate,creat,open,openat,open_by_handle_at -F exit=-EACCES -F auid>=1000 -F auid!=unset -k perm_access[39m

[36mTo load the rules to the kernel immediately, use the following command: [39m

[36m$ sudo augenrules --load[39m

[36m```[39m
[36m---[39m
[36mSV-274091:[39m
[36mOld: [39m
[36m```[39m
[36mConfigure RHEL 9 to generate an audit event for any successful/unsuccessful use of the "init_module" and "finit_module" system calls by adding or updating the following rules in the "/etc/audit/rules.d/audit.rules" file:[39m

[36m-a always,exit -F arch=b32 -S init_module,finit_module -F auid>=1000 -F auid!=unset -k module_chng[39m
[36m-a always,exit -F arch=b64 -S init_module,finit_module -F auid>=1000 -F auid!=unset -k module_chng[39m

[36mTo load the rules to the kernel immediately, use the following command:[39m

[36m$ sudo augenrules --load[39m

[36m```[39m
[36mNew:[39m
[36m```[39m
[36mConfigure Amazon Linux 2023 to generate an audit event for any successful/unsuccessful use of the "init_module" and "finit_module" system calls by adding or updating the following rule in the "/etc/audit/rules.d/audit.rules" file:[39m

[36m-a always,exit -F arch=b64 -S init_module,finit_module -F auid>=1000 -F auid!=unset -k module_chng[39m

[36mTo load the rule to the kernel immediately, use the following command: [39m

[36m$ sudo augenrules --load[39m

[36m```[39m
[36m---[39m
[36mSV-274092:[39m
[36mOld: [39m
[36m```[39m
[36mConfigure RHEL 9 to generate an audit event for any successful/unsuccessful use of the "delete_module" system call by adding or updating the following rules in the "/etc/audit/rules.d/audit.rules" file:[39m

[36m-a always,exit -F arch=b32 -S delete_module -F auid>=1000 -F auid!=unset -k module_chng[39m
[36m-a always,exit -F arch=b64 -S delete_module -F auid>=1000 -F auid!=unset -k module_chng[39m

[36mTo load the rules to the kernel immediately, use the following command:[39m

[36m$ sudo augenrules --load[39m

[36m```[39m
[36mNew:[39m
[36m```[39m
[36mConfigure Amazon Linux 2023 to generate audit records when successful/unsuccessful attempts to use the "create_module" syscall occur.[39m

[36mAdd or update the following rule in "/etc/audit/rules.d/audit.rules":[39m
[36m [39m
[36m-a always,exit -F arch=b64 -S create_module -F auid>=1000 -F auid!=unset -k module-change[39m
[36m [39m
[36mTo load the rule to the kernel immediately, use the following command:[39m

[36m$ sudo augenrules --load[39m

[36m```[39m
[36m---[39m
[36mSV-274093:[39m
[36mOld: [39m
[36m```[39m
[36mConfigure RHEL 9 to generate audit records upon successful/unsuccessful attempts to use the "kmod" command by adding or updating the following rule in "/etc/audit/rules.d/audit.rules":[39m

[36m-a always,exit -F path=/usr/bin/kmod -F perm=x -F auid>=1000 -F auid!=unset -k modules[39m

[36mTo load the rules to the kernel immediately, use the following command:[39m

[36m$ sudo augenrules --load[39m

[36m```[39m
[36mNew:[39m
[36m```[39m
[36mConfigure Amazon Linux 2023 to generate audit records upon successful/unsuccessful attempts to use the "kmod" command by adding or updating the following rule in "/etc/audit/rules.d/audit.rules":[39m

[36m-a always,exit -F path=/usr/bin/kmod -F perm=x -F auid>=1000 -F auid!=unset -k modules[39m

[36mTo load the rules to the kernel immediately, use the following command:[39m

[36m$ sudo augenrules --load[39m

[36m```[39m
[36m---[39m
[36mSV-274094:[39m
[36mOld: [39m
[36m```[39m
[36mConfigure RHEL 9 to generate an audit event for any successful/unsuccessful use of the "rename", "unlink", "rmdir", "renameat", and "unlinkat" system calls by adding or updating the following rules in the "/etc/audit/rules.d/audit.rules" file:[39m

[36m-a always,exit -F arch=b32 -S rename,unlink,rmdir,renameat,unlinkat -F auid>=1000 -F auid!=unset -k delete[39m
[36m-a always,exit -F arch=b64 -S rename,unlink,rmdir,renameat,unlinkat -F auid>=1000 -F auid!=unset -k delete[39m

[36mTo load the rules to the kernel immediately, use the following command:[39m

[36m$ sudo augenrules --load[39m

[36m```[39m
[36mNew:[39m
[36m```[39m
[36mConfigure Amazon Linux 2023 to generate an audit event for any successful/unsuccessful use of the "rename", "unlink", "rmdir", "renameat", and "unlinkat" system calls by adding or updating the following rule in the "/etc/audit/rules.d/audit.rules" file:[39m

[36m-a always,exit -F arch=b64 -S rename,unlink,rmdir,renameat,unlinkat -F auid>=1000 -F auid!=unset -k delete[39m

[36mTo load the rule to the kernel immediately, use the following command: [39m

[36m$ sudo augenrules --load[39m

[36m```[39m
[36m---[39m
[36mSV-274095:[39m
[36mOld: [39m
[36m```[39m
[36mConfigure RHEL 9 to generate audit records upon successful/unsuccessful attempts to use the "chcon" command by adding or updating the following rule in "/etc/audit/rules.d/audit.rules":[39m

[36m-a always,exit -F path=/usr/bin/chcon -F perm=x -F auid>=1000 -F auid!=unset -k perm_mod[39m

[36mTo load the rules to the kernel immediately, use the following command:[39m

[36m$ sudo augenrules --load[39m

[36m```[39m
[36mNew:[39m
[36m```[39m
[36mConfigure Amazon Linux 2023 to generate audit records upon successful/unsuccessful attempts to use the "chcon" command by adding or updating the following rule in "/etc/audit/rules.d/audit.rules":[39m

[36m-a always,exit -F path=/usr/bin/chcon -F perm=x -F auid>=1000 -F auid!=unset -k perm_mod[39m

[36mTo load the rules to the kernel immediately, use the following command: [39m

[36m$ sudo augenrules --load[39m

[36m```[39m
[36m---[39m
[36mSV-274096:[39m
[36mOld: [39m
[36m```[39m
[36mConfigure RHEL 9 to generate audit records for all account creations, modifications, disabling, and termination events that affect "/var/log/faillock".[39m

[36mAdd or update the following file system rule to "/etc/audit/rules.d/audit.rules":[39m

[36m-w /var/log/faillock -p wa -k logins[39m

[36mThe audit daemon must be restarted for the changes to take effect.[39m

[36m$ sudo service auditd restart[39m

[36m```[39m
[36mNew:[39m
[36m```[39m
[36mConfigure Amazon Linux 2023 to generate audit records for all account creations, modifications, disabling, and termination events that affect "/var/log/faillock".[39m

[36mAdd or update the following file system rule to "/etc/audit/rules.d/audit.rules":[39m

[36m-w /var/log/faillock -p wa -k logins[39m

[36mTo load the rules to the kernel immediately, use the following command: [39m

[36m$ sudo augenrules --load[39m

[36m```[39m
[36m---[39m
[36mSV-274097:[39m
[36mOld: [39m
[36m```[39m
[36mConfigure RHEL 9 to generate audit records for all account creations, modifications, disabling, and termination events that affect "/var/log/lastlog".[39m

[36mAdd or update the following file system rule to "/etc/audit/rules.d/audit.rules":[39m

[36m-w /var/log/lastlog -p wa -k logins[39m

[36mThe audit daemon must be restarted for the changes to take effect.[39m

[36m$ sudo service auditd restart[39m

[36m```[39m
[36mNew:[39m
[36m```[39m
[36mConfigure Amazon Linux 2023 to generate audit records for all account creations, modifications, disabling, and termination events that affect "/var/log/lastlog".[39m

[36mAdd or update the following file system rule to "/etc/audit/rules.d/audit.rules":[39m

[36m-w /var/log/lastlog -p wa -k logins[39m

[36mTo load the rules to the kernel immediately, use the following command: [39m

[36m$ sudo augenrules --load[39m

[36m```[39m
[36m---[39m
[36mSV-274098:[39m
[36mOld: [39m
[36m```[39m
[36mConfigure the audit system to generate an audit event for any successful/unsuccessful uses of the "init" command by adding or updating the following rule in the "/etc/audit/rules.d/audit.rules" file:[39m

[36m-a always,exit -F path=/usr/sbin/init -F perm=x -F auid>=1000 -F auid!=unset -k privileged-init[39m

[36mTo load the rules to the kernel immediately, use the following command:[39m

[36m$ sudo augenrules --load[39m

[36m```[39m
[36mNew:[39m
[36m```[39m
[36mConfigure Amazon Linux 2023 so that the audit system generates an audit event for any successful/unsuccessful uses of the "init" command by adding or updating the following rule in the "/etc/audit/rules.d/audit.rules" file:[39m

[36m-a always,exit -F path=/usr/sbin/init -F perm=x -F auid>=1000 -F auid!=unset -k privileged-init[39m

[36mTo load the rules to the kernel immediately, use the following command: [39m

[36m$ sudo augenrules --load[39m

[36m```[39m
[36m---[39m
[36mSV-274099:[39m
[36mOld: [39m
[36m```[39m
[36mConfigure the audit system to generate an audit event for any successful/unsuccessful uses of the "reboot" command by adding or updating the following rule in the "/etc/audit/rules.d/audit.rules" file:[39m

[36m-a always,exit -F path=/usr/sbin/reboot -F perm=x -F auid>=1000 -F auid!=unset -k privileged-reboot[39m

[36mTo load the rules to the kernel immediately, use the following command:[39m

[36m$ sudo augenrules --load[39m

[36m```[39m
[36mNew:[39m
[36m```[39m
[36mConfigure Amazon Linux 2023 so that the audit system generates an audit event for any successful/unsuccessful uses of the "reboot" command by adding or updating the following rule in the "/etc/audit/rules.d/audit.rules" file:[39m

[36m-a always,exit -F path=/usr/sbin/reboot -F perm=x -F auid>=1000 -F auid!=unset -k privileged-reboot[39m

[36mTo load the rules to the kernel immediately, use the following command: [39m

[36m$ sudo augenrules --load[39m

[36m```[39m
[36m---[39m
[36mSV-274100:[39m
[36mOld: [39m
[36m```[39m
[36mConfigure the audit system to generate an audit event for any successful/unsuccessful uses of the "shutdown" command by adding or updating the following rule in the "/etc/audit/rules.d/audit.rules" file:[39m

[36m-a always,exit -F path=/usr/sbin/shutdown -F perm=x -F auid>=1000 -F auid!=unset -k privileged-shutdown[39m

[36mTo load the rules to the kernel immediately, use the following command:[39m

[36m$ sudo augenrules --load[39m

[36m```[39m
[36mNew:[39m
[36m```[39m
[36mConfigure Amazon Linux 2023 so that the audit system generates an audit event for any successful/unsuccessful uses of the "shutdown" command by adding or updating the following rule in the "/etc/audit/rules.d/audit.rules" file:[39m

[36m-a always,exit -F path=/usr/sbin/shutdown -F perm=x -F auid>=1000 -F auid!=unset -k privileged-shutdown[39m

[36mTo load the rules to the kernel immediately, use the following command: [39m

[36m$ sudo augenrules --load[39m

[36m```[39m
[36m---[39m
[36mSV-274101:[39m
[36mOld: [39m
[36m```[39m
[36mConfigure the audit tools to have a mode of "0755" by running the following command:[39m

[36m$ sudo chmod 0755 [audit_tool][39m

[36mReplace "[audit_tool]" with each audit tool that has a more permissive mode than 0755.[39m

[36m```[39m
[36mNew:[39m
[36m```[39m
[36mConfigure Amazon Linux 2023 audit tools to have a mode of "0755" by running the following command:[39m

[36m$ sudo chmod 0755 [audit_tool][39m

[36mReplace "[audit_tool]" with each audit tool that has a more permissive mode than "0755".[39m

[36m```[39m
[36m---[39m
[36mSV-274102:[39m
[36mOld: [39m
[36m```[39m
[36mConfigure the audit tools to be owned by "root" by running the following command:[39m

[36m$ sudo chown root [audit_tool][39m

[36mReplace "[audit_tool]" with each audit tool not owned by "root".[39m

[36m```[39m
[36mNew:[39m
[36m```[39m
[36mConfigure Amazon Linux 2023 audit tools to be owned by "root" by running the following command:[39m

[36m$ sudo chown root [audit_tool][39m

[36mReplace "[audit_tool]" with each audit tool not owned by "root".[39m

[36m```[39m
[36m---[39m
[36mSV-274103:[39m
[36mOld: [39m
[36m```[39m
[36mConfigure the audit tools to be group-owned by "root" by running the following command:[39m

[36m$ sudo chgrp root [audit_tool][39m

[36mReplace "[audit_tool]" with each audit tool not group-owned by "root".[39m

[36m```[39m
[36mNew:[39m
[36m```[39m
[36mConfigure Amazon Linux 2023 audit tools to be group-owned by "root" by running the following command:[39m

[36m$ sudo chgrp root [audit_tool][39m

[36mReplace "[audit_tool]" with each audit tool not group-owned by "root".[39m

[36m```[39m
[36m---[39m
[36mSV-274105:[39m
[36mOld: [39m
[36m```[39m
[36mConfigure RHEL 9 to generate audit records upon successful/unsuccessful attempts to use the "chage" command by adding or updating the following rule in "/etc/audit/rules.d/audit.rules":[39m

[36m-a always,exit -F path=/usr/bin/chage -F perm=x -F auid>=1000 -F auid!=unset -k privileged-chage[39m

[36mTo load the rules to the kernel immediately, use the following command:[39m

[36m$ sudo augenrules --load[39m

[36m```[39m
[36mNew:[39m
[36m```[39m
[36mConfigure Amazon Linux 2023 so that the audit service generates an audit event for any successful/unsuccessful uses of the "chage" command by adding or updating the following rule in the "/etc/audit/rules.d/audit.rules" file:[39m

[36m-a always,exit -F path=/usr/bin/chage -F perm=x -F auid>=1000 -F auid!=unset -k privileged-chage[39m

[36mTo load the rules to the kernel immediately, use the following command: [39m

[36m$ sudo augenrules --load[39m

[36m```[39m
[36m---[39m
[36mSV-274107:[39m
[36mOld: [39m
[36m```[39m
[36mConfigure RHEL 9 to use the gtls driver to encrypt offloaded audit records by setting the following options in "/etc/rsyslog.conf" or "/etc/rsyslog.d/[customfile].conf":[39m

[36m$DefaultNetstreamDriver gtls[39m

[36m```[39m
[36mNew:[39m
[36m```[39m
[36mConfigure Amazon Linux 2023 to off-load audit logs in the event the audit storage volume becomes full.[39m

[36mAdd or update the following line (depending on configuration "disk_full_action" can be set to "SYSLOG" or "SINGLE" depending on configuration) in "/etc/audit/auditd.conf" file:[39m

[36mdisk_full_action = SYSLOG[39m

[36m```[39m
[36m---[39m
[36mSV-274108:[39m
[36mOld: [39m
[36m```[39m
[36mChange the group of the directory of "/var/log/audit" to be owned by a correct group.[39m

[36mIdentify the group that is configured to own audit log:[39m

[36m$ sudo grep -P '^[ ]*log_group[ ]+=.*$' /etc/audit/auditd.conf[39m

[36mChange the ownership to that group:[39m

[36m$ sudo chgrp ${GROUP} /var/log/audit[39m

[36m```[39m
[36mNew:[39m
[36m```[39m
[36mConfigure Amazon Linux 2023 so that audit logs are group-owned by "root" or a restricted logging group.[39m

[36mChange the group of the directory of "/var/log/audit" to be owned by a correct group.[39m

[36mIdentify the group that is configured to own audit log:[39m

[36m$ sudo grep -P '^[ ]*log_group[ ]+=.*$' /etc/audit/auditd.conf[39m

[36mChange the ownership to that group:[39m

[36m$ sudo chgrp ${GROUP} /var/log/audit[39m

[36m```[39m
[36m---[39m
[36mSV-274109:[39m
[36mOld: [39m
[36m```[39m
[36mConfigure the audit log to be protected from unauthorized read access by setting the correct owner as "root" with the following command:[39m

[36m$ sudo chown root /var/log/audit[39m

[36m```[39m
[36mNew:[39m
[36m```[39m
[36mConfigure Amazon Linux 2023 so that the audit logs directory is protected from unauthorized read access by setting the correct owner as "root" with the following command:[39m

[36m$ sudo chown root /var/log/audit[39m

[36m```[39m
[36m---[39m
[36mSV-274110:[39m
[36mOld: [39m
[36m```[39m
[36mConfigure the audit logs to have a mode of "0600" with the following command:[39m

[36mReplace "[audit_log_file]" with the path to each audit log file. By default, these logs are located in "/var/log/audit/.[39m

[36m$ sudo chmod 0600 /var/log/audit/[audit_log_file][39m

[36mCheck the group that owns the system audit logs:[39m

[36m$ sudo grep -iw log_group /etc/audit/auditd.conf[39m

[36mIf log_group is set to a user other than root, configure the permissions the following way:[39m

[36m$ sudo chmod 0640 $log_file[39m
[36m$ sudo chmod 0440 $log_file.*[39m

[36mOtherwise, configure the permissions the following way:[39m

[36m$ sudo chmod 0600 $log_file[39m
[36m$ sudo chmod 0400 $log_file.*[39m

[36m```[39m
[36mNew:[39m
[36m```[39m
[36mConfigure Amazon Linux 2023 so that the audit logs have a mode of "0600".[39m

[36mReplace "[audit_log_file]" to the correct audit log path, by default this location is "/var/log/audit/audit.log".[39m

[36m$ sudo chmod 0600 /var/log/audit/[audit_log_file][39m

[36mCheck the group that owns the system audit logs:[39m

[36m$ sudo grep -iw log_group /etc/audit/auditd.conf[39m

[36mIf the log_group is not defined or it is set to root, configure the permissions as follows:[39m

[36m$ sudo chmod 0640 $log_file[39m
[36m$ sudo chmod 0440 $log_file.*[39m

[36mOtherwise, configure the permissions as follows:[39m

[36m$ sudo chmod 0600 $log_file[39m
[36m$ sudo chmod 0400 $log_file.*[39m

[36m```[39m
[36m---[39m
[36mSV-274111:[39m
[36mOld: [39m
[36m```[39m
[36mConfigure the files in directory "/etc/audit/rules.d/" and the[39m
[36m"/etc/audit/auditd.conf" file to have a mode of "0640" with the following[39m
[36mcommands:[39m

[36m    $ sudo chmod 0640 /etc/audit/rules.d/audit.rules[39m
[36m    $ sudo chmod 0640 /etc/audit/rules.d/[customrulesfile].rules[39m
[36m    $ sudo chmod 0640 /etc/audit/auditd.conf[39m

[36m```[39m
[36mNew:[39m
[36m```[39m
[36mConfigure Amazon Linux 2023 so that files in "/etc/audit/rules.d/" and the "/etc/audit/auditd.conf" file have a mode of "0640" or less permissive with the following commands:[39m

[36m$ sudo chmod 0640 /etc/audit/rules.d/audit.rules[39m
[36m$ sudo chmod 0640 /etc/audit/rules.d/[customrulesfile].rules[39m
[36m$ sudo chmod 0640 /etc/audit/auditd.conf[39m

[36m```[39m
[36m---[39m
[36mSV-274112:[39m
[36mOld: [39m
[36m```[39m
[36mConfigure RHEL 9 to generate audit records upon successful/unsuccessful attempts to use the "sudo" command by adding or updating the following rule in "/etc/audit/rules.d/audit.rules":[39m

[36m-a always,exit -F path=/usr/bin/sudo -F perm=x -F auid>=1000 -F auid!=unset -k priv_cmd[39m

[36mTo load the rules to the kernel immediately, use the following command:[39m

[36m$ sudo augenrules --load[39m

[36m```[39m
[36mNew:[39m
[36m```[39m
[36mConfigure Amazon Linux 2023 so that the audit system generates an audit event for any successful/unsuccessful use of the "sudo" command by adding or updating the following rule in the "/etc/audit/rules.d/audit.rules" file:[39m

[36m-a always,exit -F path=/usr/bin/sudo -F perm=x -F auid>=1000 -F auid!=unset -k priv_cmd[39m

[36mTo load the rules to the kernel immediately, use the following command:[39m

[36m$ sudo augenrules --load[39m

[36m```[39m
[36m---[39m
[36mSV-274113:[39m
[36mOld: [39m
[36m```[39m
[36mConfigure RHEL 9 to generate audit records for all account creations, modifications, disabling, and termination events that affect "/etc/passwd".[39m

[36mAdd or update the following file system rule to "/etc/audit/rules.d/audit.rules":[39m

[36m-w /etc/passwd -p wa -k identity[39m

[36mThe audit daemon must be restarted for the changes to take effect.[39m

[36m```[39m
[36mNew:[39m
[36m```[39m
[36mConfigure Amazon Linux 2023 to generate audit records for all account creations, modifications, disabling, and termination events that affect "/etc/passwd".[39m

[36mAdd or update the following file system rule to "/etc/audit/rules.d/audit.rules":[39m

[36m-w /etc/passwd -p wa -k identity[39m

[36mTo load the rules to the kernel immediately, use the following command: [39m

[36m$ sudo augenrules --load[39m

[36m```[39m
[36m---[39m
[36mSV-274114:[39m
[36mOld: [39m
[36m```[39m
[36mConfigure RHEL 9 to generate audit records for all account creations, modifications, disabling, and termination events that affect "/etc/shadow".[39m

[36mAdd or update the following file system rule to "/etc/audit/rules.d/audit.rules":[39m

[36m-w /etc/shadow -p wa -k identity[39m

[36mThe audit daemon must be restarted for the changes to take effect.[39m

[36m```[39m
[36mNew:[39m
[36m```[39m
[36mConfigure Amazon Linux 2023 to generate audit records for all account creations, modifications, disabling, and termination events that affect "/etc/shadow".[39m

[36mAdd or update the following file system rule to "/etc/audit/rules.d/audit.rules":[39m

[36m-w /etc/shadow -p wa -k identity[39m

[36mTo load the rules to the kernel immediately, use the following command: [39m

[36m$ sudo augenrules --load[39m

[36m```[39m
[36m---[39m
[36mSV-274115:[39m
[36mOld: [39m
[36m```[39m
[36mEdit the /etc/audit/auditd.conf file and add or update the "log_format"[39m
[36moption:[39m

[36m    log_format = ENRICHED[39m

[36m    The audit daemon must be restarted for changes to take effect.[39m

[36m```[39m
[36mNew:[39m
[36m```[39m
[36mConfigure Amazon Linux 2023 so that the audit system resolves audit information before writing to disk.[39m

[36mEdit the /etc/audit/auditd.conf file and add or update the "log_format" option:[39m

[36mlog_format = ENRICHED[39m

[36mThe audit daemon must be restarted for changes to take effect.[39m

[36m```[39m
[36m---[39m
[36mSV-274116:[39m
[36mOld: [39m
[36m```[39m
[36mConfigure the group owner of the directory "/var/log" to "root" by running the following command:[39m

[36m$ sudo chgrp root /var/log[39m

[36m```[39m
[36mNew:[39m
[36m```[39m
[36mConfigure Amazon Linux 2023 to change the group of the directory of "/var/log/audit" to be owned by a correct group.[39m

[36mIdentify the group that is configured to own audit log:[39m

[36m$ sudo grep -P '^[ ]*log_group[ ]+=.*$' /etc/audit/auditd.conf[39m

[36mChange the ownership to that group:[39m

[36m$ sudo chgrp ${GROUP} /var/log/audit[39m

[36m```[39m
[36m---[39m
[36mSV-274117:[39m
[36mOld: [39m
[36m```[39m
[36mConfigure the owner of the directory "/var/log" to "root" by running the following command:[39m

[36m$ sudo chown root /var/log[39m

[36m```[39m
[36mNew:[39m
[36m```[39m
[36mConfigure Amazon Linux 2023 audit logs to be protected from unauthorized read access by setting the correct owner as "root" with the following command:[39m

[36m$ sudo chown root /var/log/audit[39m

[36m```[39m
[36m---[39m
[36mSV-274119:[39m
[36mOld: [39m
[36m```[39m
[36mConfigure the systemwide shared library directories (/lib, /lib64, /usr/lib and /usr/lib64) to be protected from unauthorized access.[39m

[36mRun the following command, replacing "[DIRECTORY]" with any library directory not group-owned by "root".[39m

[36m$ sudo chgrp root [DIRECTORY][39m

[36m```[39m
[36mNew:[39m
[36m```[39m
[36mConfigure Amazon Linux 2023 systemwide shared library directories (/lib, /lib64, /usr/lib and /usr/lib64) to be protected from unauthorized access.[39m

[36mRun the following command, replacing "[DIRECTORY]" with any library directory not group-owned by "root".[39m

[36m$ sudo chgrp root [DIRECTORY][39m

[36m```[39m
[36m---[39m
[36mSV-274120:[39m
[36mOld: [39m
[36m```[39m
[36mConfigure the system-wide shared library directories (/lib, /lib64, /usr/lib and /usr/lib64) to be protected from unauthorized access.[39m

[36mRun the following command, replacing "[DIRECTORY]" with any library directory with a mode more permissive than 755.[39m

[36m$ sudo chmod 755 [DIRECTORY][39m

[36m```[39m
[36mNew:[39m
[36m```[39m
[36mConfigure Amazon Linux 2023 systemwide shared library directories (/lib, /lib64, /usr/lib and /usr/lib64) to be protected from unauthorized access. [39m

[36mRun the following command, replacing "[DIRECTORY]" with any library directory with a mode more permissive than "755".[39m

[36m$ sudo chmod 755 [DIRECTORY][39m

[36m```[39m
[36m---[39m
[36mSV-274121:[39m
[36mOld: [39m
[36m```[39m
[36mConfigure the systemwide shared library files contained in the directories "/lib", "/lib64", "/usr/lib", and "/usr/lib64" to have mode 0755 or less permissive with the following command.[39m

[36m$ sudo find /lib /lib64 /usr/lib /usr/lib64 -type f -name '*.so*' -perm /022 -exec chmod go-w {} +[39m

[36m```[39m
[36mNew:[39m
[36m```[39m
[36mConfigure Amazon Linux 2023 systemwide shared library files contained in the directories "/lib", "/lib64", "/usr/lib", and "/usr/lib64" have mode 0755 or less permissive with the following command.[39m

[36m$ sudo find /lib /lib64 /usr/lib /usr/lib64 -type f -name '*.so*' -perm /022 -exec chmod go-w {} +[39m

[36m```[39m
[36m---[39m
[36mSV-274122:[39m
[36mOld: [39m
[36m```[39m
[36mConfigure the systemwide shared library files contained in the directories "/lib", "/lib64", "/usr/lib", and "/usr/lib64" to be owned by root with the following command:[39m

[36m$ sudo find /lib /lib64 /usr/lib /usr/lib64 -type f -name '*.so*' ! -user root -exec chown root {} +[39m

[36m```[39m
[36mNew:[39m
[36m```[39m
[36mConfigure Amazon Linux 2023 systemwide shared library files contained in the directories "/lib", "/lib64", "/usr/lib", and "/usr/lib64" to be owned by root with the following command:[39m

[36m$ sudo find /lib /lib64 /usr/lib /usr/lib64 -type f -name '*.so*' ! -user root -exec chown root {} +[39m

[36m```[39m
[36m---[39m
[36mSV-274123:[39m
[36mOld: [39m
[36m```[39m
[36mConfigure the systemwide shared library files contained in the directories "/lib", "/lib64", "/usr/lib", and "/usr/lib64" to be group owned by root with the following command:[39m

[36m$ sudo find /lib /lib64 /usr/lib /usr/lib64 -type f -name '*.so*' ! -group root -exec chown :root {} +[39m

[36m```[39m
[36mNew:[39m
[36m```[39m
[36mConfigure Amazon Linux 2023 systemwide shared library files contained in the directories "/lib", "/lib64", "/usr/lib", and "/usr/lib64" to be group owned by root with the following command:[39m

[36m$ sudo find /lib /lib64 /usr/lib /usr/lib64 -type f -name '*.so*' ! -group root -exec chown :root {} +[39m

[36m```[39m
[36m---[39m
[36mSV-274124:[39m
[36mOld: [39m
[36m```[39m
[36mConfigure the systemwide shared library directories within (/lib, /lib64, /usr/lib and /usr/lib64) to be protected from unauthorized access.[39m

[36mRun the following command, replacing "[DIRECTORY]" with any library directory not owned by "root".[39m

[36m$ sudo chown root [DIRECTORY][39m

[36m```[39m
[36mNew:[39m
[36m```[39m
[36mConfigure Amazon Linux 2023 systemwide shared library directories within (/lib, /lib64, /usr/lib and /usr/lib64) to be protected from unauthorized access.[39m

[36mRun the following command, replacing "[DIRECTORY]" with any library directory not owned by "root".[39m

[36m$ sudo chown root [DIRECTORY][39m

[36m```[39m
[36m---[39m
[36mSV-274125:[39m
[36mOld: [39m
[36m```[39m
[36mConfigure the "/var/log" directory to a mode of "0755" by running the following command:[39m

[36m$ sudo chmod 0755 /var/log[39m

[36m```[39m
[36mNew:[39m
[36m```[39m
[36mConfigure Amazon Linux 2023 so that the "/var/log" directory has a mode of "0755" by running the following command:[39m

[36m$ sudo chmod 0755 /var/log[39m

[36m```[39m
[36m---[39m
[36mSV-274128:[39m
[36mOld: [39m
[36m```[39m
[36mConfigure the "/var/log/messages" file to have a mode of "0640" by running the following command:[39m

[36m$ sudo chmod 0640 /var/log/messages[39m

[36m```[39m
[36mNew:[39m
[36m```[39m
[36mConfigure Amazon Linux 2023 so that the "/var/log/messages" file has a mode of "0640" with the following command:[39m

[36m$ sudo chmod 0640 /var/log/messages[39m

[36m```[39m
[36m---[39m
[36mSV-274129:[39m
[36mOld: [39m
[36m```[39m
[36mChange the group owner of the "/var/log/messages" file to "root" by running the following command:[39m

[36m$ sudo chgrp root /var/log/messages[39m

[36m```[39m
[36mNew:[39m
[36m```[39m
[36mConfigure Amazon Linux 2023 so that the "/var/log/messages" file is group-owned "root" with the following command:[39m

[36m$ sudo chgrp root /var/log/messages[39m

[36m```[39m
[36m---[39m
[36mSV-274130:[39m
[36mOld: [39m
[36m```[39m
[36mChange the owner of the "/var/log/messages" file to "root" by running the following command:[39m

[36m$ sudo chown root /var/log/messages[39m

[36m```[39m
[36mNew:[39m
[36m```[39m
[36mConfigure Amazon Linux 2023 so that the "/var/log/messages" file is owned by "root" with the following command:[39m

[36m$ sudo chown root /var/log/messages[39m

[36m```[39m
[36m---[39m
[36mSV-274131:[39m
[36mOld: [39m
[36m```[39m
[36mConfigure the system commands to be protected from unauthorized access.[39m

[36m    Run the following command, replacing "[FILE]" with any system command[39m
[36mfile not owned by "root".[39m

[36m    $ sudo chown root [FILE][39m

[36m```[39m
[36mNew:[39m
[36m```[39m
[36mConfigure Amazon Linux 2023 so that system commands are protected from unauthorized access.[39m

[36mRun the following command, replacing "[FILE]" with any system command file not owned by "root".[39m

[36m$ sudo chown root [FILE][39m

[36m```[39m
[36m---[39m
[36mSV-274132:[39m
[36mOld: [39m
[36m```[39m
[36mConfigure the system commands to be protected from unauthorized access.[39m

[36m    Run the following command, replacing "[FILE]" with any system command[39m
[36mfile not group-owned by "root" or a required system account.[39m

[36m    $ sudo chgrp root [FILE][39m

[36m```[39m
[36mNew:[39m
[36m```[39m
[36mConfigure Amazon Linux 2023 so that system commands are protected from unauthorized access.[39m

[36mRun the following command, replacing "[FILE]" with any system command file not group-owned by "root" or a required system account.[39m

[36m$ sudo chgrp root [FILE][39m

[36m```[39m
[36m---[39m
[36mSV-274133:[39m
[36mOld: [39m
[36m```[39m
[36mConfigure RHEL 9 to enforce password complexity by requiring that at least one uppercase character be used by setting the "ucredit" option.[39m

[36mAdd or update the following line in the "/etc/security/pwquality.conf" file or a configuration file in the "/etc/security/pwquality.conf.d/" directory to contain the "ucredit" parameter:[39m

[36mucredit = -1[39m

[36m```[39m
[36mNew:[39m
[36m```[39m
[36mConfigure Amazon Linux 2023 to enforce password complexity by requiring that at least one uppercase character be used by setting the "ucredit" option.[39m

[36mAdd or update the following line in the "/etc/security/pwquality.conf" file or a configuration file in the "/etc/security/pwquality.conf.d/" directory to contain the "ucredit" parameter:[39m

[36mucredit = -1[39m

[36mRemove any configurations that conflict with the above value.[39m

[36m```[39m
[36m---[39m
[36mSV-274134:[39m
[36mOld: [39m
[36m```[39m
[36mConfigure RHEL 9 to enforce password complexity by requiring at least one lowercase character be used by setting the "lcredit" option.[39m

[36mAdd or update the following line in the "/etc/security/pwquality.conf" file or a configuration file in the "/etc/security/pwquality.conf.d/" directory to contain the "lcredit" parameter:[39m

[36mlcredit = -1[39m

[36m```[39m
[36mNew:[39m
[36m```[39m
[36mConfigure Amazon Linux 2023 to enforce password complexity by requiring that at least one lowercase character be used by setting the "lcredit" option.[39m

[36mAdd or update the following line in the "/etc/security/pwquality.conf" file or a configuration file in the "/etc/security/pwquality.conf.d/" directory to contain the "lcredit" parameter:[39m

[36mlcredit = -1[39m

[36mRemove any configurations that conflict with the above value.[39m

[36m```[39m
[36m---[39m
[36mSV-274135:[39m
[36mOld: [39m
[36m```[39m
[36mConfigure RHEL 9 to enforce password complexity by requiring at least one numeric character be used by setting the "dcredit" option.[39m

[36mAdd or update the following line in the "/etc/security/pwquality.conf" file or a configuration file in the "/etc/security/pwquality.conf.d/" directory to contain the "dcredit" parameter:[39m

[36mdcredit = -1[39m

[36m```[39m
[36mNew:[39m
[36m```[39m
[36mConfigure Amazon Linux 2023 to enforce password complexity by requiring that at least one numeric character be used by setting the "dcredit" option.[39m

[36mAdd or update the following line in the "/etc/security/pwquality.conf" file or a configuration file in the "/etc/security/pwquality.conf.d/" directory to contain the "dcredit" parameter:[39m

[36mdcredit = -1[39m

[36mRemove any configurations that conflict with the above value.[39m

[36m```[39m
[36m---[39m
[36mSV-274136:[39m
[36mOld: [39m
[36m```[39m
[36mConfigure RHEL 9 to require the change of at least eight of the total number of characters when passwords are changed by setting the "difok" option.[39m

[36mAdd or update the following line in the "/etc/security/pwquality.conf" file or a configuration file in the "/etc/security/pwquality.conf.d/" directory to contain the "difok" parameter:[39m

[36mdifok = 8[39m

[36m```[39m
[36mNew:[39m
[36m```[39m
[36mConfigure Amazon Linux 2023 to require the change of at least eight (with a 15 character password) of the total number of characters when passwords are changed by setting the "difok" option.[39m

[36mAdd or update the following line in the "/etc/security/pwquality.conf" file or a configuration file in the "/etc/security/pwquality.conf.d/" directory to contain the "difok" parameter:[39m

[36mdifok = 8[39m

[36mRemove any configurations that conflict with the above value. This value can be customized based on desired password length.[39m

[36m```[39m
[36m---[39m
[36mSV-274137:[39m
[36mOld: [39m
[36m```[39m
[36mConfigure RHEL 9 to enforce a minimum 15-character password length.[39m

[36mAdd or update the following line in the "/etc/security/pwquality.conf" file or a configuration file in the "/etc/security/pwquality.conf.d/" directory to contain the "minlen" parameter:[39m

[36mminlen = 15[39m

[36m```[39m
[36mNew:[39m
[36m```[39m
[36mConfigure Amazon Linux 2023 to enforce a minimum 15-character password length.[39m

[36mAdd or update the following line in the "/etc/security/pwquality.conf" file or a configuration file in the "/etc/security/pwquality.conf.d/" directory to contain the "minlen" parameter:[39m

[36mminlen = 15[39m

[36mRemove any configurations that conflict with the above value.[39m

[36m```[39m
[36m---[39m
[36mSV-274138:[39m
[36mOld: [39m
[36m```[39m
[36mConfigure RHEL 9 to enforce password complexity by requiring at least one special character be used by setting the "ocredit" option.[39m

[36mAdd or update the following line in the "/etc/security/pwquality.conf" file or a configuration file in the "/etc/security/pwquality.conf.d/" directory to contain the "ocredit" parameter:[39m

[36mocredit = -1[39m

[36m```[39m
[36mNew:[39m
[36m```[39m
[36mConfigure Amazon Linux 2023 to enforce password complexity by requiring at least one special character be used by setting the "ocredit" option.[39m

[36mAdd or update the following line in the "/etc/security/pwquality.conf" file or a configuration file in the "/etc/security/pwquality.conf.d/" directory to contain the "ocredit" parameter:[39m

[36mocredit = -1[39m

[36m```[39m
[36m---[39m
[36mSV-274139:[39m
[36mOld: [39m
[36m```[39m
[36mConfigure RHEL 9 to enforce password complexity on the root account.[39m

[36mAdd or update the following line in the "/etc/security/pwquality.conf" file or a configuration file in the "/etc/security/pwquality.conf.d/" directory to contain the "enforce_for_root" parameter:[39m

[36menforce_for_root[39m

[36m```[39m
[36mNew:[39m
[36m```[39m
[36mConfigure Amazon Linux 2023 to enforce password complexity on the root account.[39m

[36mAdd or update the following line in the "/etc/security/pwquality.conf" file or a configuration file in the "/etc/security/pwquality.conf.d/" directory to contain the "enforce_for_root" parameter:[39m

[36menforce_for_root[39m

[36m```[39m
[36m---[39m
[36mSV-274140:[39m
[36mOld: [39m
[36m```[39m
[36mConfigure RHEL 9 to prevent the use of dictionary words for passwords.[39m

[36mAdd or update the following line in the "/etc/security/pwquality.conf" file or a configuration file in the "/etc/security/pwquality.conf.d/" directory to contain the "dictcheck" parameter:[39m

[36mdictcheck=1[39m

[36m```[39m
[36mNew:[39m
[36m```[39m
[36mConfigure Amazon Linux 2023 to prevent the use of dictionary words for passwords.[39m

[36mAdd or update the following line in the "/etc/security/pwquality.conf" file or a configuration file in the /etc/pwquality.conf.d/ directory to contain the "dictcheck" parameter:[39m

[36mdictcheck=1[39m

[36m```[39m
[36m---[39m
[36mSV-274141:[39m
[36mOld: [39m
[36m```[39m
[36mConfigure RHEL 9 to limit the number of concurrent sessions to "10" for all accounts and/or account types.[39m

[36mAdd the following line to the top of the /etc/security/limits.conf or in a ".conf" file defined in /etc/security/limits.d/:[39m

[36m* hard maxlogins 10[39m

[36m```[39m
[36mNew:[39m
[36m```[39m
[36mConfigure Amazon Linux 2023 to limit the number of concurrent sessions to "10" for all accounts and/or account types.[39m

[36mAdd the following line to the top of the /etc/security/limits.conf or in a ".conf" file defined in /etc/security/limits.d/:[39m

[36m* hard maxlogins 10[39m

[36m```[39m
[36m---[39m
[36mSV-274142:[39m
[36mOld: [39m
[36m```[39m
[36mConfigure RHEL 9 to exit interactive command shell user sessions after 10 minutes of inactivity.[39m

[36mAdd or edit the following line in "/etc/profile.d/tmout.sh":[39m

[36m#!/bin/bash[39m

[36mdeclare -xr TMOUT=600[39m

[36m```[39m
[36mNew:[39m
[36m```[39m
[36mConfigure Amazon Linux 2023 to exit interactive command shell user sessions after 10 minutes of inactivity.[39m

[36mAdd or edit the following line in "/etc/profile.d/tmout.sh":[39m

[36m#!/bin/bash[39m

[36mdeclare -xr TMOUT=600[39m

[36m```[39m
[36m---[39m
[36mSV-274143:[39m
[36mOld: [39m
[36m```[39m
[36mConfigure noncompliant accounts to enforce a 24 hour minimum password lifetime:[39m

[36m$ sudo passwd -n 1 [user][39m

[36m```[39m
[36mNew:[39m
[36m```[39m
[36mConfigure Amazon Linux 2023 to enforce 24 hours as the minimum password lifetime for new user accounts.[39m

[36mAdd the following line in "/etc/login.defs" (or modify the line to have the required value):[39m

[36mPASS_MIN_DAYS 1[39m

[36m```[39m
[36m---[39m
[36mSV-274144:[39m
[36mOld: [39m
[36m```[39m
[36mConfigure the RHEL 9 to enforce a delay of at least four seconds between logon prompts following a failed console logon attempt.[39m

[36mModify the "/etc/login.defs" file to set the "FAIL_DELAY" parameter to 4 or greater:[39m

[36mFAIL_DELAY 4[39m

[36m```[39m
[36mNew:[39m
[36m```[39m
[36mConfigure Amazon Linux 2023 to enforce a delay of at least four seconds between logon prompts following a failed console logon attempt.[39m

[36mModify the "/etc/login.defs" file to set the "FAIL_DELAY" parameter to "4" or greater:[39m

[36mFAIL_DELAY 4[39m

[36m```[39m
[36m---[39m
[36mSV-274145:[39m
[36mOld: [39m
[36m```[39m
[36mConfigure RHEL 9 to define default permissions for all authenticated users in such a way that the user can only read and modify their own files.[39m

[36mAdd or edit the lines for the "UMASK" parameter in the "/etc/login.defs" file to "077":[39m

[36mUMASK 077[39m

[36m```[39m
[36mNew:[39m
[36m```[39m
[36mConfigure Amazon Linux 2023 to define default permissions for all authenticated users in such a way that the user can only read and modify their own files.[39m

[36mAdd or edit the lines for the "UMASK" parameter in the "/etc/login.defs" file to "077":[39m

[36mUMASK 077[39m

[36m```[39m
[36m---[39m
[36mSV-274147:[39m
[36mOld: [39m
[36m```[39m
[36mConfigure RHEL 9 to log username information when unsuccessful logon attempts occur.[39m

[36mEnable the feature using the following command:[39m

[36m$ sudo authselect enable-feature with-faillock[39m

[36mAdd/modify the "/etc/security/faillock.conf" file to match the following line:[39m

[36maudit[39m

[36m```[39m
[36mNew:[39m
[36m```[39m
[36mConfigure Amazon Linux 2023 to lock an account when three unsuccessful logon attempts occur.[39m

[36mAdd/Modify the appropriate sections of the "/etc/pam.d/system-auth" and "/etc/pam.d/password-auth" files to match the following lines:[39m

[36mauth required pam_faillock.so preauth dir=/var/log/faillock silent audit deny=3 even_deny_root fail_interval=900 unlock_time=0[39m
[36mauth required pam_faillock.so authfail dir=/var/log/faillock unlock_time=0[39m
[36maccount required pam_faillock.so[39m

[36mThe "sssd" service must be restarted for the changes to take effect. To restart the "sssd" service, run the following command:[39m

[36m$ sudo systemctl restart sssd.service[39m

[36m```[39m
[36m---[39m
[36mSV-274148:[39m
[36mOld: [39m
[36m```[39m
[36mConfigure noncompliant accounts to enforce a 60-day maximum password lifetime restriction.[39m

[36mpasswd -x 60 [user][39m

[36m```[39m
[36mNew:[39m
[36m```[39m
[36mConfigure Amazon Linux 2023 to set noncompliant accounts to enforce a 60-day maximum password lifetime restriction.[39m

[36m$ sudo chage -M 60 [user][39m

[36m```[39m
[36m---[39m
[36mSV-274149:[39m
[36mOld: [39m
[36m```[39m
[36mConfigure RHEL 9 to disable account identifiers after 35 days of inactivity after the password expiration.[39m

[36mRun the following command to change the configuration for useradd:[39m

[36m$ sudo useradd -D -f 35[39m

[36mThe recommendation is 35 days, but a lower value is acceptable.[39m

[36m```[39m
[36mNew:[39m
[36m```[39m
[36mConfigure Amazon Linux 2023 to disable account identifiers after 35 days of inactivity after the password expiration. [39m

[36mRun the following command to change the configuration for useradd:[39m

[36m$ sudo useradd -D -f 35[39m

[36mThe recommendation is 35 days, but a lower value is acceptable.[39m

[36m```[39m
[36m---[39m
[36mSV-274150:[39m
[36mOld: [39m
[36m```[39m
[36mConfigure the operating system to expire temporary accounts after[39m
[36m    72 hours with the following command:[39m

[36m    $ sudo chage -E $(date -d +3days +%Y-%m-%d) <temporary_account_name>[39m

[36m```[39m
[36mNew:[39m
[36m```[39m
[36mConfigure Amazon Linux 2023 to expire temporary accounts after 72 hours with the following command:[39m

[36m$ sudo chage -E $(date -d +3days +%Y-%m-%d) <temporary_account_name>[39m

[36m```[39m
[36m---[39m
[36mSV-274152:[39m
[36mOld: [39m
[36m```[39m
[36mConfigure RHEL 9 to use the targetd SELINUX policy.[39m

[36mEdit the file "/etc/selinux/config" and add or modify the following line:[39m

[36m SELINUXTYPE=targeted[39m

[36mA reboot is required for the changes to take effect.[39m

[36m```[39m
[36mNew:[39m
[36m```[39m
[36mConfigure Amazon Linux 2023 to use the targeted SELINUX policy.[39m

[36mEdit the file "/etc/selinux/config" and add or modify the following line:[39m

[36m SELINUXTYPE=targeted [39m

[36mA reboot is required for the changes to take effect.[39m

[36m```[39m
[36m---[39m
[36mSV-274153:[39m
[36mOld: [39m
[36m```[39m
[36mConfigure RHEL 9 to verify correct operation of security functions.[39m

[36mEdit the file "/etc/selinux/config" and add or modify the following line:[39m

[36m SELINUX=enforcing[39m

[36mA reboot is required for the changes to take effect.[39m

[36m```[39m
[36mNew:[39m
[36m```[39m
[36mConfigure Amazon Linux 2023 to verify correct operation of security functions.[39m

[36mEdit the file "/etc/selinux/config" and add or modify the following line:[39m

[36mSELINUX=enforcing [39m

[36mA reboot is required for the changes to take effect.[39m

[36m```[39m
[36m---[39m
[36mSV-274154:[39m
[36mOld: [39m
[36m```[39m
[36mConfigure RHEL 9 to lock an account when three unsuccessful logon attempts occur.[39m

[36mAdd/modify the "/etc/security/faillock.conf" file to match the following line:[39m

[36mdeny = 3[39m

[36m```[39m
[36mNew:[39m
[36m```[39m
[36mConfigure Amazon Linux 2023 to lock an account when three unsuccessful logon attempts occur.[39m

[36mAdd/modify the "/etc/security/faillock.conf" file to match the following line:[39m

[36mdeny = 3[39m

[36m```[39m
[36m---[39m
[36mSV-274155:[39m
[36mOld: [39m
[36m```[39m
[36mTo configure RHEL 9 to lock out the "root" account after a number of incorrect logon attempts using "pam_faillock.so", first enable the feature using the following command:[39m

[36m$ sudo authselect enable-feature with-faillock[39m

[36mEdit the "/etc/security/faillock.conf" by uncommenting or adding the following line:[39m

[36meven_deny_root[39m

[36m```[39m
[36mNew:[39m
[36m```[39m
[36mConfigure Amazon Linux 2023 to lock out the "root" account after a number of incorrect login attempts using "pam_faillock.so", first enable the feature using the following command:[39m
[36m [39m
[36m$ sudo authselect enable-feature with-faillock [39m

[36mThen edit the "/etc/security/faillock.conf" file as follows:[39m
[36m [39m
[36madd or uncomment the following line:[39m
[36meven_deny_root[39m

[36m```[39m
[36m---[39m
[36mSV-274156:[39m
[36mOld: [39m
[36m```[39m
[36mConfigure RHEL 9 to lock an account until released by an administrator after three unsuccessful logon attempts with the command:[39m

[36m$ sudo authselect enable-feature with-faillock[39m

[36mEdit the "/etc/security/faillock.conf" file as follows:[39m

[36munlock_time = 0[39m

[36m```[39m
[36mNew:[39m
[36m```[39m
[36mConfigure Amazon Linux 2023 to automatically lock an account after three unsuccessful logon attempts in 15-minutes.[39m

[36mFirst, ensure that the system is configured with authselect, i.e., using sssd profiles:[39m

[36m$ sudo authselect select sssd [--force][39m

[36mThen, enable the faillock feature:[39m

[36m$ sudo authselect enable-feature with-faillock[39m

[36mThen edit the "/etc/security/faillock.conf" file as follows:[39m

[36mfail_interval = 900[39m

[36m```[39m
[36m---[39m
[36mSV-274157:[39m
[36mOld: [39m
[36m```[39m
[36mTo configure RHEL 9 to lock out the "root" account after a number of incorrect logon attempts within 15 minutes using "pam_faillock.so", enable the feature using the following command:[39m

[36m$ sudo authselect enable-feature with-faillock[39m

[36mThen edit the "/etc/security/faillock.conf" file as follows:[39m

[36mfail_interval = 900[39m

[36m```[39m
[36mNew:[39m
[36m```[39m
[36mConfigure Amazon Linux 2023 to lock an account until released by an administrator after three unsuccessful logon attempts with the command:[39m
[36m [39m
[36m$ authselect enable-feature with-faillock [39m

[36mThen edit the "/etc/security/faillock.conf" file as follows:[39m

[36munlock_time = 0[39m

[36m```[39m
[36m---[39m
[36mSV-274158:[39m
[36mOld: [39m
[36m```[39m
[36mConfigure RHEL 9 to disable network management of the chrony daemon by adding/modifying the following line in the /etc/chrony.conf file:[39m

[36mcmdport 0[39m

[36m```[39m
[36mNew:[39m
[36m```[39m
[36mConfigure Amazon Linux 2023 to prohibit/restrict Functions, Ports, Protocols, and Services. Use firewall-cmd to manage firewalld. [39m

[36mTo open a port for a service, configure firewalld using the following command:[39m

[36m$ sudo firewall-cmd --permanent --add-port=port_number/tcp[39m
[36mor[39m
[36m$ sudo firewall-cmd --permanent --add-service=service_name[39m

[36m```[39m
[36m---[39m
[36mSV-274159:[39m
[36mOld: [39m
[36m```[39m
[36mEdit the file "/etc/passwd" and provide each interactive user account that has a duplicate UID with a unique UID.[39m

[36m```[39m
[36mNew:[39m
[36m```[39m
[36mConfigure Amazon Linux 2023 so that all GIDs are referenced in "/etc/passwd" are defined in "/etc/group".[39m

[36mEdit the file "/etc/passwd" and ensure that every user's GID is a valid GID.[39m

[36m```[39m
[36m---[39m
[36mSV-274160:[39m
[36mOld: [39m
[36m```[39m
[36mConfigure the system so that all GIDs are referenced in "/etc/passwd" are defined in "/etc/group".[39m

[36mEdit the file "/etc/passwd" and ensure that every user's GID is a valid GID.[39m

[36m```[39m
[36mNew:[39m
[36m```[39m
[36mConfigure Amazon Linux 2023 to contain no duplicate UIDs for interactive users.[39m

[36mEdit the file "/etc/passwd" and provide each interactive user account that has a duplicate UID with a unique UID.[39m

[36m```[39m
[36m---[39m
[36mSV-274161:[39m
[36mOld: [39m
[36m```[39m
[36mConfigure RHEL 9 to use "pwquality" to enforce password complexity rules.[39m

[36mAdd the following line to the "/etc/pam.d/password-auth" file (or modify the line to have the required value):[39m

[36mpassword required pam_pwquality.so[39m

[36m```[39m
[36mNew:[39m
[36m```[39m
[36mConfigure Amazon Linux 2023 to use "pwquality" to enforce password complexity rules.[39m

[36mAdd the following line to the "/etc/pam.d/password-auth" file (or modify the line to have the required value):[39m

[36mpassword required pam_pwquality.so[39m

[36m```[39m
[36m---[39m
[36mSV-274162:[39m
[36mOld: [39m
[36m```[39m
[36mConfigure RHEL 9 to use 100000 hashing rounds for hashing passwords.[39m

[36mAdd or modify the following line in "/etc/pam.d/password-auth" and set "rounds" to "100000".[39m

[36mpassword sufficient pam_unix.so sha512 rounds=100000[39m

[36mNote: Running authselect will overwrite this value unless a custom authselect policy is created.[39m

[36m```[39m
[36mNew:[39m
[36m```[39m
[36mConfigure Amazon Linux 2023 to use 100000 hashing rounds for hashing passwords.[39m

[36mAdd or modify the following line in "/etc/pam.d/password-auth" and set "rounds" to "100000".[39m

[36mpassword sufficient pam_unix.so sha512 rounds=100000[39m

[36m```[39m
[36m---[39m
[36mSV-274163:[39m
[36mOld: [39m
[36m```[39m
[36mConfigure RHEL 9 to use 100000 hashing rounds for hashing passwords.[39m

[36mAdd or modify the following line in "/etc/pam.d/system-auth" and set "rounds" to 100000.[39m

[36mpassword sufficient pam_unix.so sha512 rounds=100000[39m

[36mNote: Running authselect will overwrite this value unless a custom authselect policy is created.[39m

[36m```[39m
[36mNew:[39m
[36m```[39m
[36mConfigure Amazon Linux 2023 to use 100000 hashing rounds for hashing passwords.[39m

[36mAdd or modify the following line in "/etc/pam.d/system-auth" and set "rounds" to "100000".[39m

[36mpassword sufficient pam_unix.so sha512 rounds=100000[39m

[36m```[39m
[36m---[39m
[36mSV-274165:[39m
[36mOld: [39m
[36m```[39m
[36mConfigure all world-writable directories to have the sticky bit set to prevent unauthorized and unintended information transferred via shared system resources.[39m

[36mSet the sticky bit on all world-writable directories using the command, replace "[World-Writable Directory]" with any directory path missing the sticky bit:[39m

[36m$ chmod a+t [World-Writable Directory][39m

[36m```[39m
[36mNew:[39m
[36m```[39m
[36mConfigure Amazon Linux 2023 public directories to be owned by root or a system account to prevent unauthorized and unintended information transferred via shared system resources.[39m

[36mSet the owner of all public directories as root or a system account using the following command:[39m

[36m$ sudo find / -xdev -type d -perm -0002 ! -user root ! -uid +999 -exec chown root:root {} +[39m

[36m```[39m
[36m---[39m
[36mSV-274166:[39m
[36mOld: [39m
[36m```[39m
[36mConfigure RHEL 9 to log out idle sessions.[39m

[36mCreate the directory if necessary:[39m

[36m$ mkdir -p /etc/systemd/logind.conf.d/[39m

[36mCreate a *.conf file in /etc/systemd/logind.conf.d/ with the following content:[39m

[36m[Login][39m
[36mStopIdleSessionSec=600[39m
[36mKillUserProcesses=no[39m

[36mRestart systemd-logind:[39m

[36m$ systemctl restart systemd-logind[39m

[36m```[39m
[36mNew:[39m
[36m```[39m
[36mConfigure Amazon Linux 2023 to log out idle sessions by editing the /etc/systemd/logind.conf file with the following line:[39m

[36mStopIdleSessionSec=600[39m

[36mThe "logind" service must be restarted for the changes to take effect. To restart the "logind" service, run the following command:[39m

[36m$ sudo systemctl restart systemd-logind[39m

[36m```[39m
[36m---[39m
[36mSV-274167:[39m
[36mOld: [39m
[36m```[39m
[36mConfigure RHEL 9 to generate audit records upon successful/unsuccessful attempts to use the "chacl" command by adding or updating the following rule in "/etc/audit/rules.d/audit.rules":[39m

[36m-a always,exit -F path=/usr/bin/chacl -F perm=x -F auid>=1000 -F auid!=unset -k perm_mod[39m

[36mTo load the rules to the kernel immediately, use the following command:[39m

[36m$ sudo augenrules --load[39m

[36m```[39m
[36mNew:[39m
[36m```[39m
[36mConfigure Amazon Linux 2023 so that GRUB 2 enables auditing of processes that start prior to the audit daemon with the following command:[39m

[36m$ sudo grubby --update-kernel=ALL --args="audit=1"[39m

[36mAdd or modify the following line in "/etc/default/grub" to ensure the configuration survives kernel updates:[39m

[36mGRUB_CMDLINE_LINUX="audit=1"[39m

[36m```[39m
[36m---[39m
[36mSV-274168:[39m
[36mOld: [39m
[36m```[39m
[36mConfigure RHEL 9 to allocate sufficient audit_backlog_limit to capture processes that start prior to the audit daemon with the following command:[39m

[36m$ sudo grubby --update-kernel=ALL --args=audit_backlog_limit=8192[39m

[36m```[39m
[36mNew:[39m
[36m```[39m
[36mConfigure Amazon Linux 2023 to allocate sufficient audit_backlog_limit to capture processes that start prior to the audit daemon with the following command:[39m

[36m$ sudo grubby --update-kernel=ALL --args=audit_backlog_limit=8192[39m

[36m```[39m
[36m---[39m
[36mSV-274169:[39m
[36mOld: [39m
[36m```[39m
[36mConfigure RHEL 9 to enable DAC on hardlinks.[39m

[36mCreate a drop-in if it does not already exist:[39m

[36m$ sudo vi /etc/sysctl.d/99-fs_protected_hardlinks.conf[39m

[36mAdd the following to the file:[39m
[36mfs.protected_hardlinks = 1[39m

[36mReload settings from all system configuration files with the following command:[39m

[36m$ sudo sysctl --system[39m

[36m```[39m
[36mNew:[39m
[36m```[39m
[36mConfigure Amazon Linux 2023 to enable DAC on hardlinks with the following:[39m

[36mAdd or edit the following line in a system configuration file in the "/etc/sysctl.d/" directory:[39m

[36mfs.protected_hardlinks = 1[39m

[36mLoad settings from all system configuration files with the following command:[39m

[36m$ sudo sysctl --system[39m

[36m```[39m
[36m---[39m
[36mSV-274170:[39m
[36mOld: [39m
[36m```[39m
[36mConfigure RHEL 9 to enable DAC on symlinks with the following:[39m

[36mCreate a drop-in if it does not already exist:[39m

[36m$ sudo vi /etc/sysctl.d/99-fs_protected_symlinks.conf[39m

[36mAdd the following to the file:[39m
[36mfs.protected_symlinks = 1[39m

[36mReload settings from all system configuration files with the following command:[39m

[36m$ sudo sysctl --system[39m

[36m```[39m
[36mNew:[39m
[36m```[39m
[36mConfigure Amazon Linux 2023 to enable DAC on symlinks with the following:[39m

[36mAdd or edit the following line in a system configuration file in the "/etc/sysctl.d/" directory:[39m

[36mfs.protected_symlinks = 1[39m

[36mLoad settings from all system configuration files with the following command:[39m

[36m$ sudo sysctl --system[39m

[36m```[39m
[36m---[39m
[36mSV-274173:[39m
[36mOld: [39m
[36m```[39m
[36mConfigure RHEL 9 to mask the debug-shell systemd service with the following command:[39m

[36m$ sudo systemctl disable --now debug-shell.service[39m
[36m$ sudo systemctl mask --now debug-shell.service[39m

[36m```[39m
[36mNew:[39m
[36m```[39m
[36mConfigure Amazon Linux 2023 to mask the debug-shell systemd service with the following command:[39m

[36m$ sudo systemctl disable --now debug-shell.service[39m
[36m$ sudo systemctl mask --now debug-shell.service[39m

[36m```[39m
[36m---[39m
[36mSV-274175:[39m
[36mOld: [39m
[36m```[39m
[36mConfigure RHEL 9 to securely compare internal information system clocks at least every 24 hours with an NTP server by adding/modifying the following line in the /etc/chrony.conf file.[39m

[36mserver [ntp.server.name] iburst maxpoll 16[39m

[36m```[39m
[36mNew:[39m
[36m```[39m
[36mConfigure Amazon Linux 2023 to compare internal information system clocks at least every 24 hours with an NTP server. Ensure the following line is added or updated in "/etc/chrony.conf":[39m

[36mserver <USNO/DOD Server> iburst maxpoll 16[39m

[36m```[39m
[36m---[39m
[36mSV-274177:[39m
[36mOld: [39m
[36m```[39m
[36mThe  subscription-manager package can be installed with the following command:[39m

[36m$ sudo dnf install subscription-manager[39m

[36m```[39m
[36mNew:[39m
[36m```[39m
[36mConfigure Amazon Linux 2023 to disable kernel image loading.[39m

[36mAdd or edit the following line in a system configuration file in the "/etc/sysctl.d/" directory:[39m

[36mkernel.kexec_load_disabled = 1[39m

[36mLoad settings from all system configuration files with the following command:[39m

[36m$ sudo sysctl --system[39m

[36m```[39m
[36m---[39m
[36mSV-274178:[39m
[36mOld: [39m
[36m```[39m
[36mModify "/etc/fstab" to use the "nodev" option on the "/home" directory.[39m

[36m```[39m
[36mNew:[39m
[36m```[39m
[36mConfigure Amazon Linux 2023 so that the /boot/efi directory is mounted with the "nosuid" option.[39m

[36mModify "/etc/fstab" to use the "nosuid" option on the "/boot/efi" directory.[39m

[36m```[39m
[36m---[39m
[36mSV-274179:[39m
[36mOld: [39m
[36m```[39m
[36mConfigure "/dev/shm" to mount with the "nodev" option.[39m

[36mModify "/etc/fstab" to use the "nodev" option on the "/dev/shm" file system.[39m

[36mTo reload all implicit mount units and update the dependency graph so that new options will apply correctly at next remount, run the following command:[39m

[36m$ sudo systemctl daemon-reload[39m

[36mUse the following command to apply the changes immediately without a reboot:[39m

[36m$ sudo mount -o remount /dev/shm[39m

[36m```[39m
[36mNew:[39m
[36m```[39m
[36mConfigure Amazon Linux 2023 so that "/dev/shm" is mounted with the "nodev" option.[39m

[36mModify "/etc/fstab" to use the "nodev" option on the "/dev/shm" file system.[39m

[36m```[39m
[36m---[39m
[36mSV-274180:[39m
[36mOld: [39m
[36m```[39m
[36mConfigure "/dev/shm" to mount with the "nosuid" option.[39m

[36mModify "/etc/fstab" to use the "nosuid" option on the "/dev/shm" file system.[39m

[36mTo reload all implicit mount units and update the dependency graph so that new options will apply correctly at next remount, run the following command:[39m

[36m$ sudo systemctl daemon-reload[39m

[36mUse the following command to apply the changes immediately without a reboot:[39m

[36m$ sudo mount -o remount /dev/shm[39m

[36m```[39m
[36mNew:[39m
[36m```[39m
[36mConfigure Amazon Linux 2023 so that "/dev/shm" is mounted with the "nosuid" option.[39m

[36mModify "/etc/fstab" to use the "nosuid" option on the "/dev/shm" file system.[39m

[36m```[39m
[36m---[39m
[36mSV-274181:[39m
[36mOld: [39m
[36m```[39m
[36mTo enable the pcscd socket, run the following command:[39m

[36m$ sudo systemctl enable --now pcscd.socket[39m

[36m```[39m
[36mNew:[39m
[36m```[39m
[36mConfigure Amazon Linux 2023 so that the "pcscd" service is active with the following command:[39m

[36m$ sudo systemctl enable --now pcscd[39m

[36m```[39m
[36m---[39m
[36mSV-274182:[39m
[36mOld: [39m
[36m```[39m
[36mConfigure the operating system to enable the blocking of unauthorized peripherals with the following command:[39m

[36mNote: This command must be run from a root shell and will create an allow list for any usb devices currently connected to the system.[39m

[36m# usbguard generate-policy --no-hash > /etc/usbguard/rules.conf[39m

[36mNote: Enabling and starting usbguard without properly configuring it for an individual system will immediately prevent any access over a usb device such as a keyboard or mouse.[39m

[36m```[39m
[36mNew:[39m
[36m```[39m
[36mConfigure Amazon Linux 2023 to disable the ability to automount devices.[39m

[36mThe autofs service can be disabled with the following command:[39m

[36m$ sudo systemctl mask --now autofs.service[39m

[36m```[39m
[36m---[39m
[36mSV-274183:[39m
[36mOld: [39m
[36m```[39m
[36mConfigure "nftables" to be the default "firewallbackend" for "firewalld" by adding or editing the following line in "/etc/firewalld/firewalld.conf":[39m

[36mFirewallBackend=nftables[39m

[36mEstablish rate-limiting rules based on organization-defined types of DoS attacks on impacted network interfaces.[39m

[36m```[39m
[36mNew:[39m
[36m```[39m
[36mConfigure Amazon Linux 2023 to use the AWS ALB rate limiting feature using its built-in rate limiting capabilities. This allows the user to set rate limits at the ALB level, which will apply to all traffic passing through the load balancer.[39m

[36m```[39m
[36m---[39m
[36mSV-274184:[39m
[36mOld: [39m
[36m```[39m
[36mIf /proc/cpuinfo shows that one or more processors do not enable ExecShield (lack the "nx" feature flag), verify that the NX/XD feature is not disabled in the BIOS or UEFI. If it is disabled, enable it.[39m

[36mIf the noexec option is present on the kernel command line, update the GRUB 2 bootloader configuration to remove it by running the following command:[39m

[36m$ sudo grubby --update-kernel=ALL --remove-args=noexec[39m

[36m```[39m
[36mNew:[39m
[36m```[39m
[36mConfigure Amazon Linux 2023 NX support to be enabled by opening a support case via the AWS Console to investigate why NX support is not detected.[39m

[36m```[39m
[36m---[39m
[36mSV-274185:[39m
[36mOld: [39m
[36m```[39m
[36mConfigure RHEL 9 to remove all software components after updated versions have been installed.[39m

[36mEdit the file /etc/dnf/dnf.conf by adding or editing the following line:[39m

[36m clean_requirements_on_remove=True[39m

[36m```[39m
[36mNew:[39m
[36m```[39m
[36mConfigure Amazon Linux 2023 to remove all software components after updated versions have been installed.[39m

[36mSet the "clean_requirements_on_remove" option to "1" in the "/etc/dnf/dnf.conf" file:[39m

[36mclean_requirements_on_remove=1[39m

[36m```[39m
[36m---[39m
[36mSV-274186:[39m
[36mOld: [39m
[36m```[39m
[36mConfigure RHEL 9 to include the use of the pam_faillock.so module in the /etc/pam.d/system-auth file.[39m

[36mIf PAM is managed with authselect, enable the feature with the following command:[39m

[36m$ sudo authselect enable-feature with-faillock[39m

[36mOtherwise, add/modify the appropriate sections of the "/etc/pam.d/system-auth" file to match the following lines:[39m
[36mNote: The "preauth" line must be listed before pam_unix.so.[39m

[36mauth required pam_faillock.so preauth[39m
[36mauth required pam_faillock.so authfail[39m
[36maccount required pam_faillock.so[39m

[36m```[39m
[36mNew:[39m
[36m```[39m
[36mConfigure Amazon Linux 2023 to include the use of the pam_faillock.so module in the /etc/pam.d/system-auth file.[39m

[36mAdd/modify the appropriate sections of the "/etc/pam.d/system-auth" file to match the following lines:[39m
[36mNote: The "preauth" line must be listed before pam_unix.so.[39m

[36mauth required pam_faillock.so preauth[39m
[36mauth required pam_faillock.so authfail[39m
[36maccount required pam_faillock.so[39m

[36m```[39m
[36m---[39m
[36mSV-274187:[39m
[36mOld: [39m
[36m```[39m
[36mConfigure RHEL 9 auditing to prevent modification of login UIDs once they are set by adding the following line to /etc/audit/rules.d/audit.rules:[39m

[36m--loginuid-immutable[39m

[36mThe audit daemon must be restarted for the changes to take effect.[39m

[36m```[39m
[36mNew:[39m
[36m```[39m
[36mConfigure Amazon Linux 2023 auditing to prevent modification of login UIDs once they are set by adding the following line to /etc/audit/rules.d/audit.rules:[39m

[36m--loginuid-immutable[39m

[36mTo load the rules to the kernel immediately, use the following command: [39m

[36m$ sudo augenrules --load[39m

[36m```[39m
[36m---[39m
[36mSV-283440:[39m
[36mOld: [39m
[36m```[39m
[36mConfigure BIND to use the system crypto policy.[39m

[36mAdd the following line to the "options" section in "/etc/named.conf":[39m

[36minclude "/etc/crypto-policies/back-ends/bind.config";[39m

[36m```[39m
[36mNew:[39m
[36m```[39m
[36mConfigure Amazon Linux 2023 so that BIND uses the system crypto policy.[39m

[36mAdd the following line to the "options" section in "/etc/named.conf":[39m

[36minclude "/etc/crypto-policies/back-ends/bind.config";[39m

[36m```[39m
[36m---[39m
[36mSV-283441:[39m
[36mOld: [39m
[36m```[39m
[36mConfigure Libreswan to use the system cryptographic policy.[39m

[36mAdd the following line to "/etc/ipsec.conf":[39m

[36minclude /etc/crypto-policies/back-ends/libreswan.config[39m

[36m```[39m
[36mNew:[39m
[36m```[39m
[36mConfigure the Amazon Linux 2023 to implement FIPS mode with the following command:[39m

[36m$ sudo fips-mode-setup --enable[39m

[36mTo ensure the kernel enables FIPS mode for early boot, "fips=1" must be added to the grub config:[39m
[36m$ sudo grubby --update-kernel=ALL --args="fips=1"[39m

[36mVerify the setting with the following command:[39m
[36m$ cat /proc/cmdline[39m
[36mBOOT_IMAGE=(hd0,gpt2)/vmlinuz-5.14.0-570.21.1.el9_6.x86_64 root=/dev/mapper/rhel-root ro resume=/dev/mapper/rhel-swap rd.luks.uuid=luks-cd37eb8d-a2c3-4671-96ee-1e6a3a681561 rd.lvm.lv=rhel/root rd.lvm.lv=rhel/swap rhgb quiet fips=1 boot=UUID=acbbb4ee-adc0-4cb2-9546-afab857b8849 audit_backlog_limit=8192 crashkernel=1G-4G:192M,4G-64G:256M,64G-:512M[39m

[36mReboot the system for the changes to take effect.[39m

[36m```[39m
[36m---[39m
[36mSV-283442:[39m
[36mOld: [39m
[36m```[39m
[36mConfigure the SSH client to use only ciphers employing FIPS 140-3 approved algorithms.[39m

[36mReinstall crypto-policies with the following command:[39m

[36m$ sudo dnf -y reinstall crypto-policies[39m

[36mSet the crypto-policy to FIPS with the following command:[39m

[36m$ sudo update-crypto-policies --set FIPS[39m

[36mSetting system policy to FIPS[39m

[36mNote: Systemwide crypto policies are applied on application startup. It is recommended to restart the system for the change of policies to fully take place.[39m

[36m```[39m
[36mNew:[39m
[36m```[39m
[36mConfigure the Amazon Linux 2023 SSH client to use only ciphers employing FIPS 140-3-approved algorithms.[39m

[36mReinstall crypto-policies with the following command:[39m

[36m$ sudo dnf -y reinstall crypto-policies[39m

[36mSet the crypto-policy to FIPS with the following command:[39m

[36m$ sudo update-crypto-policies --set FIPS[39m

[36mSetting system policy to FIPS[39m

[36mNote: Systemwide crypto policies are applied on application startup. It is recommended to restart the system for the change of policies to fully take place.[39m

[36m```[39m
[36m---[39m
[36mSV-283443:[39m
[36mOld: [39m
[36m```[39m
[36mConfigure the SSH client to use only MACs employing FIPS 140-3 approved algorithms.[39m

[36mReinstall crypto-policies with the following command:[39m

[36m$ sudo dnf -y reinstall crypto-policies[39m

[36mSet the crypto-policy to FIPS with the following command:[39m

[36m$ sudo update-crypto-policies --set FIPS[39m

[36mSetting system policy to FIPS[39m

[36mNote: Systemwide crypto policies are applied on application startup. It is recommended to restart the system for the change of policies to fully take place.[39m

[36m```[39m
[36mNew:[39m
[36m```[39m
[36mConfigure the Amazon Linux 2023 SSH client to use only MACs employing FIPS 140-3-approved algorithms.[39m

[36mReinstall crypto-policies with the following command:[39m

[36m$ sudo dnf -y reinstall crypto-policies[39m

[36mSet the crypto-policy to FIPS with the following command:[39m

[36m$ sudo update-crypto-policies --set FIPS[39m

[36mSetting system policy to FIPS[39m

[36mNote: Systemwide crypto policies are applied on application startup. It is recommended to restart the system for the change of policies to fully take place.[39m

[36m```[39m
[36m---[39m
[36mSV-283452:[39m
[36mOld: [39m
[36m```[39m
[36mConfigure RHEL 9 to use a FIPS 140-3-compliant systemwide cryptographic policy.[39m

[36mCreate a subpolicy for enhancements to the base systemwide crypto-policy by creating the file /etc/crypto-policies/policies/modules/STIG.pmod with the following content:[39m

[36m# Define ciphers and MACs for OpenSSH and libssh[39m
[36mcipher@SSH=AES-256-GCM AES-256-CTR AES-128-GCM AES-128-CTR[39m
[36mmac@SSH=HMAC-SHA2-512 HMAC-SHA2-256[39m

[36mApply the policy enhancements to the FIPS systemwide cryptographic policy level with the following command:[39m

[36m$ sudo update-crypto-policies --set FIPS:STIG[39m

[36mNote: If additional subpolicies are being employed, they must be added to the update-crypto-policies command.[39m

[36mTo make the cryptographic settings effective for already running services and applications, restart the system:[39m

[36m$ sudo reboot[39m

[36m```[39m
[36mNew:[39m
[36m```[39m
[36mConfigure Amazon Linux 2023 to use a FIPS 140-2/140-3 compliant systemwide cryptographic policy.[39m
[36m [39m
[36mCreate subpolicies for enhancements to the systemwide crypto-policy with the following commands:[39m
[36m [39m
[36mCreate or edit the SCOPES-AND-WILDCARDS policy module in a text editor and insert options that modify the systemwide cryptographic policy as follows:[39m
[36m$ sudo vi /etc/crypto-policies/policies/modules/SCOPES-AND-WILDCARDS.pmod[39m
[36m [39m
[36mAdd the following lines to the policy:[39m
[36m# Disable CHACHA20-POLY1305 for the TLS protocol (OpenSSL, GnuTLS, NSS, and OpenJDK)[39m
[36mcipher@TLS = -CHACHA20-POLY1305[39m
[36m [39m
[36m# Disable all CBC mode ciphers for the SSH protocol (libssh and OpenSSH)[39m
[36mcipher@SSH = -*-CBC[39m
[36m [39m
[36mCreate or edit the OPENSSH-SUBPOLICY module in a text editor and insert options that modify the systemwide crypto-policy as follows:[39m
[36m$ sudo vi /etc/crypto-policies/policies/modules/OPENSSH-SUBPOLICY.pmod[39m
[36m [39m
[36mAdd the following lines to the policy:[39m
[36m# Define ciphers for OpenSSH[39m
[36mcipher@SSH=AES-256-GCM AES-128-GCM AES-256-CTR AES-128-CTR[39m
[36m [39m
[36m# Define MACs for OpenSSH[39m
[36mmac@SSH=HMAC-SHA2-512 HMAC-SHA2-256[39m
[36m [39m
[36mCreate or edit the REQUIRE.pmod file and add the following lines to include the subpolicies in the FIPS configuration with the following command:[39m

[36m$ sudo vi /etc/crypto-policies/policies/modules/REQUIRE.pmod[39m
[36m [39m
[36mAdd the following lines to REQUIRE.pmod:[39m
[36m@OPENSSH-SUBPOLICY[39m
[36m@SCOPES-AND-WILDCARDS[39m
[36m [39m
[36mApply the policy enhancements to the FIPS systemwide cryptographic policy level with the following command:[39m
[36m [39m
[36m$ sudo update-crypto-policies --set FIPS[39m

[36mNote: If additional subpolicies are being employed, they should be added to the REQUIRE.pmod as well. REQUIRE.pmod is included in the systemwide crypto-policy when it is set.[39m
[36m [39m
[36mTo make the cryptographic settings effective for already running services and applications, restart the system:[39m
[36m$ sudo reboot[39m

[36m```[39m
[36m---[39m
[36m</details>[39m

[36m### Updated Impacts[39m
[36m<details open>[39m
[36m  <summary>Click to expand.</summary>[39m
[36mSV-273994:[39m
[36mOld: 0[39m
[36mNew: 0.7[39m
[36m---[39m
[36mSV-274004:[39m
[36mOld: 0[39m
[36mNew: 0.5[39m
[36m---[39m
[36mSV-274018:[39m
[36mOld: 0.3[39m
[36mNew: 0.5[39m
[36m---[39m
[36mSV-274034:[39m
[36mOld: 0[39m
[36mNew: 0.5[39m
[36m---[39m
[36mSV-274036:[39m
[36mOld: 0[39m
[36mNew: 0.5[39m
[36m---[39m
[36mSV-274038:[39m
[36mOld: 0.5[39m
[36mNew: 0.7[39m
[36m---[39m
[36mSV-274039:[39m
[36mOld: 0.5[39m
[36mNew: 0.7[39m
[36m---[39m
[36mSV-274040:[39m
[36mOld: 0.5[39m
[36mNew: 0.7[39m
[36m---[39m
[36mSV-274042:[39m
[36mOld: 0.5[39m
[36mNew: 0.7[39m
[36m---[39m
[36mSV-274043:[39m
[36mOld: 0.5[39m
[36mNew: 0.7[39m
[36m---[39m
[36mSV-274046:[39m
[36mOld: 0.5[39m
[36mNew: 0.7[39m
[36m---[39m
[36mSV-274048:[39m
[36mOld: 0.7[39m
[36mNew: 0.5[39m
[36m---[39m
[36mSV-274050:[39m
[36mOld: 0[39m
[36mNew: 0.5[39m
[36m---[39m
[36mSV-274057:[39m
[36mOld: 0[39m
[36mNew: 0.7[39m
[36m---[39m
[36mSV-274064:[39m
[36mOld: 0[39m
[36mNew: 0.5[39m
[36m---[39m
[36mSV-274080:[39m
[36mOld: 0.5[39m
[36mNew: 0.3[39m
[36m---[39m
[36mSV-274157:[39m
[36mOld: 0[39m
[36mNew: 0.5[39m
[36m---[39m
[36mSV-274158:[39m
[36mOld: 0.3[39m
[36mNew: 0.5[39m
[36m---[39m
[36mSV-274168:[39m
[36mOld: 0.3[39m
[36mNew: 0.5[39m
[36m---[39m
[36mSV-274181:[39m
[36mOld: 0[39m
[36mNew: 0.5[39m
[36m---[39m
[36mSV-274185:[39m
[36mOld: 0.3[39m
[36mNew: 0.5[39m
[36m---[39m
[36mSV-283440:[39m
[36mOld: 0.5[39m
[36mNew: 0.7[39m
[36m---[39m
[36mSV-283441:[39m
[36mOld: 0.5[39m
[36mNew: 0.7[39m
[36m---[39m
[36mSV-283442:[39m
[36mOld: 0.5[39m
[36mNew: 0.7[39m
[36m---[39m
[36mSV-283443:[39m
[36mOld: 0.5[39m
[36mNew: 0.7[39m
[36m---[39m
[36mSV-283452:[39m
[36mOld: 0.5[39m
[36mNew: 0.7[39m
[36m---[39m
[36m</details>[39m

[36m### Updated Titles[39m
[36m<details>[39m
[36m  <summary>Click to expand.</summary>[39m
[36mSV-273994:[39m
[36mOld: RHEL 9 local disk partitions must implement cryptographic mechanisms to prevent unauthorized disclosure or modification of all information that requires at rest protection.[39m
[36mNew: Amazon Linux 2023 local disk partitions must implement cryptographic mechanisms to prevent unauthorized disclosure or modification of all information that requires at rest protection.[39m
[36m---[39m
[36mSV-273995:[39m
[36mOld: RHEL 9 must ensure cryptographic verification of vendor software packages.[39m
[36mNew: Amazon Linux 2023 must ensure cryptographic verification of vendor software packages.[39m
[36m---[39m
[36mSV-273996:[39m
[36mOld: RHEL 9 must check the GPG signature of locally installed software packages before installation.[39m
[36mNew: Amazon Linux 2023 must check the GPG signature of locally installed software packages before installation.[39m
[36m---[39m
[36mSV-273997:[39m
[36mOld: RHEL 9 must check the GPG signature of software packages originating from external software repositories before installation.[39m
[36mNew: Amazon Linux 2023 must check the GPG signature of software packages originating from external software repositories before installation.[39m
[36m---[39m
[36mSV-273998:[39m
[36mOld: RHEL 9 must have GPG signature verification enabled for all software repositories.[39m
[36mNew: Amazon Linux 2023 must have GPG signature verification enabled for all software repositories.[39m
[36m---[39m
[36mSV-273999:[39m
[36mOld: RHEL 9 must be a vendor-supported release.[39m
[36mNew: Amazon Linux 2023 must be a vendor-supported release.[39m
[36m---[39m
[36mSV-274000:[39m
[36mOld: RHEL 9 systemd-journald service must be enabled.[39m
[36mNew: Amazon Linux 2023 systemd-journald service must be enabled.[39m
[36m---[39m
[36mSV-274001:[39m
[36mOld: RHEL 9 must restrict access to the kernel message buffer.[39m
[36mNew: Amazon Linux 2023 must restrict access to the kernel message buffer.[39m
[36m---[39m
[36mSV-274002:[39m
[36mOld: RHEL 9 must prevent kernel profiling by nonprivileged users.[39m
[36mNew: Amazon Linux 2023 must prevent kernel profiling by nonprivileged users.[39m
[36m---[39m
[36mSV-274003:[39m
[36mOld: RHEL 9 must restrict exposed kernel pointer addresses access.[39m
[36mNew: Amazon Linux 2023 must restrict exposed kernel pointer addresses access.[39m
[36m---[39m
[36mSV-274004:[39m
[36mOld: RHEL 9 must disable access to network bpf system call from nonprivileged processes.[39m
[36mNew: Amazon Linux 2023 must disable access to network bpf system call from nonprivileged processes.[39m
[36m---[39m
[36mSV-274005:[39m
[36mOld: RHEL 9 must restrict usage of ptrace to descendant processes.[39m
[36mNew: Amazon Linux 2023 must restrict usage of ptrace to descendant processes.[39m
[36m---[39m
[36mSV-274006:[39m
[36mOld: RHEL 9 must implement address space layout randomization (ASLR) to protect its memory from unauthorized code execution.[39m
[36mNew: Amazon Linux 2023 must implement address space layout randomization (ASLR) to protect its memory from unauthorized code execution.[39m
[36m---[39m
[36mSV-274007:[39m
[36mOld: RHEL 9 must not have a File Transfer Protocol (FTP) server package installed.[39m
[36mNew: Amazon Linux 2023 must not have the vsftpd package installed.[39m
[36m---[39m
[36mSV-274008:[39m
[36mOld: RHEL 9 must not have the nfs-utils package installed.[39m
[36mNew: Amazon Linux 2023 must not have the sendmail package installed.[39m
[36m---[39m
[36mSV-274009:[39m
[36mOld: RHEL 9 must not have the ypserv package installed.[39m
[36mNew: Amazon Linux 2023 must not have the nfs-utils package installed.[39m
[36m---[39m
[36mSV-274010:[39m
[36mOld: RHEL 9 must not have the telnet-server package installed.[39m
[36mNew: Amazon Linux 2023 must not have the telnet-server package installed.[39m
[36m---[39m
[36mSV-274011:[39m
[36mOld: RHEL 9 must not install packages from the Extra Packages for Enterprise Linux (EPEL) repository.[39m
[36mNew: Amazon Linux 2023 must not have the gssproxy package installed.[39m
[36m---[39m
[36mSV-274012:[39m
[36mOld: RHEL 9 must have the sudo package installed.[39m
[36mNew: Amazon Linux 2023 must have the sudo package installed.[39m
[36m---[39m
[36mSV-274014:[39m
[36mOld: RHEL 9 must require reauthentication when using the &quot;sudo&quot; command.[39m
[36mNew: Amazon Linux 2023 must require reauthentication when using the &quot;sudo&quot; command.[39m
[36m---[39m
[36mSV-274015:[39m
[36mOld: RHEL 9 must require users to reauthenticate for privilege escalation.[39m
[36mNew: Amazon Linux 2023 must require users to reauthenticate for privilege escalation.[39m
[36m---[39m
[36mSV-274016:[39m
[36mOld: RHEL 9 must restrict privilege elevation to authorized personnel.[39m
[36mNew: Amazon Linux 2023 must require users to provide a password for privilege escalation.[39m
[36m---[39m
[36mSV-274017:[39m
[36mOld: RHEL 9 audit package must be installed.[39m
[36mNew: Amazon Linux 2023 must have the audit package installed.[39m
[36m---[39m
[36mSV-274018:[39m
[36mOld: RHEL 9 must enable auditing of processes that start prior to the audit daemon.[39m
[36mNew: Amazon Linux 2023 must produce audit records containing information to establish what type of events occurred.[39m
[36m---[39m
[36mSV-274019:[39m
[36mOld: RHEL 9 audispd-plugins package must be installed.[39m
[36mNew: Amazon Linux 2023 audispd-plugins package must be installed.[39m
[36m---[39m
[36mSV-274020:[39m
[36mOld: RHEL 9 must periodically flush audit records to disk to prevent the loss of audit records.[39m
[36mNew: Amazon Linux 2023 must have the rsyslog package installed.[39m
[36m---[39m
[36mSV-274021:[39m
[36mOld: All RHEL 9 remote access methods must be monitored.[39m
[36mNew: Amazon Linux 2023 must monitor remote access methods.[39m
[36m---[39m
[36mSV-274022:[39m
[36mOld: RHEL 9 must have the chrony package installed.[39m
[36mNew: Amazon Linux 2023 must have the chrony package installed.[39m
[36m---[39m
[36mSV-274023:[39m
[36mOld: RHEL 9 chronyd service must be enabled.[39m
[36mNew: Amazon Linux 2023 chronyd service must be enabled.[39m
[36m---[39m
[36mSV-274024:[39m
[36mOld: RHEL 9 must have the AIDE package installed.[39m
[36mNew: Amazon Linux 2023 must have the Advanced Intrusion Detection Environment (AIDE) package installed.[39m
[36m---[39m
[36mSV-274025:[39m
[36mOld: RHEL 9 must routinely check the baseline configuration for unauthorized changes and notify the system administrator when anomalies in the operation of any security functions are discovered.[39m
[36mNew: Amazon Linux 2023 must routinely check the baseline configuration for unauthorized changes and notify the system administrator (SA) when anomalies in the operation of any security functions are discovered.[39m
[36m---[39m
[36mSV-274026:[39m
[36mOld: RHEL 9 must use cryptographic mechanisms to protect the integrity of audit tools.[39m
[36mNew: Amazon Linux 2023 must use cryptographic mechanisms to protect the integrity of audit tools.[39m
[36m---[39m
[36mSV-274027:[39m
[36mOld: RHEL 9 must have the firewalld package installed.[39m
[36mNew: Amazon Linux 2023 must have the firewalld package installed.[39m
[36m---[39m
[36mSV-274028:[39m
[36mOld: The firewalld service on RHEL 9 must be active.[39m
[36mNew: Amazon Linux 2023 must have the firewalld service active.[39m
[36m---[39m
[36mSV-274031:[39m
[36mOld: RHEL 9 must have the s-nail package installed.[39m
[36mNew: Amazon Linux 2023 must have the s-nail package installed.[39m
[36m---[39m
[36mSV-274033:[39m
[36mOld: RHEL 9 must have policycoreutils package installed.[39m
[36mNew: Amazon Linux 2023 must have the policycoreutils package installed.[39m
[36m---[39m
[36mSV-274034:[39m
[36mOld: RHEL 9 must have the pcsc-lite package installed.[39m
[36mNew: Amazon Linux 2023 must have the pcsc-lite package installed.[39m
[36m---[39m
[36mSV-274035:[39m
[36mOld: RHEL 9 must use mechanisms meeting the requirements of applicable federal laws, executive orders, directives, policies, regulations, standards, and guidance for authentication to a cryptographic module.[39m
[36mNew: Amazon Linux 2023 must have the packages required for encrypting off-loaded audit logs installed.[39m
[36m---[39m
[36mSV-274036:[39m
[36mOld: RHEL 9 must have the opensc package installed.[39m
[36mNew: Amazon Linux 2023 must have the opensc package installed.[39m
[36m---[39m
[36mSV-274037:[39m
[36mOld: RHEL 9 must implement certificate status checking for multifactor authentication.[39m
[36mNew: Amazon Linux 2023 must have the openssl-pkcs11 package installed.[39m
[36m---[39m
[36mSV-274038:[39m
[36mOld: All RHEL 9 networked systems must have SSH installed.[39m
[36mNew: Amazon Linux 2023 must have SSH installed.[39m
[36m---[39m
[36mSV-274039:[39m
[36mOld: All RHEL 9 networked systems must have and implement SSH to protect the confidentiality and integrity of transmitted and received information, as well as information during preparation for transmission.[39m
[36mNew: Amazon Linux 2023 must implement SSH to protect the confidentiality and integrity of transmitted and received information, as well as information during preparation for transmission.[39m
[36m---[39m
[36mSV-274040:[39m
[36mOld: RHEL 9 must have the crypto-policies package installed.[39m
[36mNew: Amazon Linux 2023 must have the crypto-policies package installed.[39m
[36m---[39m
[36mSV-274042:[39m
[36mOld: The RHEL 9 SSH server must be configured to use only DOD-approved encryption ciphers employing FIPS 140-3 validated cryptographic hash algorithms to protect the confidentiality of SSH server connections.[39m
[36mNew: Amazon Linux 2023 server must be configured to use only DOD-approved encryption ciphers employing FIPS 140-2&#x2F;140-3 validated cryptographic hash algorithms to protect the confidentiality of SSH server connections.[39m
[36m---[39m
[36mSV-274043:[39m
[36mOld: The RHEL 9 SSH server must be configured to use only Message Authentication Codes (MACs) employing FIPS 140-3 validated cryptographic hash algorithms to protect the confidentiality of SSH server connections.[39m
[36mNew: Amazon Linux 2023 SSH server must be configured to use only Message Authentication Codes (MACs) employing FIPS 140-2&#x2F;140-3 validated cryptographic hash algorithms to protect the confidentiality of SSH server connections.[39m
[36m---[39m
[36mSV-274044:[39m
[36mOld: RHEL 9 SSH daemon must not allow GSSAPI authentication.[39m
[36mNew: Amazon Linux 2023 SSH daemon must not allow Generic Security Service Application Program Interface (GSSAPI) authentication.[39m
[36m---[39m
[36mSV-274045:[39m
[36mOld: RHEL 9 SSH daemon must not allow Kerberos authentication.[39m
[36mNew: Amazon Linux 2023 SSH daemon must not allow Kerberos authentication.[39m
[36m---[39m
[36mSV-274046:[39m
[36mOld: RHEL 9 must force a frequent session key renegotiation for SSH connections to the server.[39m
[36mNew: Amazon Linux 2023 must force a frequent session key renegotiation for SSH connections to the server.[39m
[36m---[39m
[36mSV-274047:[39m
[36mOld: RHEL 9 SSHD must accept public key authentication.[39m
[36mNew: Amazon Linux 2023 SSHD must accept public key authentication.[39m
[36m---[39m
[36mSV-274048:[39m
[36mOld: RHEL 9 SSHD must not allow blank passwords.[39m
[36mNew: Amazon Linux 2023 SSHD must not allow blank passwords.[39m
[36m---[39m
[36mSV-274049:[39m
[36mOld: RHEL 9 must not permit direct logons to the root account using remote access via SSH.[39m
[36mNew: Amazon Linux 2023 must not permit direct logons to the root account using remote access via SSH.[39m
[36m---[39m
[36mSV-274050:[39m
[36mOld: RHEL 9 must be configured so that all network connections associated with SSH traffic terminate after becoming unresponsive.[39m
[36mNew: Amazon Linux 2023 must be configured so that all network connections associated with SSH traffic are terminated after 10 minutes of becoming unresponsive.[39m
[36m---[39m
[36mSV-274052:[39m
[36mOld: RHEL 9 must enable the Pluggable Authentication Module (PAM) interface for SSHD.[39m
[36mNew: Amazon Linux 2023 must enable the Pluggable Authentication Module (PAM) interface for SSHD.[39m
[36m---[39m
[36mSV-274057:[39m
[36mOld: RHEL 9 must enable FIPS mode.[39m
[36mNew: Amazon Linux 2023 must enable FIPS mode.[39m
[36m---[39m
[36mSV-274058:[39m
[36mOld: RHEL 9 cryptographic policy must not be overridden.[39m
[36mNew: Amazon Linux 2023 crypto policy must not be overridden.[39m
[36m---[39m
[36mSV-274059:[39m
[36mOld: RHEL 9 must enable certificate based smart card authentication.[39m
[36mNew: Amazon Linux 2023 must enable certificate-based smart card authentication.[39m
[36m---[39m
[36mSV-274060:[39m
[36mOld: RHEL 9 must map the authenticated identity to the user or group account for PKI-based authentication.[39m
[36mNew: Amazon Linux 2023 must map the authenticated identity to the user or group account for PKI-based authentication.[39m
[36m---[39m
[36mSV-274062:[39m
[36mOld: RHEL 9 must prohibit the use of cached authenticators after one day.[39m
[36mNew: Amazon Linux 2023 must prohibit the use of cached authenticators after one day.[39m
[36m---[39m
[36mSV-274063:[39m
[36mOld: RHEL 9, for PKI-based authentication, must validate certificates by constructing a certification path (which includes status information) to an accepted trust anchor.[39m
[36mNew: Amazon Linux 2023, for PKI-based authentication, must validate certificates by constructing a certification path (which includes status information) to an accepted trust anchor.[39m
[36m---[39m
[36mSV-274064:[39m
[36mOld: RHEL 9, for PKI-based authentication, must enforce authorized access to the corresponding private key.[39m
[36mNew: Amazon Linux 2023, for PKI-based authentication, must enforce authorized access to the corresponding private key.[39m
[36m---[39m
[36mSV-274065:[39m
[36mOld: RHEL 9 must display the Standard Mandatory DOD Notice and Consent Banner before granting local or remote access to the system via a graphical user logon.[39m
[36mNew: Amazon Linux 2023 must display the Standard Mandatory DOD Notice and Consent Banner before granting local or remote access to the system.[39m
[36m---[39m
[36mSV-274066:[39m
[36mOld: RHEL 9 must display the Standard Mandatory DOD Notice and Consent Banner before granting local or remote access to the system via a SSH logon.[39m
[36mNew: Amazon Linux 2023 must display the Standard Mandatory DOD Notice and Consent Banner before granting local or remote access to the system via a SSH logon.[39m
[36m---[39m
[36mSV-274067:[39m
[36mOld: RHEL 9 must allocate audit record storage capacity to store at least one week&#39;s worth of audit records.[39m
[36mNew: Amazon Linux 2023 must allocate audit record storage capacity to store at least one week&#39;s worth of audit records, when audit records are not immediately sent to a central audit record storage facility.[39m
[36m---[39m
[36mSV-274068:[39m
[36mOld: RHEL 9 must use a separate file system for the system audit data path.[39m
[36mNew: Amazon Linux 2023 must use a separate file system for the system audit data path.[39m
[36m---[39m
[36mSV-274069:[39m
[36mOld: RHEL 9 must authenticate the remote logging server for offloading audit logs via rsyslog.[39m
[36mNew: Amazon Linux 2023 must label all off-loaded audit logs before sending them to the central log server.[39m
[36m---[39m
[36mSV-274070:[39m
[36mOld: RHEL 9 must take appropriate action when the internal event queue is full.[39m
[36mNew: Amazon Linux 2023 must take appropriate action when the internal event queue is full.[39m
[36m---[39m
[36mSV-274071:[39m
[36mOld: RHEL 9 must take action when allocated audit record storage volume reaches 75 percent of the repository maximum audit record storage capacity.[39m
[36mNew: Amazon Linux 2023 must take action when allocated audit record storage volume reaches 75 percent of the repository maximum audit record storage capacity.[39m
[36m---[39m
[36mSV-274073:[39m
[36mOld: RHEL 9 must take action when allocated audit record storage volume reaches 95 percent of the audit record storage capacity.[39m
[36mNew: Amazon Linux 2023 must take action when allocated audit record storage volume reaches 95 percent of the audit record storage capacity.[39m
[36m---[39m
[36mSV-274074:[39m
[36mOld: RHEL 9 must take action when allocated audit record storage volume reaches 95 percent of the repository maximum audit record storage capacity.[39m
[36mNew: Amazon Linux 2023 must take action when allocated audit record storage volume reaches 95 percent of the repository maximum audit record storage capacity.[39m
[36m---[39m
[36mSV-274075:[39m
[36mOld: RHEL 9 must notify the system administrator (SA) and information system security officer (ISSO) (at a minimum) when allocated audit record storage volume reaches 75 percent utilization.[39m
[36mNew: Amazon Linux 2023 must immediately notify the system administrator (SA) and information system security officer (ISSO), at a minimum, of an audit processing failure event.[39m
[36m---[39m
[36mSV-274077:[39m
[36mOld: RHEL 9 must have the rsyslog package installed.[39m
[36mNew: Amazon Linux 2023 must authenticate the remote logging server for off-loading audit logs via rsyslog.[39m
[36m---[39m
[36mSV-274079:[39m
[36mOld: RHEL 9 must be configured to forward audit records via TCP to a different system or media from the system being audited via rsyslog.[39m
[36mNew: Amazon Linux 2023 must encrypt via the gtls driver the transfer of audit records off-loaded onto a different system or media from the system being audited via rsyslog.[39m
[36m---[39m
[36mSV-274080:[39m
[36mOld: RHEL 9 must encrypt the transfer of audit records offloaded onto a different system or media from the system being audited via rsyslog.[39m
[36mNew: Amazon Linux 2023 must be configured to off-load audit records onto a different system from the system being audited via syslog.[39m
[36m---[39m
[36mSV-274081:[39m
[36mOld: RHEL 9 must generate audit records for all account creations, modifications, disabling, and termination events that affect &#x2F;etc&#x2F;sudoers.[39m
[36mNew: Amazon Linux 2023 must generate audit records for all account creations, modifications, disabling, and termination events that affect &#x2F;etc&#x2F;sudoers.[39m
[36m---[39m
[36mSV-274082:[39m
[36mOld: RHEL 9 must generate audit records for all account creations, modifications, disabling, and termination events that affect &#x2F;etc&#x2F;sudoers.d&#x2F; directory.[39m
[36mNew: Amazon Linux 2023 must generate audit records for all account creations, modifications, disabling, and termination events that affect &#x2F;etc&#x2F;sudoers.d&#x2F; directory.[39m
[36m---[39m
[36mSV-274083:[39m
[36mOld: RHEL 9 must generate audit records for all account creations, modifications, disabling, and termination events that affect &#x2F;etc&#x2F;group.[39m
[36mNew: Amazon Linux 2023 must generate audit records for all account creations, modifications, disabling, and termination events that affect &#x2F;etc&#x2F;group.[39m
[36m---[39m
[36mSV-274084:[39m
[36mOld: RHEL 9 must generate audit records for all account creations, modifications, disabling, and termination events that affect &#x2F;etc&#x2F;gshadow.[39m
[36mNew: Amazon Linux 2023 must generate audit records for all account creations, modifications, disabling, and termination events that affect &#x2F;etc&#x2F;gshadow.[39m
[36m---[39m
[36mSV-274085:[39m
[36mOld: RHEL 9 must generate audit records for all account creations, modifications, disabling, and termination events that affect &#x2F;etc&#x2F;opasswd.[39m
[36mNew: Amazon Linux 2023 must generate audit records for all account creations, modifications, disabling, and termination events that affect &#x2F;etc&#x2F;opasswd.[39m
[36m---[39m
[36mSV-274086:[39m
[36mOld: RHEL 9 must audit uses of the &quot;execve&quot; system call.[39m
[36mNew: Amazon Linux 2023 must audit uses of the &quot;execve&quot; system call.[39m
[36m---[39m
[36mSV-274087:[39m
[36mOld: RHEL 9 must audit all uses of the chmod, fchmod, and fchmodat system calls.[39m
[36mNew: Amazon Linux 2023 must audit all uses of the chmod, fchmod, and fchmodat system calls.[39m
[36m---[39m
[36mSV-274088:[39m
[36mOld: RHEL 9 must audit all uses of the chown, fchown, fchownat, and lchown system calls.[39m
[36mNew: Amazon Linux 2023 must audit all uses of the chown, fchown, fchownat, and lchown system calls.[39m
[36m---[39m
[36mSV-274089:[39m
[36mOld: RHEL 9 must audit all uses of the setxattr, fsetxattr, lsetxattr, removexattr, fremovexattr, and lremovexattr system calls.[39m
[36mNew: Amazon Linux 2023 must audit all uses of the setxattr, fsetxattr, lsetxattr, removexattr, fremovexattr, and lremovexattr system calls.[39m
[36m---[39m
[36mSV-274090:[39m
[36mOld: RHEL 9 must audit all uses of the truncate, ftruncate, creat, open, openat, and open_by_handle_at system calls.[39m
[36mNew: Amazon Linux 2023 must audit all uses of the truncate, ftruncate, creat, open, openat, and open_by_handle_at system calls.[39m
[36m---[39m
[36mSV-274091:[39m
[36mOld: RHEL 9 must audit all uses of the init_module and finit_module system calls.[39m
[36mNew: Amazon Linux 2023 must audit all uses of the init_module and finit_module system calls.[39m
[36m---[39m
[36mSV-274092:[39m
[36mOld: RHEL 9 must audit all uses of the delete_module system call.[39m
[36mNew: Amazon Linux 2023 must audit all uses of the create_module system call.[39m
[36m---[39m
[36mSV-274093:[39m
[36mOld: RHEL 9 must audit all uses of the kmod command.[39m
[36mNew: Amazon Linux 2023 must audit all uses of the kmod command.[39m
[36m---[39m
[36mSV-274094:[39m
[36mOld: RHEL 9 must audit all uses of the rename, unlink, rmdir, renameat, and unlinkat system calls.[39m
[36mNew: Amazon Linux 2023 must audit all uses of the rename, unlink, rmdir, renameat, and unlinkat system calls.[39m
[36m---[39m
[36mSV-274095:[39m
[36mOld: RHEL 9 must audit all uses of the chcon command.[39m
[36mNew: Amazon Linux 2023 must audit all uses of the chcon command.[39m
[36m---[39m
[36mSV-274096:[39m
[36mOld: RHEL 9 must generate audit records for all account creations, modifications, disabling, and termination events that affect &#x2F;var&#x2F;log&#x2F;faillock.[39m
[36mNew: Amazon Linux 2023 must generate audit records for all account creations, modifications, disabling, and termination events that affect &#x2F;var&#x2F;log&#x2F;faillock.[39m
[36m---[39m
[36mSV-274097:[39m
[36mOld: RHEL 9 must generate audit records for all account creations, modifications, disabling, and termination events that affect &#x2F;var&#x2F;log&#x2F;lastlog.[39m
[36mNew: Amazon Linux 2023 must generate audit records for all account creations, modifications, disabling, and termination events that affect &#x2F;var&#x2F;log&#x2F;lastlog.[39m
[36m---[39m
[36mSV-274098:[39m
[36mOld: Successful&#x2F;unsuccessful uses of the init command in RHEL 9 must generate an audit record.[39m
[36mNew: Amazon Linux 2023 must audit all uses of the init command.[39m
[36m---[39m
[36mSV-274099:[39m
[36mOld: Successful&#x2F;unsuccessful uses of the reboot command in RHEL 9 must generate an audit record.[39m
[36mNew: Amazon Linux 2023 must audit all uses of the reboot command.[39m
[36m---[39m
[36mSV-274100:[39m
[36mOld: Successful&#x2F;unsuccessful uses of the shutdown command in RHEL 9 must generate an audit record.[39m
[36mNew: Amazon Linux 2023 must audit all uses of the shutdown command.[39m
[36m---[39m
[36mSV-274101:[39m
[36mOld: RHEL 9 audit tools must have a mode of 0755 or less permissive.[39m
[36mNew: Amazon Linux 2023 audit tools must have a mode of &quot;0755&quot; or less permissive.[39m
[36m---[39m
[36mSV-274102:[39m
[36mOld: RHEL 9 audit tools must be owned by root.[39m
[36mNew: Amazon Linux 2023 audit tools must be owned by root.[39m
[36m---[39m
[36mSV-274103:[39m
[36mOld: RHEL 9 audit tools must be group-owned by root.[39m
[36mNew: Amazon Linux 2023 audit tools must be group-owned by root.[39m
[36m---[39m
[36mSV-274105:[39m
[36mOld: RHEL 9 must audit all uses of the chage command.[39m
[36mNew: Amazon Linux 2023 must audit all successful&#x2F;unsuccessful uses of the chage command.[39m
[36m---[39m
[36mSV-274107:[39m
[36mOld: RHEL 9 must encrypt via the gtls driver the transfer of audit records offloaded onto a different system or media from the system being audited via rsyslog.[39m
[36mNew: Amazon Linux 2023 must off-load audit records onto a different system in the event the audit storage volume is full.[39m
[36m---[39m
[36mSV-274108:[39m
[36mOld: RHEL 9 audit logs must be group-owned by root or by a restricted logging group to prevent unauthorized read access.[39m
[36mNew: Amazon Linux 2023 audit logs must be group-owned by root or by a restricted logging group to prevent unauthorized read access.[39m
[36m---[39m
[36mSV-274109:[39m
[36mOld: RHEL 9 audit log directory must be owned by root to prevent unauthorized read access.[39m
[36mNew: Amazon Linux 2023 audit log directory must be owned by root to prevent unauthorized read access.[39m
[36m---[39m
[36mSV-274110:[39m
[36mOld: RHEL 9 audit logs file must have mode 0600 or less permissive to prevent unauthorized access to the audit log.[39m
[36mNew: Amazon Linux 2023 audit logs file must have mode &quot;0600&quot; or less permissive to prevent unauthorized access to the audit log.[39m
[36m---[39m
[36mSV-274111:[39m
[36mOld: RHEL 9 must allow only the information system security manager (ISSM) (or individuals or roles appointed by the ISSM) to select which auditable events are to be audited.[39m
[36mNew: Amazon Linux 2023 must allow only the information system security manager (ISSM) (or individuals or roles appointed by the ISSM) to select which auditable events are to be audited.[39m
[36m---[39m
[36mSV-274112:[39m
[36mOld: RHEL 9 must audit all uses of the sudo command.[39m
[36mNew: Amazon Linux 2023 must audit all uses of the sudo command.[39m
[36m---[39m
[36mSV-274113:[39m
[36mOld: RHEL 9 must generate audit records for all account creations, modifications, disabling, and termination events that affect &#x2F;etc&#x2F;passwd.[39m
[36mNew: Amazon Linux 2023 must generate audit records for all account creations, modifications, disabling, and termination events that affect &#x2F;etc&#x2F;passwd.[39m
[36m---[39m
[36mSV-274114:[39m
[36mOld: RHEL 9 must generate audit records for all account creations, modifications, disabling, and termination events that affect &#x2F;etc&#x2F;shadow.[39m
[36mNew: Amazon Linux 2023 must generate audit records for all account creations, modifications, disabling, and termination events that affect &#x2F;etc&#x2F;shadow.[39m
[36m---[39m
[36mSV-274115:[39m
[36mOld: RHEL 9 must produce audit records containing information to establish the identity of any individual or process associated with the event.[39m
[36mNew: Amazon Linux 2023 must produce audit records containing information to establish the identity of any individual or process associated with the event.[39m
[36m---[39m
[36mSV-274116:[39m
[36mOld: RHEL 9 &#x2F;var&#x2F;log directory must be group-owned by root.[39m
[36mNew: Amazon Linux 2023 audit logs must be group-owned by root or by a restricted logging group to prevent unauthorized read access.[39m
[36m---[39m
[36mSV-274117:[39m
[36mOld: RHEL 9 &#x2F;var&#x2F;log directory must be owned by root.[39m
[36mNew: Amazon Linux 2023 must ensure the audit log directory be owned by root to prevent unauthorized read access.[39m
[36m---[39m
[36mSV-274119:[39m
[36mOld: RHEL 9 library directories must be group-owned by root or a system account.[39m
[36mNew: Amazon Linux 2023 library directories must be group-owned by root or a system account.[39m
[36m---[39m
[36mSV-274120:[39m
[36mOld: RHEL 9 library directories must have mode 755 or less permissive.[39m
[36mNew: Amazon Linux 2023 library directories must have mode &quot;755&quot; or less permissive.[39m
[36m---[39m
[36mSV-274121:[39m
[36mOld: RHEL 9 library files must have mode 755 or less permissive.[39m
[36mNew: Amazon Linux 2023 library files must have mode &quot;755&quot; or less permissive.[39m
[36m---[39m
[36mSV-274122:[39m
[36mOld: RHEL 9 library files must be owned by root.[39m
[36mNew: Amazon Linux 2023 library files must be owned by root.[39m
[36m---[39m
[36mSV-274123:[39m
[36mOld: RHEL 9 library files must be group-owned by root or a system account.[39m
[36mNew: Amazon Linux 2023 library files must be group-owned by root or a system account.[39m
[36m---[39m
[36mSV-274124:[39m
[36mOld: RHEL 9 library directories must be owned by root.[39m
[36mNew: Amazon Linux 2023 library directories must be owned by root.[39m
[36m---[39m
[36mSV-274125:[39m
[36mOld: RHEL 9 &#x2F;var&#x2F;log directory must have mode 0755 or less permissive.[39m
[36mNew: Amazon Linux 2023 must ensure the &#x2F;var&#x2F;log directory have mode &quot;0755&quot; or less permissive.[39m
[36m---[39m
[36mSV-274128:[39m
[36mOld: RHEL 9 &#x2F;var&#x2F;log&#x2F;messages file must have mode 0640 or less permissive.[39m
[36mNew: Amazon Linux 2023 must ensure the &#x2F;var&#x2F;log&#x2F;messages file have mode &quot;0640&quot; or less permissive.[39m
[36m---[39m
[36mSV-274129:[39m
[36mOld: RHEL 9 &#x2F;var&#x2F;log&#x2F;messages file must be group-owned by root.[39m
[36mNew: Amazon Linux 2023 must ensure the &#x2F;var&#x2F;log&#x2F;messages file be group-owned by root.[39m
[36m---[39m
[36mSV-274130:[39m
[36mOld: RHEL 9 &#x2F;var&#x2F;log&#x2F;messages file must be owned by root.[39m
[36mNew: Amazon Linux 2023 must ensure the &#x2F;var&#x2F;log&#x2F;messages file be owned by root.[39m
[36m---[39m
[36mSV-274131:[39m
[36mOld: RHEL 9 system commands must be owned by root.[39m
[36mNew: Amazon Linux 2023 system commands must be owned by root.[39m
[36m---[39m
[36mSV-274132:[39m
[36mOld: RHEL 9 system commands must be group-owned by root or a system account.[39m
[36mNew: Amazon Linux 2023 system commands must be group-owned by root or a system account.[39m
[36m---[39m
[36mSV-274133:[39m
[36mOld: RHEL 9 must enforce password complexity by requiring that at least one uppercase character be used.[39m
[36mNew: Amazon Linux 2023 must enforce password complexity by requiring that at least one uppercase character be used.[39m
[36m---[39m
[36mSV-274134:[39m
[36mOld: RHEL 9 must enforce password complexity by requiring that at least one lowercase character be used.[39m
[36mNew: Amazon Linux 2023 must enforce password complexity by requiring that at least one lowercase character be used.[39m
[36m---[39m
[36mSV-274135:[39m
[36mOld: RHEL 9 must enforce password complexity by requiring that at least one numeric character be used.[39m
[36mNew: Amazon Linux 2023 must enforce password complexity by requiring that at least one numeric character be used.[39m
[36m---[39m
[36mSV-274136:[39m
[36mOld: RHEL 9 must require the change of at least eight characters when passwords are changed.[39m
[36mNew: Amazon Linux 2023 must require the change of at least 50 percent of the total number of characters when passwords are changed.[39m
[36m---[39m
[36mSV-274137:[39m
[36mOld: RHEL 9 passwords must be created with a minimum of 15 characters.[39m
[36mNew: Amazon Linux 2023 must enforce a minimum 15-character password length.[39m
[36m---[39m
[36mSV-274138:[39m
[36mOld: RHEL 9 must enforce password complexity by requiring that at least one special character be used.[39m
[36mNew: Amazon Linux 2023 must enforce password complexity by requiring that at least one special character be used.[39m
[36m---[39m
[36mSV-274139:[39m
[36mOld: RHEL 9 must enforce password complexity rules for the root account.[39m
[36mNew: Amazon Linux 2023 must enforce password complexity rules for the root account.[39m
[36m---[39m
[36mSV-274140:[39m
[36mOld: RHEL 9 must prevent the use of dictionary words for passwords.[39m
[36mNew: Amazon Linux 2023 must prevent the use of dictionary words for passwords.[39m
[36m---[39m
[36mSV-274141:[39m
[36mOld: RHEL 9 must limit the number of concurrent sessions to ten for all accounts and&#x2F;or account types.[39m
[36mNew: Amazon Linux 2023 must limit the number of concurrent sessions to ten for all accounts and&#x2F;or account types.[39m
[36m---[39m
[36mSV-274142:[39m
[36mOld: RHEL 9 must automatically exit interactive command shell user sessions after 10 minutes of inactivity.[39m
[36mNew: Amazon Linux 2023 must automatically exit interactive command shell user sessions after 15 minutes of inactivity.[39m
[36m---[39m
[36mSV-274143:[39m
[36mOld: RHEL 9 passwords must have a 24 hours minimum password lifetime restriction in &#x2F;etc&#x2F;shadow.[39m
[36mNew: Amazon Linux 2023 must enforce 24 hours&#x2F;1 day as the minimum password lifetime.[39m
[36m---[39m
[36mSV-274144:[39m
[36mOld: RHEL 9 must enforce a delay of at least four seconds between logon prompts following a failed logon attempt.[39m
[36mNew: Amazon Linux 2023 must enforce a delay of at least four seconds between logon prompts following a failed logon attempt.[39m
[36m---[39m
[36mSV-274145:[39m
[36mOld: RHEL 9 must define default permissions for all authenticated users in such a way that the user can only read and modify their own files.[39m
[36mNew: Amazon Linux 2023 must define default permissions for all authenticated users in such a way that the user can only read and modify their own files.[39m
[36m---[39m
[36mSV-274147:[39m
[36mOld: RHEL 9 must log username information when unsuccessful logon attempts occur.[39m
[36mNew: Amazon Linux 2023 must automatically lock an account when three unsuccessful logon attempts occur.[39m
[36m---[39m
[36mSV-274148:[39m
[36mOld: RHEL 9 user account passwords must have a 60-day maximum password lifetime restriction.[39m
[36mNew: Amazon Linux 2023 must be able to enforce a 60-day maximum password lifetime restriction.[39m
[36m---[39m
[36mSV-274149:[39m
[36mOld: RHEL 9 must disable account identifiers (individuals, groups, roles, and devices) after 35 days of inactivity.[39m
[36mNew: Amazon Linux 2023 must disable account identifiers (individuals, groups, roles, and devices) after 35 days of inactivity.[39m
[36m---[39m
[36mSV-274150:[39m
[36mOld: RHEL 9 must automatically expire temporary accounts within 72 hours.[39m
[36mNew: Amazon Linux 2023 must automatically expire temporary accounts within 72 hours.[39m
[36m---[39m
[36mSV-274152:[39m
[36mOld: RHEL 9 must enable the SELinux targeted policy.[39m
[36mNew: Amazon Linux 2023 must enable the SELinux targeted policy.[39m
[36m---[39m
[36mSV-274153:[39m
[36mOld: RHEL 9 must use a Linux Security Module configured to enforce limits on system services.[39m
[36mNew: Amazon Linux 2023 must use a Linux Security Module configured to enforce limits on system services.[39m
[36m---[39m
[36mSV-274154:[39m
[36mOld: RHEL 9 must automatically lock an account when three unsuccessful logon attempts occur.[39m
[36mNew: Amazon Linux 2023 must automatically lock an account when three unsuccessful logon attempts occur.[39m
[36m---[39m
[36mSV-274155:[39m
[36mOld: RHEL 9 must automatically lock the root account until the root account is released by an administrator when three unsuccessful logon attempts occur during a 15-minute time period.[39m
[36mNew: Amazon Linux 2023 must automatically lock the root account until the root account is released by an administrator when three unsuccessful logon attempts occur during a 15-minute time period.[39m
[36m---[39m
[36mSV-274156:[39m
[36mOld: RHEL 9 must maintain an account lock until the locked account is released by an administrator.[39m
[36mNew: Amazon Linux 2023 must automatically lock an account until the locked account is released by an administrator when three unsuccessful logon attempts in 15 minutes occur.[39m
[36m---[39m
[36mSV-274157:[39m
[36mOld: RHEL 9 must automatically lock an account when three unsuccessful logon attempts occur during a 15-minute time period.[39m
[36mNew: Amazon Linux 2023 must maintain an account lock until the locked account is released by an administrator.[39m
[36m---[39m
[36mSV-274158:[39m
[36mOld: RHEL 9 must disable network management of the chrony daemon.[39m
[36mNew: Amazon Linux 2023 must be configured to prohibit or restrict the use of functions, ports, protocols, and&#x2F;or services, as defined in the Ports, Protocols, and Services Management Category Assurance List (PPSM CAL) and vulnerability assessments.[39m
[36m---[39m
[36mSV-274159:[39m
[36mOld: RHEL 9 duplicate User IDs (UIDs) must not exist for interactive users.[39m
[36mNew: Amazon Linux 2023 must insure all interactive users have a primary group that exists.[39m
[36m---[39m
[36mSV-274160:[39m
[36mOld: All RHEL 9 interactive users must have a primary group that exists.[39m
[36mNew: Amazon Linux 2023 must ensure all interactive users have unique User IDs (UIDs).[39m
[36m---[39m
[36mSV-274161:[39m
[36mOld: RHEL 9 must ensure the password complexity module is enabled in the password-auth file.[39m
[36mNew: Amazon Linux 2023 must ensure the password complexity module is enabled in the password-auth file.[39m
[36m---[39m
[36mSV-274162:[39m
[36mOld: RHEL 9 password-auth must be configured to use a sufficient number of hashing rounds.[39m
[36mNew: Amazon Linux 2023 password-auth must be configured to use a sufficient number of hashing rounds.[39m
[36m---[39m
[36mSV-274163:[39m
[36mOld: RHEL 9 system-auth must be configured to use a sufficient number of hashing rounds.[39m
[36mNew: Amazon Linux 2023 system-auth must be configured to use a sufficient number of hashing rounds.[39m
[36m---[39m
[36mSV-274165:[39m
[36mOld: A sticky bit must be set on all RHEL 9 public directories.[39m
[36mNew: Amazon Linux 2023 must ensure all world-writable directories be owned by root, sys, bin, or an application user.[39m
[36m---[39m
[36mSV-274166:[39m
[36mOld: RHEL 9 must terminate idle user sessions.[39m
[36mNew: Amazon Linux 2023 must terminate idle user sessions.[39m
[36m---[39m
[36mSV-274167:[39m
[36mOld: RHEL 9 must audit all uses of the chacl command.[39m
[36mNew: Amazon Linux 2023 must enable auditing of processes that start prior to the audit daemon.[39m
[36m---[39m
[36mSV-274168:[39m
[36mOld: RHEL 9 must allocate an audit_backlog_limit of sufficient size to capture processes that start prior to the audit daemon.[39m
[36mNew: Amazon Linux 2023 must allocate an audit_backlog_limit of sufficient size to capture processes that start prior to the audit daemon.[39m
[36m---[39m
[36mSV-274169:[39m
[36mOld: RHEL 9 must enable kernel parameters to enforce discretionary access control (DAC) on hardlinks.[39m
[36mNew: Amazon Linux 2023 must enable discretionary access control on hardlinks.[39m
[36m---[39m
[36mSV-274170:[39m
[36mOld: RHEL 9 must enable kernel parameters to enforce discretionary access (DAC) control on symlinks.[39m
[36mNew: Amazon Linux 2023 must enable kernel parameters to enforce discretionary access control on symlinks.[39m
[36m---[39m
[36mSV-274173:[39m
[36mOld: RHEL 9 debug-shell systemd service must be disabled.[39m
[36mNew: Amazon Linux 2023 debug-shell systemd service must be disabled.[39m
[36m---[39m
[36mSV-274175:[39m
[36mOld: RHEL 9 must securely compare internal information system clocks at least every 24 hours.[39m
[36mNew: Amazon Linux 2023 must synchronize internal information system clocks to the authoritative time source at least every 24 hours.[39m
[36m---[39m
[36mSV-274177:[39m
[36mOld: RHEL 9 subscription-manager package must be installed.[39m
[36mNew: Amazon Linux 2023 must prevent the loading of a new kernel for later execution.[39m
[36m---[39m
[36mSV-274178:[39m
[36mOld: RHEL 9 must prevent device files from being interpreted on file systems that contain user home directories.[39m
[36mNew: Amazon Linux 2023 must prevent files with the setuid and setgid bit set from being executed on the &#x2F;boot&#x2F;efi directory.[39m
[36m---[39m
[36mSV-274179:[39m
[36mOld: RHEL 9 must mount &#x2F;dev&#x2F;shm with the nodev option.[39m
[36mNew: Amazon Linux 2023 must mount &#x2F;dev&#x2F;shm with the nodev option.[39m
[36m---[39m
[36mSV-274180:[39m
[36mOld: RHEL 9 must mount &#x2F;dev&#x2F;shm with the nosuid option.[39m
[36mNew: Amazon Linux 2023 must mount &#x2F;dev&#x2F;shm with the nosuid option.[39m
[36m---[39m
[36mSV-274181:[39m
[36mOld: The pcscd service on RHEL 9 must be active.[39m
[36mNew: Amazon Linux 2023 must ensure the pcscd service is active.[39m
[36m---[39m
[36mSV-274182:[39m
[36mOld: RHEL 9 must block unauthorized peripherals before establishing a connection.[39m
[36mNew: Amazon Linux 2023 file system automount function must be disabled unless required.[39m
[36m---[39m
[36mSV-274183:[39m
[36mOld: RHEL 9 must protect against or limit the effects of denial-of-service (DoS) attacks by ensuring rate-limiting measures on impacted network interfaces are implemented.[39m
[36mNew: Amazon Linux 2023 must protect against or limit the effects of denial-of-service (DoS) attacks by ensuring rate-limiting measures are configured on impacted network interfaces.[39m
[36m---[39m
[36mSV-274184:[39m
[36mOld: RHEL 9 must implement nonexecutable data to protect its memory from unauthorized code execution.[39m
[36mNew: Amazon Linux 2023 must implement nonexecutable data to protect its memory from unauthorized code execution.[39m
[36m---[39m
[36mSV-274185:[39m
[36mOld: RHEL 9 must remove all software components after updated versions have been installed.[39m
[36mNew: Amazon Linux 2023 must remove all software components after updated versions have been installed.[39m
[36m---[39m
[36mSV-274186:[39m
[36mOld: RHEL 9 must configure the use of the pam_faillock.so module in the &#x2F;etc&#x2F;pam.d&#x2F;system-auth file.[39m
[36mNew: Amazon Linux 2023 must configure the use of the pam_faillock.so module in the &#x2F;etc&#x2F;pam.d&#x2F;system-auth file.[39m
[36m---[39m
[36mSV-274187:[39m
[36mOld: RHEL 9 audit system must protect logon UIDs from unauthorized change.[39m
[36mNew: Amazon Linux 2023 audit system must protect logon user identifiers (UIDs) from unauthorized change.[39m
[36m---[39m
[36mSV-283440:[39m
[36mOld: RHEL 9 must implement DOD-approved encryption in the bind package.[39m
[36mNew: Amazon Linux 2023 must implement DOD-approved encryption in the bind package.[39m
[36m---[39m
[36mSV-283441:[39m
[36mOld: RHEL 9 IP tunnels must use FIPS 140-3 approved cryptographic algorithms.[39m
[36mNew: Amazon Linux 2023 must enable FIPS mode.[39m
[36m---[39m
[36mSV-283442:[39m
[36mOld: The RHEL 9 SSH client must be configured to use only DOD-approved encryption ciphers employing FIPS 140-3 validated cryptographic hash algorithms to protect the confidentiality of SSH client connections.[39m
[36mNew: The Amazon Linux 2023 SSH client must be configured to use only DOD-approved encryption ciphers employing FIPS 140-3-validated cryptographic hash algorithms to protect the confidentiality of SSH client connections.[39m
[36m---[39m
[36mSV-283443:[39m
[36mOld: The RHEL 9 SSH client must be configured to use only DOD-approved Message Authentication Codes (MACs) employing FIPS 140-3 validated cryptographic hash algorithms to protect the confidentiality of SSH client connections.[39m
[36mNew: The Amazon Linux 2023 SSH client must be configured to use only DOD-approved Message Authentication Codes (MACs) employing FIPS 140-3-validated cryptographic hash algorithms to protect the confidentiality of SSH client connections.[39m
[36m---[39m
[36mSV-283452:[39m
[36mOld: RHEL 9 must implement a FIPS 140-3-compliant systemwide cryptographic policy.[39m
[36mNew: Amazon Linux 2023 must implement a FIPS 140-2&#x2F;140-3 compliant systemwide cryptographic policy.[39m
[36m---[39m
[36m</details>[39m

[36m### Updated Descriptions[39m
[36m<details>[39m
[36m  <summary>Click to expand.</summary>[39m
[36mSV-273994:[39m
[36mOld:[39m
[36m```[39m
[36mRHEL 9 systems handling data requiring "data at rest" protections must employ cryptographic mechanisms to prevent unauthorized disclosure and modification of the information at rest.[39m

[36mSelection of a cryptographic mechanism is based on the need to protect the integrity of organizational information. The strength of the mechanism is commensurate with the security category and/or classification of the information. Organizations have the flexibility to either encrypt all information on storage devices (i.e., full disk encryption) or encrypt specific data structures (e.g., files, records, or fields).[39m

[36m```[39m
[36mNew:[39m
[36m```[39m
[36mInformation at rest refers to the state of information when it is located on a secondary storage device (e.g., disk drive and tape drive, when used for backups) within an operating system.[39m

[36mThis requirement addresses protection of user-generated data, as well as operating system-specific configuration data. Organizations may choose to employ different mechanisms to achieve confidentiality and integrity protections, as appropriate, in accordance with the security category and/or classification of the information.[39m



[36m```[39m
[36m---[39m
[36mSV-273995:[39m
[36mOld:[39m
[36m```[39m
[36mCryptographic verification of vendor software packages ensures that all software packages are obtained from a valid source and protects against spoofing that could lead to installation of malware on the system. Red Hat cryptographically signs all software packages, which includes updates, with a GPG key to verify that they are valid.[39m

[36m```[39m
[36mNew:[39m
[36m```[39m
[36mCryptographic verification of vendor software packages ensures that all software packages are obtained from a valid source and protects against spoofing that could lead to installation of malware on the system. Amazon Linux cryptographically signs all software packages, which includes updates, with a GPG key to Verify they are valid.[39m

[36m```[39m
[36m---[39m
[36mSV-273996:[39m
[36mOld:[39m
[36m```[39m
[36mChanges to any software components can have significant effects on the overall security of the operating system. This requirement ensures the software has not been tampered with and that it has been provided by a trusted vendor.[39m

[36mAll software packages must be signed with a cryptographic key recognized and approved by the organization.[39m

[36mVerifying the authenticity of software prior to installation validates the integrity of the software package received from a vendor. This verifies the software has not been tampered with and that it has been provided by a trusted vendor.[39m

[36m```[39m
[36mNew:[39m
[36m```[39m
[36mChanges to any software components can have significant effects on the overall security of Amazon Linux 2023. This requirement ensures the software has not been tampered with and that it has been provided by a trusted vendor.[39m

[36mAll software packages must be signed with a cryptographic key recognized and approved by the organization.[39m

[36mVerifying the authenticity of software prior to installation validates the integrity of the software package received from a vendor. This verifies the software has not been tampered with and that it has been provided by a trusted vendor.[39m

[36m```[39m
[36m---[39m
[36mSV-273997:[39m
[36mOld:[39m
[36m```[39m
[36mChanges to any software components can have significant effects on the overall security of the operating system. This requirement ensures the software has not been tampered with and that it has been provided by a trusted vendor.[39m

[36mAll software packages must be signed with a cryptographic key recognized and approved by the organization.[39m

[36mVerifying the authenticity of software prior to installation validates the integrity of the software package received from a vendor. This verifies the software has not been tampered with and that it has been provided by a trusted vendor.[39m

[36m```[39m
[36mNew:[39m
[36m```[39m
[36mChanges to any software components can have significant effects on the overall security of Amazon Linux 2023. This requirement ensures the software has not been tampered with and that it has been provided by a trusted vendor.[39m

[36mAll software packages must be signed with a cryptographic key recognized and approved by the organization.[39m

[36mVerifying the authenticity of software prior to installation validates the integrity of the software package received from a vendor. This verifies the software has not been tampered with and that it has been provided by a trusted vendor.[39m

[36m```[39m
[36m---[39m
[36mSV-273998:[39m
[36mOld:[39m
[36m```[39m
[36mChanges to any software components can have significant effects on the overall security of the operating system. This requirement ensures the software has not been tampered with and that it has been provided by a trusted vendor.[39m

[36mAll software packages must be signed with a cryptographic key recognized and approved by the organization.[39m

[36mVerifying the authenticity of software prior to installation validates the integrity of the software package received from a vendor. This verifies the software has not been tampered with and that it has been provided by a trusted vendor.[39m

[36m```[39m
[36mNew:[39m
[36m```[39m
[36mChanges to any software components can have significant effects on the overall security of Amazon Linux 2023. This requirement ensures the software has not been tampered with and that it has been provided by a trusted vendor.[39m

[36mAll software packages must be signed with a cryptographic key recognized and approved by the organization.[39m

[36mVerifying the authenticity of software prior to installation validates the integrity of the software package received from a vendor. This verifies the software has not been tampered with and that it has been provided by a trusted vendor.[39m

[36m```[39m
[36m---[39m
[36mSV-273999:[39m
[36mOld:[39m
[36m```[39m
[36mAn operating system release is considered "supported" if the vendor continues to provide security patches for the product. With an unsupported release, it will not be possible to resolve security issues discovered in the system software.[39m

[36mEnd Of Life dates for Red Hat Linux 9 releases are as follows:[39m
[36mCurrent end of Full Support for Red Hat Linux 9 is 31 May 2027.[39m
[36mCurrent end of Maintenance Support for Red Hat Linux 9 is 31 May 3032.[39m
[36mCurrent end of Extended Life Cycle Support (ELS) for Red Hat Linux 9 is 31 May 2035.[39m

[36m```[39m
[36mNew:[39m
[36m```[39m
[36m<packagename> To get information on all currently installed packages, use:[39m
[36m$ sudo dnf supportinfo --show installed<#text> An operating system release is considered "supported" if the vendor continues to provide security patches for the product. With an unsupported release, it will not be possible to resolve security issues discovered in the system software. Amazon Linux 2023 (AL2023) was released in March 2023 and will be supported until June 30, 2029. [39m

[36mStandard support ends June 30, 2027.[39m
[36mMaintenance (security and critical fixes only) ends June 30, 2029.[39m

[36mTo check the support status and dates of individual packages, use the following command:[39m
[36m$ sudo dnf supportinfo --pkg[39m

[36m```[39m
[36m---[39m
[36mSV-274000:[39m
[36mOld:[39m
[36m```[39m
[36mIn the event of a system failure, RHEL 9 must preserve any information necessary to determine cause of failure and any information necessary to return to operations with least disruption to system processes.[39m

[36m```[39m
[36mNew:[39m
[36m```[39m
[36mFailure to a known state can address safety or security in accordance with the mission/business needs of the organization. Failure to a known secure state helps prevent a loss of confidentiality, integrity, or availability in the event of a failure of the information system or a component of the system. [39m

[36mPreserving operating system state information helps to facilitate operating system restart and return to the operational mode of the organization with least disruption to mission/business processes.[39m

[36m```[39m
[36m---[39m
[36mSV-274001:[39m
[36mOld:[39m
[36m```[39m
[36mPreventing unauthorized information transfers mitigates the risk of information, including encrypted representations of information, produced by the actions of prior users/roles (or the actions of processes acting on behalf of prior users/roles) from being available to any current users/roles (or current processes) that obtain access to shared system resources (e.g., registers, main memory, hard disks) after those resources have been released back to information systems. The control of information in shared resources is also commonly referred to as object reuse and residual information protection.[39m

[36mThis requirement generally applies to the design of an information technology product, but it can also apply to the configuration of particular information system components that are, or use, such products. This can be verified by acceptance/validation processes in DOD or other government agencies.[39m

[36mThere may be shared resources with configurable protections (e.g., files in storage) that may be assessed on specific information system components.[39m

[36mRestricting access to the kernel message buffer limits access to only root. This prevents attackers from gaining additional system information as a nonprivileged user.[39m

[36mThe sysctl --system command will load settings from all system configuration files. All configuration files are sorted by their filename in lexicographical order, regardless of the directories in which they reside. If multiple files specify the same option, the entry in the file with the lexicographically latest name will take precedence. Files are read from directories in the following list from top to bottom. Once a file of a given filename is loaded, any file of the same name in subsequent directories is ignored.[39m

[36m/etc/sysctl.d/*.conf[39m
[36m/run/sysctl.d/*.conf[39m
[36m/usr/local/lib/sysctl.d/*.conf[39m
[36m/usr/lib/sysctl.d/*.conf[39m
[36m/lib/sysctl.d/*.conf[39m
[36m/etc/sysctl.conf[39m

[36m```[39m
[36mNew:[39m
[36m```[39m
[36mPreventing unauthorized information transfers mitigates the risk of information, including encrypted representations of information, produced by the actions of prior users/roles (or the actions of processes acting on behalf of prior users/roles) from being available to any current users/roles (or current processes) that obtain access to shared system resources (e.g., registers, main memory, hard disks) after those resources have been released back to information systems. The control of information in shared resources is also commonly referred to as object reuse and residual information protection.[39m

[36mThis requirement generally applies to the design of an information technology product, but it can also apply to the configuration of particular information system components that are, or use, such products. This can be verified by acceptance/validation processes in DOD or other government agencies.[39m

[36mThere may be shared resources with configurable protections (e.g., files in storage) that may be assessed on specific information system components.[39m

[36mRestricting access to the kernel message buffer limits access to only root. This prevents attackers from gaining additional system information as a nonprivileged user.[39m



[36m```[39m
[36m---[39m
[36mSV-274002:[39m
[36mOld:[39m
[36m```[39m
[36mPreventing unauthorized information transfers mitigates the risk of information, including encrypted representations of information, produced by the actions of prior users/roles (or the actions of processes acting on behalf of prior users/roles) from being available to any current users/roles (or current processes) that obtain access to shared system resources (e.g., registers, main memory, hard disks) after those resources have been released back to information systems. The control of information in shared resources is also commonly referred to as object reuse and residual information protection.[39m

[36mThis requirement generally applies to the design of an information technology product, but it can also apply to the configuration of particular information system components that are, or use, such products. This can be verified by acceptance/validation processes in DOD or other government agencies.[39m

[36mThere may be shared resources with configurable protections (e.g., files in storage) that may be assessed on specific information system components.[39m

[36mSetting the kernel.perf_event_paranoid kernel parameter to "2" prevents attackers from gaining additional system information as a nonprivileged user.[39m

[36mThe sysctl --system command will load settings from all system configuration files. All configuration files are sorted by their filename in lexicographical order, regardless of the directories in which they reside. If multiple files specify the same option, the entry in the file with the lexicographically latest name will take precedence. Files are read from directories in the following list from top to bottom. Once a file of a given filename is loaded, any file of the same name in subsequent directories is ignored.[39m

[36m/etc/sysctl.d/*.conf[39m
[36m/run/sysctl.d/*.conf[39m
[36m/usr/local/lib/sysctl.d/*.conf[39m
[36m/usr/lib/sysctl.d/*.conf[39m
[36m/lib/sysctl.d/*.conf[39m
[36m/etc/sysctl.conf[39m

[36m```[39m
[36mNew:[39m
[36m```[39m
[36mPreventing unauthorized information transfers mitigates the risk of information, including encrypted representations of information, produced by the actions of prior users/roles (or the actions of processes acting on behalf of prior users/roles) from being available to any current users/roles (or current processes) that obtain access to shared system resources (e.g., registers, main memory, hard disks) after those resources have been released back to information systems. The control of information in shared resources is also commonly referred to as object reuse and residual information protection.[39m

[36mThis requirement generally applies to the design of an information technology product, but it can also apply to the configuration of particular information system components that are, or use, such products. This can be verified by acceptance/validation processes in DOD or other government agencies.[39m

[36mThere may be shared resources with configurable protections (e.g., files in storage) that may be assessed on specific information system components.[39m

[36mSetting the kernel.perf_event_paranoid kernel parameter to "2" prevents attackers from gaining additional system information as a nonprivileged user.[39m



[36m```[39m
[36m---[39m
[36mSV-274003:[39m
[36mOld:[39m
[36m```[39m
[36mIt is detrimental for operating systems to provide, or install by default, functionality exceeding requirements or mission objectives. These unnecessary capabilities or services are often overlooked and therefore may remain unsecured. They increase the risk to the platform by providing additional attack vectors.[39m

[36mThe sysctl --system command will load settings from all system configuration files. All configuration files are sorted by their filename in lexicographical order, regardless of the directories in which they reside. If multiple files specify the same option, the entry in the file with the lexicographically latest name will take precedence. Files are read from directories in the following list from top to bottom. Once a file of a given filename is loaded, any file of the same name in subsequent directories is ignored.[39m

[36m/etc/sysctl.d/*.conf[39m
[36m/run/sysctl.d/*.conf[39m
[36m/usr/local/lib/sysctl.d/*.conf[39m
[36m/usr/lib/sysctl.d/*.conf[39m
[36m/lib/sysctl.d/*.conf[39m
[36m/etc/sysctl.conf[39m

[36m```[39m
[36mNew:[39m
[36m```[39m
[36mExposing kernel pointers (through procfs or "seq_printf()") exposes kernel writeable structures, which may contain functions pointers. If a write vulnerability occurs in the kernel, allowing write access to any of this structure, the kernel can be compromised. This option disallows any program without the CAP_SYSLOG capability to get the addresses of kernel pointers by replacing them with "0".[39m



[36m```[39m
[36m---[39m
[36mSV-274004:[39m
[36mOld:[39m
[36m```[39m
[36mIt is detrimental for operating systems to provide, or install by default, functionality exceeding requirements or mission objectives. These unnecessary capabilities or services are often overlooked and therefore, may remain unsecured. They increase the risk to the platform by providing additional attack vectors.[39m

[36mThe sysctl --system command will load settings from all system configuration files. All configuration files are sorted by their filename in lexicographical order, regardless of the directories in which they reside. If multiple files specify the same option, the entry in the file with the lexicographically latest name will take precedence. Files are read from directories in the following list from top to bottom. Once a file of a given filename is loaded, any file of the same name in subsequent directories is ignored.[39m

[36m/etc/sysctl.d/*.conf[39m
[36m/run/sysctl.d/*.conf[39m
[36m/usr/local/lib/sysctl.d/*.conf[39m
[36m/usr/lib/sysctl.d/*.conf[39m
[36m/lib/sysctl.d/*.conf[39m
[36m/etc/sysctl.conf[39m

[36m```[39m
[36mNew:[39m
[36m```[39m
[36mLoading and accessing the packet filters programs and maps using the bpf() system call has the potential of revealing sensitive information about the kernel state.[39m

[36m```[39m
[36m---[39m
[36mSV-274005:[39m
[36mOld:[39m
[36m```[39m
[36mIt is detrimental for operating systems to provide, or install by default, functionality exceeding requirements or mission objectives. These unnecessary capabilities or services are often overlooked and therefore, may remain unsecured. They increase the risk to the platform by providing additional attack vectors.[39m

[36mThe sysctl --system command will load settings from all system configuration files. All configuration files are sorted by their filename in lexicographic order, regardless of the directories in which they reside. If multiple files specify the same option, the entry in the file with the lexicographically latest name will take precedence. Files are read from directories in the following list from top to bottom. Once a file of a given filename is loaded, any file of the same name in subsequent directories is ignored.[39m

[36m/etc/sysctl.d/*.conf[39m
[36m/run/sysctl.d/*.conf[39m
[36m/usr/local/lib/sysctl.d/*.conf[39m
[36m/usr/lib/sysctl.d/*.conf[39m
[36m/lib/sysctl.d/*.conf[39m
[36m/etc/sysctl.conf[39m

[36m```[39m
[36mNew:[39m
[36m```[39m
[36mUnrestricted usage of ptrace allows compromised binaries to run ptrace on other processes of the user. Like this, the attacker can steal sensitive information from the target processes (e.g., SSH sessions, web browser, etc.) without any additional assistance from the user (i.e., without resorting to phishing).[39m

[36m```[39m
[36m---[39m
[36mSV-274006:[39m
[36mOld:[39m
[36m```[39m
[36mSome adversaries launch attacks with the intent of executing code in nonexecutable regions of memory or in memory locations that are prohibited. Security safeguards employed to protect memory include, for example, data execution prevention and address space layout randomization. Data execution prevention safeguards can be either hardware-enforced or software-enforced with hardware providing the greater strength of mechanism.[39m

[36mExamples of attacks are buffer overflow attacks.[39m

[36mThe sysctl --system command will load settings from all system configuration files. All configuration files are sorted by their filename in lexicographical order, regardless of the directories in which they reside. If multiple files specify the same option, the entry in the file with the lexicographically latest name will take precedence. Files are read from directories in the following list from top to bottom. Once a file of a given filename is loaded, any file of the same name in subsequent directories is ignored.[39m

[36m/etc/sysctl.d/*.conf[39m
[36m/run/sysctl.d/*.conf[39m
[36m/usr/local/lib/sysctl.d/*.conf[39m
[36m/usr/lib/sysctl.d/*.conf[39m
[36m/lib/sysctl.d/*.conf[39m
[36m/etc/sysctl.conf[39m

[36m```[39m
[36mNew:[39m
[36m```[39m
[36mASLR makes it more difficult for an attacker to predict the location of attack code they have introduced into a process' address space during an attempt at exploitation. Additionally, ASLR makes it more difficult for an attacker to know the location of existing code to repurpose it using return oriented programming (ROP) techniques.[39m

[36m```[39m
[36m---[39m
[36mSV-274007:[39m
[36mOld:[39m
[36m```[39m
[36mThe FTP service provides an unencrypted remote access that does not provide for the confidentiality and integrity of user passwords or the remote session. If a privileged user were to log on using this service, the privileged user password could be compromised. SSH or other encrypted file transfer methods must be used in place of this service.[39m

[36mRemoving the "vsftpd" package decreases the risk of accidental activation.[39m

[36mIf FTP is required for operational support (such as transmission of router configurations), its use must be documented with the information systems security manager (ISSM), restricted to only authorized personnel, and have access control rules established.[39m

[36m```[39m
[36mNew:[39m
[36m```[39m
[36mIt is detrimental for operating systems to provide, or install by default, functionality exceeding requirements or mission objectives. These unnecessary capabilities or services are often overlooked and therefore, may remain unsecured. They increase the risk to the platform by providing additional attack vectors.[39m

[36mOperating systems are capable of providing a variety of functions and services. Some of the functions and services, provided by default, may not be necessary to support essential organizational operations (e.g., key missions, functions).[39m

[36mExamples of nonessential capabilities include, but are not limited to, games, software packages, tools, and demonstration software, not related to requirements or providing a wide array of functionality not required for every mission, but which cannot be disabled.[39m



[36m```[39m
[36m---[39m
[36mSV-274008:[39m
[36mOld:[39m
[36m```[39m
[36m"nfs-utils" provides a daemon for the kernel NFS server and related tools. This package also contains the "showmount" program. "showmount" queries the mount daemon on a remote host for information about the Network File System (NFS) server on the remote host. For example, "showmount" can display the clients that are mounted on that host.[39m

[36m```[39m
[36mNew:[39m
[36m```[39m
[36mIt is detrimental for operating systems to provide, or install by default, functionality exceeding requirements or mission objectives. These unnecessary capabilities or services are often overlooked and therefore, may remain unsecured. They increase the risk to the platform by providing additional attack vectors.[39m

[36mOperating systems are capable of providing a variety of functions and services. Some of the functions and services, provided by default, may not be necessary to support essential organizational operations (e.g., key missions, functions).[39m

[36mExamples of nonessential capabilities include, but are not limited to, games, software packages, tools, and demonstration software, not related to requirements or providing a wide array of functionality not required for every mission, but which cannot be disabled.[39m

[36m```[39m
[36m---[39m
[36mSV-274009:[39m
[36mOld:[39m
[36m```[39m
[36mThe NIS service provides an unencrypted authentication service, which does not provide for the confidentiality and integrity of user passwords or the remote session.[39m

[36mRemoving the "ypserv" package decreases the risk of the accidental (or intentional) activation of NIS or NIS+ services.[39m

[36m```[39m
[36mNew:[39m
[36m```[39m
[36mIt is detrimental for operating systems to provide, or install by default, functionality exceeding requirements or mission objectives. These unnecessary capabilities or services are often overlooked and therefore, may remain unsecured. They increase the risk to the platform by providing additional attack vectors.[39m

[36mOperating systems are capable of providing a variety of functions and services. Some of the functions and services, provided by default, may not be necessary to support essential organizational operations (e.g., key missions, functions).[39m

[36mExamples of nonessential capabilities include, but are not limited to, games, software packages, tools, and demonstration software, not related to requirements or providing a wide array of functionality not required for every mission, but which cannot be disabled.[39m

[36m```[39m
[36m---[39m
[36mSV-274010:[39m
[36mOld:[39m
[36m```[39m
[36mIt is detrimental for operating systems to provide, or install by default, functionality exceeding requirements or mission objectives. These unnecessary capabilities are often overlooked and therefore, may remain unsecure. They increase the risk to the platform by providing additional attack vectors.[39m

[36mThe telnet service provides an unencrypted remote access service, which does not provide for the confidentiality and integrity of user passwords or the remote session. If a privileged user were to login using this service, the privileged user password could be compromised.[39m

[36mRemoving the "telnet-server" package decreases the risk of accidental (or intentional) activation of the telnet service.[39m

[36m```[39m
[36mNew:[39m
[36m```[39m
[36mIt is detrimental for operating systems to provide, or install by default, functionality exceeding requirements or mission objectives. These unnecessary capabilities or services are often overlooked and therefore, may remain unsecured. They increase the risk to the platform by providing additional attack vectors.[39m

[36mOperating systems are capable of providing a variety of functions and services. Some of the functions and services, provided by default, may not be necessary to support essential organizational operations (e.g., key missions, functions).[39m

[36mExamples of nonessential capabilities include, but are not limited to, games, software packages, tools, and demonstration software, not related to requirements or providing a wide array of functionality not required for every mission, but which cannot be disabled.[39m

[36m```[39m
[36m---[39m
[36mSV-274011:[39m
[36mOld:[39m
[36m```[39m
[36mThe EPEL is a repository of high-quality open-source packages for enterprise-class Linux distributions such as RHEL, CentOS, AlmaLinux, Rocky Linux, and Oracle Linux. These packages are not part of the official distribution but are built using the same Fedora build system to ensure compatibility and maintain quality standards.[39m

[36m```[39m
[36mNew:[39m
[36m```[39m
[36mIt is detrimental for operating systems to provide, or install by default, functionality exceeding requirements or mission objectives. These unnecessary capabilities or services are often overlooked and therefore may remain unsecured. They increase the risk to the platform by providing additional attack vectors.[39m

[36mOperating systems are capable of providing a variety of functions and services. Some of the functions and services, provided by default, may not be necessary to support essential organizational operations (e.g., key missions, functions).[39m

[36mExamples of nonessential capabilities include, but are not limited to, games, software packages, tools, and demonstration software, not related to requirements or providing a wide array of functionality not required for every mission, but which cannot be disabled.[39m

[36m```[39m
[36m---[39m
[36mSV-274012:[39m
[36mOld:[39m
[36m```[39m
[36m"sudo" is a program designed to allow a system administrator to give limited root privileges to users and log root activity. The basic philosophy is to give as few privileges as possible but still allow system users to get their work done.[39m

[36m```[39m
[36mNew:[39m
[36m```[39m
[36mThe "sudo" program is designed to allow a system administrator to give limited root privileges to users and log root activity. The basic philosophy is to give as few privileges as possible but still allow system users to get their work done.[39m

[36m```[39m
[36m---[39m
[36mSV-274014:[39m
[36mOld:[39m
[36m```[39m
[36mWithout reauthentication, users may access resources or perform tasks for which they do not have authorization.[39m

[36mWhen operating systems provide the capability to escalate a functional capability, it is critical the organization requires the user to reauthenticate when using the "sudo" command.[39m

[36mIf the value is set to an integer less than "0", the user's time stamp will not expire and the user will not have to reauthenticate for privileged actions until the user's session is terminated.[39m

[36m```[39m
[36mNew:[39m
[36m```[39m
[36mWithout reauthentication, users may access resources or perform tasks for which they do not have authorization.[39m

[36m```[39m
[36m---[39m
[36mSV-274015:[39m
[36mOld:[39m
[36m```[39m
[36mWithout reauthentication, users may access resources or perform tasks for which they do not have authorization.[39m

[36mWhen operating systems provide the capability to escalate a functional capability, it is critical that the user reauthenticate.[39m

[36m```[39m
[36mNew:[39m
[36m```[39m
[36mWithout reauthentication, users may access resources or perform tasks for which they do not have authorization.[39m

[36m```[39m
[36m---[39m
[36mSV-274016:[39m
[36mOld:[39m
[36m```[39m
[36mIf the "sudoers" file is not configured correctly, any user defined on the system can initiate privileged actions on the target system.[39m

[36m```[39m
[36mNew:[39m
[36m```[39m
[36mWithout reauthentication, users may access resources or perform tasks for which they do not have authorization.[39m

[36m```[39m
[36m---[39m
[36mSV-274017:[39m
[36mOld:[39m
[36m```[39m
[36mWithout establishing what type of events occurred, the source of events, where events occurred, and the outcome of events, it would be difficult to establish, correlate, and investigate the events leading up to an outage or attack.[39m

[36mAudit record content that may be necessary to satisfy this requirement includes, for example, time stamps, source and destination addresses, user/process identifiers, event descriptions, success/fail indications, filenames involved, and access control or flow control rules invoked.[39m

[36mAssociating event types with detected events in audit logs provides a means of investigating an attack, recognizing resource utilization or capacity thresholds, or identifying an improperly configured RHEL 9 system.[39m

[36m```[39m
[36mNew:[39m
[36m```[39m
[36mSuccessful incident response and auditing relies on timely, accurate system information and analysis to allow the organization to identify and respond to potential incidents in a proficient manner. If Amazon Linux 2023 does not provide the ability to centrally review Amazon Linux 2023 logs, forensic analysis is negatively impacted.[39m

[36mSegregation of logging data to multiple disparate computer systems is counterproductive and makes log analysis and log event alarming difficult to implement and manage, particularly when the system has multiple logging components writing to different locations or systems.[39m

[36mTo support the centralized capability, Amazon Linux 2023 must be able to provide the information in a format that can be extracted and used, allowing the application performing the centralization of the log records to meet this requirement.[39m



[36m```[39m
[36m---[39m
[36mSV-274018:[39m
[36mOld:[39m
[36m```[39m
[36mWithout the capability to generate audit records, it would be difficult to establish, correlate, and investigate the events relating to an incident or identify those responsible for one.[39m

[36mIf auditing is enabled late in the startup process, the actions of some startup processes may not be audited. Some audit systems also maintain state information only available if auditing is enabled before a given process is created.[39m

[36m```[39m
[36mNew:[39m
[36m```[39m
[36mWithout establishing what type of events occurred, it would be difficult to establish, correlate, and investigate the events leading up to an outage or attack.[39m

[36mAudit record content that may be necessary to satisfy this requirement includes, for example, time stamps, source and destination addresses, user/process identifiers, event descriptions, success/fail indications, filenames involved, and access control or flow control rules invoked.[39m

[36mAssociating event types with detected events in Amazon Linux 2023 audit logs provides a means of investigating an attack; recognizing resource utilization or capacity thresholds; or identifying an improperly configured operating system.[39m



[36m```[39m
[36m---[39m
[36mSV-274019:[39m
[36mOld:[39m
[36m```[39m
[36m"audispd-plugins" provides plugins for the real-time interface to the audit subsystem, "audispd". These plugins can do things like relay events to remote machines or analyze events for suspicious behavior.[39m

[36m```[39m
[36mNew:[39m
[36m```[39m
[36mThe "audispd-plugins" package provides plugins for the real-time interface to the audit subsystem, "audispd". These plugins can, for example, relay events to remote machines or analyze events for suspicious behavior.[39m

[36m```[39m
[36m---[39m
[36mSV-274020:[39m
[36mOld:[39m
[36m```[39m
[36mIf option "freq" is not set to a value that requires audit records being written to disk after a threshold number is reached, then audit records may be lost.[39m

[36m```[39m
[36mNew:[39m
[36m```[39m
[36mSuccessful incident response and auditing relies on timely, accurate system information and analysis allow the organization to identify and respond to potential incidents in a proficient manner. If Amazon Linux 2023 does not provide the ability to centrally review Amazon Linux 2023 logs, forensic analysis is negatively impacted.[39m

[36mSegregation of logging data to multiple disparate computer systems is counterproductive and makes log analysis and log event alarming difficult to implement and manage, particularly when the system has multiple logging components writing to different locations or systems.[39m

[36mTo support the centralized capability, Amazon Linux 2023 must be able to provide the information in a format that can be extracted and used, allowing the application performing the centralization of the log records to meet this requirement.[39m



[36m```[39m
[36m---[39m
[36mSV-274021:[39m
[36mOld:[39m
[36m```[39m
[36mLogging remote access methods can be used to trace the decrease in the risks associated with remote user access management. It can also be used to spot cyberattacks and ensure ongoing compliance with organizational policies surrounding the use of remote access methods.[39m

[36m```[39m
[36mNew:[39m
[36m```[39m
[36mRemote access services, such as those providing remote access to network devices and information systems, which lack automated monitoring capabilities, increase risk and make remote user access management difficult at best.[39m

[36m```[39m
[36m---[39m
[36mSV-274023:[39m
[36mOld:[39m
[36m```[39m
[36mInaccurate time stamps make it more difficult to correlate events and can lead to an inaccurate analysis. Determining the correct time a particular event occurred on a system is critical when conducting forensic analysis and investigating system events. Sources outside the configured acceptable allowance (drift) may be inaccurate.[39m

[36mSynchronizing internal information system clocks provides uniformity of time stamps for information systems with multiple system clocks and systems connected over a network.[39m

[36m```[39m
[36mNew:[39m
[36m```[39m
[36mInaccurate time stamps make it more difficult to correlate events and can lead to an inaccurate analysis. Determining the correct time a particular event occurred on a system is critical when conducting forensic analysis and investigating system events. Sources outside the configured acceptable allowance (drift) may be inaccurate.[39m

[36m```[39m
[36m---[39m
[36mSV-274024:[39m
[36mOld:[39m
[36m```[39m
[36m<path> [object Object]<#text> Without verification of the security functions, security functions may not operate correctly, and the failure may go unnoticed. Security function is defined as the hardware, software, and/or firmware of the information system responsible for enforcing the system security policy and supporting the isolation of code and data on which the protection is based. Security functionality includes, but is not limited to, establishing system accounts, configuring access authorizations (i.e., permissions, privileges), setting events to be audited, and setting intrusion detection parameters.[39m

[36mSelection lines in the aide.conf file determine which files and directories AIDE will monitor for changes. They follow this format:[39m

[36m```[39m
[36mNew:[39m
[36m```[39m
[36mIf security functions are not verified, they may not operate correctly and the failure may go unnoticed. Security function is defined as the hardware, software, and/or firmware of the information system responsible for enforcing the system security policy and supporting the isolation of code and data on which the protection is based. Security functionality includes, but is not limited to, establishing system accounts, configuring access authorizations (i.e., permissions, privileges), setting events to be audited, and setting intrusion detection parameters.[39m



[36m```[39m
[36m---[39m
[36mSV-274025:[39m
[36mOld:[39m
[36m```[39m
[36mUnauthorized changes to the baseline configuration could make the system vulnerable to various attacks or allow unauthorized access to the operating system. Changes to operating system configurations can have unintended side effects, some of which may be relevant to security.[39m

[36mDetecting such changes and providing an automated response can help avoid unintended, negative consequences that could ultimately affect the security state of the operating system. The operating system's information management officer (IMO)/information system security officer (ISSO) and system administrators (SAs) must be notified via email and/or monitoring system trap when there is an unauthorized modification of a configuration item.[39m

[36mNotifications provided by information systems include messages to local computer consoles, and/or hardware indications, such as lights.[39m

[36mThis capability must take into account operational requirements for availability for selecting an appropriate response. The organization may choose to shut down or restart the information system upon security function anomaly detection.[39m

[36m```[39m
[36mNew:[39m
[36m```[39m
[36mUnauthorized changes to the baseline configuration could make the system vulnerable to various attacks or allow unauthorized access to Amazon Linux 2023. Changes to operating system configurations can have unintended side effects, some of which may be relevant to security.[39m

[36mDetecting such changes and providing an automated response can help avoid unintended, negative consequences that could ultimately affect the security state of Amazon Linux 2023. Amazon Linux 2023's information management officer (IMO)/information system security officer (ISSO), and SAs must be notified via email and/or monitoring system trap when there is an unauthorized modification of a configuration item.[39m

[36mNotifications provided by information systems include messages to local computer consoles and/or hardware indications, such as lights.[39m

[36mThis must account for operational requirements for availability for selecting an appropriate response. The organization may choose to shut down or restart the information system upon detecting a security function anomaly.[39m

[36mIn Amazon Linux 2023, cronie is not included by default. Therefore, support for crontab is no longer provided by default. AWS recommends migrating to systemd timers for this functionality.[39m



[36m```[39m
[36m---[39m
[36mSV-274026:[39m
[36mOld:[39m
[36m```[39m
[36mProtecting the integrity of the tools used for auditing purposes is a critical step toward ensuring the integrity of audit information. Audit information includes all information (e.g., audit records, audit settings, and audit reports) needed to successfully audit information system activity.[39m

[36mAudit tools include, but are not limited to, vendor-provided and open-source audit tools needed to successfully view and manipulate audit information system activity and records. Audit tools include custom queries and report generators.[39m

[36mIt is not uncommon for attackers to replace the audit tools or inject code into the existing tools to provide the capability to hide or erase system activity from the audit logs.[39m

[36mTo address this risk, audit tools must be cryptographically signed to provide the capability to identify when the audit tools have been modified, manipulated, or replaced. An example is a checksum hash of the file or files.[39m

[36m```[39m
[36mNew:[39m
[36m```[39m
[36mProtecting the integrity of the tools used for auditing purposes is a critical step toward ensuring the integrity of audit information. Audit information includes all information (e.g., audit records, audit settings, and audit reports) needed to successfully audit information system activity.[39m

[36mAudit tools include, but are not limited to, vendor-provided and open-source audit tools needed to successfully view and manipulate audit information system activity and records. Audit tools include custom queries and report generators.[39m

[36mIt is not uncommon for attackers to replace the audit tools or inject code into the existing tools to provide the capability to hide or erase system activity from the audit logs.[39m

[36mTo address this risk, audit tools must be cryptographically signed to provide the capability to identify when the audit tools have been modified, manipulated, or replaced. An example is a checksum hash of the file or files.[39m



[36m```[39m
[36m---[39m
[36mSV-274027:[39m
[36mOld:[39m
[36m```[39m
[36m"Firewalld" provides an easy and effective way to block/limit remote access to the system via ports, services, and protocols.[39m

[36mRemote access services, such as those providing remote access to network devices and information systems, which lack automated control capabilities, increase risk and make remote user access management difficult at best.[39m

[36mRemote access is access to DOD nonpublic information systems by an authorized user (or an information system) communicating through an external, nonorganization-controlled network. Remote access methods include, for example, dial-up, broadband, and wireless.[39m

[36mRHEL 9 functionality (e.g., SSH) must be capable of taking enforcement action if the audit reveals unauthorized activity. Automated control of remote access sessions allows organizations to ensure ongoing compliance with remote access policies by enforcing connection rules of remote access applications on a variety of information system components (e.g., servers, workstations, notebook computers, smartphones, and tablets).[39m

[36m```[39m
[36mNew:[39m
[36m```[39m
[36mTo prevent unauthorized connection of devices, unauthorized transfer of information, or unauthorized tunneling (i.e., embedding of data types within data types), organizations must disable or restrict unused or unnecessary physical and logical ports/protocols on information systems.[39m

[36mOperating systems are capable of providing a wide variety of functions and services. Some of the functions and services provided by default may not be necessary to support essential organizational operations. Additionally, it is sometimes convenient to provide multiple services from a single component (e.g., VPN and IPS); however, doing so increases risk over limiting the services provided by any one component.[39m

[36mTo support the requirements and principles of least functionality, Amazon Linux 2023 must support the organizational requirements, providing only essential capabilities and limiting the use of ports, protocols, and/or services to only those required, authorized, and approved to conduct official business or to address authorized quality of life issues.[39m



[36m```[39m
[36m---[39m
[36mSV-274028:[39m
[36mOld:[39m
[36m```[39m
[36m"Firewalld" provides an easy and effective way to block/limit remote access to the system via ports, services, and protocols.[39m

[36mRemote access services, such as those providing remote access to network devices and information systems, which lack automated control capabilities, increase risk and make remote user access management difficult at best.[39m

[36mRemote access is access to DOD nonpublic information systems by an authorized user (or an information system) communicating through an external, non-organization-controlled network. Remote access methods include, for example, dial-up, broadband, and wireless.[39m

[36mRHEL 9 functionality (e.g., RDP) must be capable of taking enforcement action if the audit reveals unauthorized activity. Automated control of remote access sessions allows organizations to ensure ongoing compliance with remote access policies by enforcing connection rules of remote access applications on a variety of information system components (e.g., servers, workstations, notebook computers, smartphones, and tablets).[39m

[36m```[39m
[36mNew:[39m
[36m```[39m
[36mTo prevent unauthorized connection of devices, unauthorized transfer of information, or unauthorized tunneling (i.e., embedding of data types within data types), organizations must disable or restrict unused or unnecessary physical and logical ports/protocols on information systems.[39m

[36mOperating systems are capable of providing a variety of functions and services. Some of the functions and services provided by default may not be necessary to support essential organizational operations. Additionally, it is sometimes convenient to provide multiple services from a single component (e.g., VPN and IPS); however, doing so increases risk over limiting the services provided by any one component.[39m

[36mTo support the requirements and principles of least functionality, Amazon Linux 2023 must support the organizational requirements, providing only essential capabilities and limiting the use of ports, protocols, and/or services to only those required, authorized, and approved to conduct official business or to address authorized quality of life issues.[39m



[36m```[39m
[36m---[39m
[36mSV-274033:[39m
[36mOld:[39m
[36m```[39m
[36mWithout verification of the security functions, security functions may[39m
[36mnot operate correctly and the failure may go unnoticed. Security function is[39m
[36mdefined as the hardware, software, and/or firmware of the information system[39m
[36mresponsible for enforcing the system security policy and supporting the[39m
[36misolation of code and data on which the protection is based. Security[39m
[36mfunctionality includes, but is not limited to, establishing system accounts,[39m
[36mconfiguring access authorizations (i.e., permissions, privileges), setting[39m
[36mevents to be audited, and setting intrusion detection parameters.[39m

[36m    Policycoreutils contains the policy core utilities that are required for[39m
[36mbasic operation of an SELinux-enabled system. These utilities include[39m
[36mload_policy to load SELinux policies, setfile to label filesystems, newrole to[39m
[36mswitch roles, and run_init to run /etc/init.d scripts in the proper context.[39m

[36m```[39m
[36mNew:[39m
[36m```[39m
[36mAn isolation boundary provides access control and protects the integrity of the hardware, software, and firmware that perform security functions.[39m

[36mSecurity functions are the hardware, software, and/or firmware of the information system responsible for enforcing the system security policy and supporting the isolation of code and data on which the protection is based. Operating systems implement code separation (i.e., separation of security functions from nonsecurity functions) in a number of ways, including through the provision of security kernels via processor rings or processor modes. For nonkernel code, security function isolation is often achieved through file system protections that serve to protect the code on disk and address space protections that protect executing code.[39m

[36mDevelopers and implementers can increase the assurance in security functions by employing well-defined security policy models; structured, disciplined, and rigorous hardware and software development techniques; and sound system/security engineering principles. Implementation may include isolation of memory space and libraries. Operating systems restrict access to security functions through the use of access control mechanisms and by implementing least privilege capabilities.[39m

[36m```[39m
[36m---[39m
[36mSV-274035:[39m
[36mOld:[39m
[36m```[39m
[36mOverriding the system crypto policy makes the behavior of Kerberos violate expectations and makes system configuration more fragmented.[39m

[36m```[39m
[36mNew:[39m
[36m```[39m
[36mUnapproved mechanisms used for authentication to the cryptographic module are not verified and therefore, cannot be relied upon to provide confidentiality or integrity, and DOD data may be compromised.[39m

[36mOperating systems utilizing encryption are required to use FIPS-compliant mechanisms for authenticating to cryptographic modules. [39m

[36mFIPS 140-2/140-3 is the current standard for validating that mechanisms used to access cryptographic modules utilize authentication that meets DOD requirements. This allows for Security Levels 1, 2, 3, or 4 for use on a general purpose computing system.[39m

[36m```[39m
[36m---[39m
[36mSV-274036:[39m
[36mOld:[39m
[36m```[39m
[36mThe use of PIV credentials facilitates standardization and reduces the risk of unauthorized access.[39m

[36mThe DOD has mandated the use of the common access card (CAC) to support identity management and personal authentication for systems covered under Homeland Security Presidential Directive (HSPD) 12, as well as making the CAC a primary component of layered protection for national security systems.[39m

[36m```[39m
[36mNew:[39m
[36m```[39m
[36mThe use of PIV credentials facilitates standardization and reduces the risk of unauthorized access.[39m

[36mThe DOD has mandated the use of the Common Access Card (CAC) to support identity management and personal authentication for systems covered under Homeland Security Presidential Directive (HSPD) 12, as well as making the CAC a primary component of layered protection for national security systems.[39m



[36m```[39m
[36m---[39m
[36mSV-274037:[39m
[36mOld:[39m
[36m```[39m
[36mUsing an authentication device, such as a DOD common access card (CAC) or token that is separate from the information system, ensures that even if the information system is compromised, credentials stored on the authentication device will not be affected.[39m

[36mMultifactor solutions that require devices separate from information systems gaining access include, for example, hardware tokens providing time-based or challenge-response authenticators and smart cards such as the U.S. Government Personal Identity Verification (PIV) card and the DOD CAC.[39m

[36mRHEL 9 includes multiple options for configuring certificate status checking, but for this requirement focuses on the System Security Services Daemon (SSSD). By default, SSSD performs Online Certificate Status Protocol (OCSP) checking and certificate verification using a sha256 digest function.[39m

[36m```[39m
[36mNew:[39m
[36m```[39m
[36mWithout the use of multifactor authentication, the ease of access to privileged functions is greatly increased. Multifactor authentication requires using two or more factors to achieve authentication. A privileged account is defined as an information system account with authorizations of a privileged user. The DOD Common Access Card (CAC) with DOD-approved PKI is an example of multifactor authentication.[39m



[36m```[39m
[36m---[39m
[36mSV-274038:[39m
[36mOld:[39m
[36m```[39m
[36mWithout protection of the transmitted information, confidentiality and[39m
[36mintegrity may be compromised because unprotected communications can be[39m
[36mintercepted and either read or altered.[39m

[36m    This requirement applies to both internal and external networks and all[39m
[36mtypes of information system components from which information can be[39m
[36mtransmitted (e.g., servers, mobile devices, notebook computers, printers,[39m
[36mcopiers, scanners, and facsimile machines). Communication paths outside the[39m
[36mphysical protection of a controlled boundary are exposed to the possibility of[39m
[36minterception and modification.[39m

[36m    Protecting the confidentiality and integrity of organizational information[39m
[36mcan be accomplished by physical means (e.g., employing physical distribution[39m
[36msystems) or by logical means (e.g., employing cryptographic techniques). If[39m
[36mphysical means of protection are employed, then logical means (cryptography) do[39m
[36mnot have to be employed, and vice versa.[39m

[36m```[39m
[36mNew:[39m
[36m```[39m
[36mWithout protection of the transmitted information, confidentiality and integrity may be compromised because unprotected communications can be intercepted and either read or altered.[39m



[36m```[39m
[36m---[39m
[36mSV-274039:[39m
[36mOld:[39m
[36m```[39m
[36mWithout protection of the transmitted information, confidentiality and[39m
[36mintegrity may be compromised because unprotected communications can be[39m
[36mintercepted and either read or altered.[39m

[36m    This requirement applies to both internal and external networks and all[39m
[36mtypes of information system components from which information can be[39m
[36mtransmitted (e.g., servers, mobile devices, notebook computers, printers,[39m
[36mcopiers, scanners, and facsimile machines). Communication paths outside the[39m
[36mphysical protection of a controlled boundary are exposed to the possibility of[39m
[36minterception and modification.[39m

[36m    Protecting the confidentiality and integrity of organizational information[39m
[36mcan be accomplished by physical means (e.g., employing physical distribution[39m
[36msystems) or by logical means (e.g., employing cryptographic techniques). If[39m
[36mphysical means of protection are employed, then logical means (cryptography) do[39m
[36mnot have to be employed, and vice versa.[39m

[36m```[39m
[36mNew:[39m
[36m```[39m
[36mEncrypting information for transmission protects information from unauthorized disclosure and modification. Cryptographic mechanisms implemented to protect information integrity include, for example, cryptographic hash functions that have common application in digital signatures, checksums, and message authentication codes. [39m

[36mUse of this requirement will be limited to situations where the data owner has a strict requirement for ensuring data integrity and confidentiality is maintained at every step of the data transfer and handling process. When transmitting data, operating systems need to leverage transmission protection mechanisms such as TLS, SSL VPNs, or IPSec.[39m



[36m```[39m
[36m---[39m
[36mSV-274040:[39m
[36mOld:[39m
[36m```[39m
[36mCentralized cryptographic policies simplify applying secure ciphers across an operating system and the applications that run on that operating system. Use of weak or untested encryption algorithms undermines the purposes of using encryption to protect data.[39m

[36m```[39m
[36mNew:[39m
[36m```[39m
[36mCentralized cryptographic policies simplify applying secure ciphers across an operating system and the applications that run on that operating system. Use of weak or untested encryption algorithms undermines the purposes of utilizing encryption to protect data.[39m



[36m```[39m
[36m---[39m
[36mSV-274042:[39m
[36mOld:[39m
[36m```[39m
[36mWithout cryptographic integrity protections, information can be altered by unauthorized users without detection.[39m

[36mRemote access (e.g., RDP) is access to DOD nonpublic information systems by an authorized user (or an information system) communicating through an external, nonorganization-controlled network. Remote access methods include, for example, dial-up, broadband, and wireless.[39m

[36mCryptographic mechanisms used for protecting the integrity of information include, for example, signed hash functions using asymmetric cryptography enabling distribution of the public key to verify the hash information while maintaining the confidentiality of the secret key used to generate the hash.[39m

[36mRHEL 9 incorporates systemwide crypto policies by default. The SSH configuration file has no effect on the ciphers, MACs, or algorithms unless specifically defined in the /etc/sysconfig/sshd file. The employed algorithms can be viewed in the /etc/crypto-policies/back-ends/opensshserver.config file.[39m

[36m```[39m
[36mNew:[39m
[36m```[39m
[36mWithout cryptographic integrity protections, information can be altered by unauthorized users without detection.[39m

[36mRemote access (e.g., RDP) is access to DOD nonpublic information systems by an authorized user (or an information system) communicating through an external, nonorganization-controlled network. Remote access methods include, for example, dial-up, broadband, and wireless.[39m

[36mCryptographic mechanisms used for protecting the integrity of information include, for example, signed hash functions using asymmetric cryptography enabling distribution of the public key to verify the hash information while maintaining the confidentiality of the secret key used to generate the hash.[39m

[36mAmazon Server 2023 incorporates systemwide crypto policies by default. The SSH configuration file has no effect on the ciphers, MACs, or algorithms unless specifically defined in the /etc/sysconfig/sshd file. The employed algorithms can be viewed in the /etc/crypto-policies/back-ends/opensshserver.config file.[39m

[36m```[39m
[36m---[39m
[36mSV-274043:[39m
[36mOld:[39m
[36m```[39m
[36mWithout cryptographic integrity protections, information can be altered by unauthorized users without detection.[39m

[36mRemote access (e.g., RDP) is access to DOD nonpublic information systems by an authorized user (or an information system) communicating through an external, nonorganization-controlled network. Remote access methods include, for example, dial-up, broadband, and wireless.[39m

[36mCryptographic mechanisms used for protecting the integrity of information include, for example, signed hash functions using asymmetric cryptography enabling distribution of the public key to verify the hash information while maintaining the confidentiality of the secret key used to generate the hash.[39m

[36mRHEL 9 incorporates systemwide crypto policies by default. The SSH configuration file has no effect on the ciphers, MACs, or algorithms unless specifically defined in the /etc/sysconfig/sshd file. The employed algorithms can be viewed in the /etc/crypto-policies/back-ends/opensshserver.config file.[39m

[36m```[39m
[36mNew:[39m
[36m```[39m
[36mWithout cryptographic integrity protections, information can be altered by unauthorized users without detection.[39m

[36mRemote access (e.g., RDP) is access to DOD nonpublic information systems by an authorized user (or an information system) communicating through an external, nonorganization-controlled network. Remote access methods include, for example, dial-up, broadband, and wireless.[39m

[36mCryptographic mechanisms used for protecting the integrity of information include, for example, signed hash functions using asymmetric cryptography enabling distribution of the public key to verify the hash information while maintaining the confidentiality of the secret key used to generate the hash.[39m

[36mAmazon Linux 2023 incorporates systemwide crypto policies by default. The SSH configuration file has no effect on the ciphers, MACs, or algorithms unless specifically defined in the /etc/sysconfig/sshd file. The employed algorithms can be viewed in the /etc/crypto-policies/back-ends/opensshserver.config file.[39m

[36m```[39m
[36m---[39m
[36mSV-274044:[39m
[36mOld:[39m
[36m```[39m
[36mGeneric Security Service Application Program Interface (GSSAPI) authentication is used to provide additional authentication mechanisms to applications. Allowing GSSAPI authentication through SSH exposes the system's GSSAPI to remote hosts, increasing the attack surface of the system.[39m

[36m```[39m
[36mNew:[39m
[36m```[39m
[36mGSSAPI authentication is used to provide additional authentication mechanisms to applications. Allowing GSSAPI authentication through SSH exposes the system's GSSAPI to remote hosts, increasing the attack surface of the system.[39m

[36m```[39m
[36m---[39m
[36mSV-274046:[39m
[36mOld:[39m
[36m```[39m
[36mWithout protection of the transmitted information, confidentiality and[39m
[36mintegrity may be compromised because unprotected communications can be[39m
[36mintercepted and either read or altered.[39m

[36m    This requirement applies to both internal and external networks and all[39m
[36mtypes of information system components from which information can be[39m
[36mtransmitted (e.g., servers, mobile devices, notebook computers, printers,[39m
[36mcopiers, scanners, and facsimile machines). Communication paths outside the[39m
[36mphysical protection of a controlled boundary are exposed to the possibility of[39m
[36minterception and modification.[39m

[36m    Protecting the confidentiality and integrity of organizational information[39m
[36mcan be accomplished by physical means (e.g., employing physical distribution[39m
[36msystems) or by logical means (e.g., employing cryptographic techniques). If[39m
[36mphysical means of protection are employed, then logical means (cryptography) do[39m
[36mnot have to be employed, and vice versa.[39m

[36m    Session key regeneration limits the chances of a session key becoming[39m
[36mcompromised.[39m

[36m```[39m
[36mNew:[39m
[36m```[39m
[36mWithout protection of the transmitted information, confidentiality and integrity may be compromised because unprotected communications can be intercepted and either read or altered. [39m

[36mThis requirement applies to both internal and external networks and all types of information system components from which information can be transmitted (e.g., servers, mobile devices, notebook computers, printers, copiers, scanners, and facsimile machines). Communication paths outside the physical protection of a controlled boundary are exposed to the possibility of interception and modification. [39m

[36mProtecting the confidentiality and integrity of organizational information can be accomplished by physical means (e.g., employing physical distribution systems) or by logical means (e.g., employing cryptographic techniques). If physical means of protection are employed, then logical means (cryptography) do not have to be employed, and vice versa.[39m

[36mSession key regeneration limits the chances of a session key becoming compromised.[39m



[36m```[39m
[36m---[39m
[36mSV-274047:[39m
[36mOld:[39m
[36m```[39m
[36mWithout the use of multifactor authentication, the ease of access to privileged functions is greatly increased. Multifactor authentication requires using two or more factors to achieve authentication. A privileged account is defined as an information system account with authorizations of a privileged user. A DOD common access card (CAC) with DOD-approved PKI is an example of multifactor authentication.[39m

[36m```[39m
[36mNew:[39m
[36m```[39m
[36mWithout the use of multifactor authentication, the ease of access to privileged functions is greatly increased.[39m

[36mMultifactor authentication requires using two or more factors to achieve authentication.[39m

[36mFactors include: [39m
[36m1. Something a user knows (e.g., password/PIN);[39m
[36m2. Something a user has (e.g., cryptographic identification device, token); and[39m
[36m3. Something a user is (e.g., biometric).[39m

[36mA privileged account is defined as an information system account with authorizations of a privileged user.[39m

[36mNetwork access is defined as access to an information system by a user (or a process acting on behalf of a user) communicating through a network (e.g., local area network, wide area network, or the internet).[39m

[36mThe DOD Common Access Card (CAC) with DOD-approved PKI is an example of multifactor authentication.[39m



[36m```[39m
[36m---[39m
[36mSV-274048:[39m
[36mOld:[39m
[36m```[39m
[36mIf an account has an empty password, anyone could log on and run commands with the privileges of that account. Accounts with empty passwords should never be used in operational environments.[39m

[36m```[39m
[36mNew:[39m
[36m```[39m
[36mIf an account has an empty password, anyone could log on and run commands with the privileges of that account. Accounts with empty passwords must never be used in operational environments.[39m



[36m```[39m
[36m---[39m
[36mSV-274049:[39m
[36mOld:[39m
[36m```[39m
[36mEven though the communications channel may be encrypted, an additional layer of security is gained by extending the policy of not logging directly on as root. In addition, logging in with a user-specific account provides individual accountability of actions performed on the system and also helps to minimize direct attack attempts on root's password.[39m

[36m```[39m
[36mNew:[39m
[36m```[39m
[36mTo ensure individual accountability and prevent unauthorized access, organizational users must be individually identified and authenticated. Additionally, an additional layer of security is gained by extending the policy of not logging directly on as root, even though the communications channel may be encrypted.[39m

[36mA group authenticator is a generic account used by multiple individuals. Use of a group authenticator alone does not uniquely identify individual users. Examples of the group authenticator are the Unix OS "root" user account, the Windows "Administrator" account, the "sa" account, or a "helpdesk" account.[39m

[36mFor example, the Unix and Windows operating systems offer a "switch user" capability allowing users to authenticate with their individual credentials and, when needed, switch" to the administrator role. This method provides for unique individual authentication prior to using a group authenticator.[39m

[36mUsers (and any processes acting on behalf of users) need to be uniquely identified and authenticated for all accesses other than those accesses explicitly identified and documented by the organization, which outlines specific user actions that can be performed on Amazon Linux 2023 without identification or authentication.[39m

[36mRequiring individuals to be authenticated with an individual authenticator prior to using a group authenticator allows for traceability of actions, as well as adding an additional level of protection of the actions that can be taken with group account knowledge.[39m

[36m```[39m
[36m---[39m
[36mSV-274050:[39m
[36mOld:[39m
[36m```[39m
[36mTerminating an unresponsive SSH session within a short time period reduces the window of opportunity for unauthorized personnel to take control of a management session enabled on the console or console port that has been left unattended. In addition, quickly terminating an idle SSH session will also free up resources committed by the managed network element.[39m

[36mTerminating network connections associated with communications sessions includes, for example, deallocating associated TCP/IP address/port pairs at the operating system level and deallocating networking assignments at the application level if multiple application sessions are using a single operating system-level network connection. This does not mean the operating system terminates all sessions or network access; it only ends the unresponsive session and releases the resources associated with that session.[39m

[36mRHEL 9 utilizes /etc/ssh/sshd_config for configurations of OpenSSH. Within the sshd_config, the product of the values of "ClientAliveInterval" and "ClientAliveCountMax" are used to establish the inactivity threshold. The "ClientAliveInterval" is a timeout interval in seconds, after which if no data has been received from the client, sshd will send a message through the encrypted channel to request a response from the client. The "ClientAliveCountMax" is the number of client alive messages that may be sent without sshd receiving any messages back from the client. If this threshold is met, sshd will disconnect the client. For more information on these settings and others, refer to the sshd_config man pages.[39m

[36m```[39m
[36mNew:[39m
[36m```[39m
[36mTerminating an idle session within a short time period reduces the window of opportunity for unauthorized personnel to take control of a management session enabled on the console or console port that has been left unattended. In addition, quickly terminating an idle session will also free up resources committed by the managed network element. [39m

[36mTerminating network connections associated with communications sessions includes, for example, de-allocating associated TCP/IP address/port pairs at Amazon Linux 2023 level, and de-allocating networking assignments at the application level if multiple application sessions are using a single operating system-level network connection. This does not mean that Amazon Linux 2023 terminates all sessions or network access; it only ends the inactive session and releases the resources associated with that session.[39m



[36m```[39m
[36m---[39m
[36mSV-274052:[39m
[36mOld:[39m
[36m```[39m
[36mWhen UsePAM is set to "yes", PAM runs through account and session types properly. This is important when restricted access to services based off of IP, time, or other factors of the account is needed. Additionally, this ensures users can inherit certain environment variables on login or disallow access to the server.[39m

[36m```[39m
[36mNew:[39m
[36m```[39m
[36mIf maintenance tools are used by unauthorized personnel, they may accidentally or intentionally damage or compromise the system. The act of managing systems and applications includes the ability to access sensitive application information, such as system configuration details, diagnostic information, user information, and potentially sensitive application data.[39m

[36mSome maintenance and test tools are either standalone devices with their own operating systems or are applications bundled with an operating system.[39m

[36mNonlocal maintenance and diagnostic activities are those activities conducted by individuals communicating through a network, either an external network (e.g., the internet) or an internal network. Local maintenance and diagnostic activities are those activities carried out by individuals physically present at the information system or information system component and not communicating across a network connection. Typically, strong authentication requires authenticators that are resistant to replay attacks and employ multifactor authentication. Strong authenticators include, for example, PKI where certificates are stored on a token protected by a password, passphrase, or biometric.[39m

[36m```[39m
[36m---[39m
[36mSV-274057:[39m
[36mOld:[39m
[36m```[39m
[36mUse of weak or untested encryption algorithms undermines the purposes of utilizing encryption to protect data. The operating system must implement cryptographic modules adhering to the higher standards approved by the federal government since this provides assurance they have been tested and validated. This includes NIST FIPS-validated cryptography for the following: Provisioning digital signatures, generating cryptographic hashes, and to protect data requiring data-at-rest protections in accordance with applicable federal laws, Executive Orders, directives, policies, regulations, and standards.[39m

[36m```[39m
[36mNew:[39m
[36m```[39m
[36mUse of weak or untested encryption algorithms undermines the purposes of utilizing encryption to protect data. Amazon Linux 2023 must implement cryptographic modules adhering to the higher standards approved by the federal government since this provides assurance they have been tested and validated.[39m



[36m```[39m
[36m---[39m
[36mSV-274058:[39m
[36mOld:[39m
[36m```[39m
[36mCentralized cryptographic policies simplify applying secure ciphers across an operating system and the applications that run on that operating system. Use of weak or untested encryption algorithms undermines the purposes of using encryption to protect data.[39m

[36m```[39m
[36mNew:[39m
[36m```[39m
[36mCentralized cryptographic policies simplify applying secure ciphers across an operating system and the applications that run on that operating system. Use of weak or untested encryption algorithms undermines the purposes of utilizing encryption to protect data.[39m



[36m```[39m
[36m---[39m
[36mSV-274059:[39m
[36mOld:[39m
[36m```[39m
[36mWithout the use of multifactor authentication, the ease of access to privileged functions is greatly increased. Multifactor authentication requires using two or more factors to achieve authentication. A privileged account is defined as an information system account with authorizations of a privileged user. The DOD Common Access Card (CAC) with DOD-approved PKI is an example of multifactor authentication.[39m

[36m```[39m
[36mNew:[39m
[36m```[39m
[36mWithout the use of multifactor authentication, the ease of access to privileged functions is greatly increased. Multifactor authentication requires using two or more factors to achieve authentication. A privileged account is defined as an information system account with authorizations of a privileged user. The DOD Common Access Card (CAC) with DOD-approved PKI is an example of multifactor authentication.[39m



[36m```[39m
[36m---[39m
[36mSV-274063:[39m
[36mOld:[39m
[36m```[39m
[36mWithout path validation, an informed trust decision by the relying party cannot be made when presented with any certificate not already explicitly trusted.[39m

[36mA trust anchor is an authoritative entity represented via a public key and associated data. It is used in the context of public key infrastructures, X.509 digital certificates, and DNSSEC.[39m

[36mWhen there is a chain of trust, usually the top entity to be trusted becomes the trust anchor; it can be, for example, a certification authority (CA). A certification path starts with the subject certificate and proceeds through a number of intermediate certificates up to a trusted root certificate, typically issued by a trusted CA.[39m

[36mThis requirement verifies that a certification path to an accepted trust anchor is used for certificate validation and that the path includes status information. Path validation is necessary for a relying party to make an informed trust decision when presented with any certificate not already explicitly trusted. Status information for certification paths includes certificate revocation lists or online certificate status protocol responses. Validation of the certificate status information is out of scope for this requirement.[39m

[36m```[39m
[36mNew:[39m
[36m```[39m
[36mWithout path validation, an informed trust decision by the relying party cannot be made when presented with any certificate not already explicitly trusted.[39m

[36mA trust anchor is an authoritative entity represented via a public key and associated data. It is used in the context of public key infrastructures, X.509 digital certificates, and DNSSEC.[39m

[36mWhen there is a chain of trust, usually the top entity to be trusted becomes the trust anchor; it can be, for example, a Certification Authority (CA). A certification path starts with the subject certificate and proceeds through a number of intermediate certificates up to a trusted root certificate, typically issued by a trusted CA.[39m

[36mThis requirement verifies that a certification path to an accepted trust anchor is used for certificate validation and that the path includes status information. Path validation is necessary for a relying party to make an informed trust decision when presented with any certificate not already explicitly trusted. Status information for certification paths includes certificate revocation lists or online certificate status protocol responses. Validation of the certificate status information is out of scope for this requirement.[39m



[36m```[39m
[36m---[39m
[36mSV-274065:[39m
[36mOld:[39m
[36m```[39m
[36mDisplay of a standardized and approved use notification before granting access to the operating system ensures privacy and security notification verbiage used is consistent with applicable federal laws, Executive Orders, directives, policies, regulations, standards, and guidance.[39m

[36mSystem use notifications are required only for access via logon interfaces with human users and are not required when such human interfaces do not exist.[39m

[36mThe banner must be formatted in accordance with applicable DOD policy. Use the following verbiage for operating systems that can accommodate banners of 1300 characters:[39m

[36m"You are accessing a U.S. Government (USG) Information System (IS) that is provided for USG-authorized use only.[39m

[36mBy using this IS (which includes any device attached to this IS), you consent to the following conditions:[39m

[36m-The USG routinely intercepts and monitors communications on this IS for purposes including, but not limited to, penetration testing, COMSEC monitoring, network operations and defense, personnel misconduct (PM), law enforcement (LE), and counterintelligence (CI) investigations.[39m

[36m-At any time, the USG may inspect and seize data stored on this IS.[39m

[36m-Communications using, or data stored on, this IS are not private, are subject to routine monitoring, interception, and search, and may be disclosed or used for any USG-authorized purpose.[39m

[36m-This IS includes security measures (e.g., authentication and access controls) to protect USG interests--not for your personal benefit or privacy.[39m

[36m-Notwithstanding the above, using this IS does not constitute consent to PM, LE or CI investigative searching or monitoring of the content of privileged communications, or work product, related to personal representation or services by attorneys, psychotherapists, or clergy, and their assistants. Such communications and work product are private and confidential. See User Agreement for details."[39m



[36m```[39m
[36mNew:[39m
[36m```[39m
[36mDisplay of a standardized and approved use notification before granting access to Amazon Linux 2023 ensures privacy and security notification verbiage used is consistent with applicable federal laws, Executive Orders, directives, policies, regulations, standards, and guidance.[39m

[36mSystem use notifications are required only for access via logon interfaces with human users and are not required when such human interfaces do not exist.[39m

[36mThe banner must be formatted in accordance with applicable DOD policy. Use the following verbiage for operating systems that can accommodate banners of 1300 characters:[39m

[36m"You are accessing a U.S. Government (USG) Information System (IS) that is provided for USG-authorized use only.[39m

[36mBy using this IS (which includes any device attached to this IS), you consent to the following conditions:[39m

[36m-The USG routinely intercepts and monitors communications on this IS for purposes including, but not limited to, penetration testing, COMSEC monitoring, network operations and defense, personnel misconduct (PM), law enforcement (LE), and counterintelligence (CI) investigations.[39m

[36m-At any time, the USG may inspect and seize data stored on this IS.[39m

[36m-Communications using, or data stored on, this IS are not private, are subject to routine monitoring, interception, and search, and may be disclosed or used for any USG-authorized purpose.[39m

[36m-This IS includes security measures (e.g., authentication and access controls) to protect USG interests--not for your personal benefit or privacy.[39m

[36m-Notwithstanding the above, using this IS does not constitute consent to PM, LE or CI investigative searching or monitoring of the content of privileged communications, or work product, related to personal representation or services by attorneys, psychotherapists, or clergy, and their assistants. Such communications and work product are private and confidential. See User Agreement for details."[39m

[36mUse the following verbiage for operating systems that have severe limitations on the number of characters that can be displayed in the banner:[39m

[36m"I've read & consent to terms in IS user agreem't."[39m

[36m```[39m
[36m---[39m
[36mSV-274066:[39m
[36mOld:[39m
[36m```[39m
[36mThe warning message reinforces policy awareness during the logon process and facilitates possible legal action against attackers. Alternatively, systems whose ownership should not be obvious should ensure usage of a banner that does not provide easy attribution.[39m

[36m```[39m
[36mNew:[39m
[36m```[39m
[36mDisplay of a standardized and approved use notification before granting access to the publicly accessible operating system ensures privacy and security notification verbiage used is consistent with applicable federal laws, Executive Orders, directives, policies, regulations, standards, and guidance.[39m

[36mSystem use notifications are required only for access via logon interfaces with human users and are not required when such human interfaces do not exist.[39m

[36mThe banner must be formatted in accordance with applicable DOD policy. Use the following verbiage for operating systems that can accommodate banners of 1300 characters:[39m

[36m"You are accessing a U.S. Government (USG) Information System (IS) that is provided for USG-authorized use only.[39m

[36mBy using this IS (which includes any device attached to this IS), you consent to the following conditions:[39m

[36m-The USG routinely intercepts and monitors communications on this IS for purposes including, but not limited to, penetration testing, COMSEC monitoring, network operations and defense, personnel misconduct (PM), law enforcement (LE), and counterintelligence (CI) investigations.[39m

[36m-At any time, the USG may inspect and seize data stored on this IS.[39m

[36m-Communications using, or data stored on, this IS are not private, are subject to routine monitoring, interception, and search, and may be disclosed or used for any USG-authorized purpose.[39m

[36m-This IS includes security measures (e.g., authentication and access controls) to protect USG interests--not for your personal benefit or privacy.[39m

[36m-Notwithstanding the above, using this IS does not constitute consent to PM, LE or CI investigative searching or monitoring of the content of privileged communications, or work product, related to personal representation or services by attorneys, psychotherapists, or clergy, and their assistants. Such communications and work product are private and confidential. See User Agreement for details."[39m

[36mUse the following verbiage for operating systems that have severe limitations on the number of characters that can be displayed in the banner:[39m

[36m"I've read & consent to terms in IS user agreem't."[39m

[36m```[39m
[36m---[39m
[36mSV-274067:[39m
[36mOld:[39m
[36m```[39m
[36mTo ensure RHEL 9 systems have a sufficient storage capacity in which to write the audit logs, RHEL 9 needs to be able to allocate audit record storage capacity.[39m

[36mThe task of allocating audit record storage capacity is usually performed during initial installation of RHEL 9.[39m

[36m```[39m
[36mNew:[39m
[36m```[39m
[36mTo ensure operating systems have a sufficient storage capacity in which to write the audit logs, operating systems must be able to allocate audit record storage capacity.[39m

[36m```[39m
[36m---[39m
[36mSV-274068:[39m
[36mOld:[39m
[36m```[39m
[36mPlacing "/var/log/audit" in its own partition enables better separation between audit files and other system files, and helps ensure that auditing cannot be halted due to the partition running out of space.[39m

[36m```[39m
[36mNew:[39m
[36m```[39m
[36mPlacing "/var/log/audit" in its own partition enables better separation between audit files and other system files and helps ensure that auditing cannot be halted due to the partition running out of space.[39m

[36m```[39m
[36m---[39m
[36mSV-274069:[39m
[36mOld:[39m
[36m```[39m
[36mInformation stored in one location is vulnerable to accidental or incidental deletion or alteration.[39m

[36mOffloading is a common process in information systems with limited audit storage capacity.[39m

[36mRHEL 9 installation media provides "rsyslogd", a system utility providing support for message logging. Support for both internet and Unix domain sockets enables this utility to support both local and remote logging. Coupling this utility with "gnutls" (a secure communications library implementing the SSL, TLS and DTLS protocols) creates a method to securely encrypt and offload auditing.[39m

[36m"Rsyslog" supported authentication modes include:[39m
[36manon - anonymous authentication[39m
[36mx509/fingerprint - certificate fingerprint authentication[39m
[36mx509/certvalid - certificate validation only[39m
[36mx509/name - certificate validation and subject name authentication[39m

[36m```[39m
[36mNew:[39m
[36m```[39m
[36mEnriched logging is needed to determine who, what, and when events occur on a system. Without this, determining root cause of an event will be much more difficult.[39m

[36m```[39m
[36m---[39m
[36mSV-274070:[39m
[36mOld:[39m
[36m```[39m
[36mThe audit system should have an action setup in the event the internal event queue becomes full so that no data is lost.  Information stored in one location is vulnerable to accidental or incidental deletion or alteration.[39m

[36mOffloading is a common process in information systems with limited audit storage capacity.[39m

[36m```[39m
[36mNew:[39m
[36m```[39m
[36mThe audit system should have an action setup in the event the internal event queue becomes full so that no data is lost. Information stored in one location is vulnerable to accidental or incidental deletion or alteration.[39m

[36m```[39m
[36m---[39m
[36mSV-274071:[39m
[36mOld:[39m
[36m```[39m
[36mIf security personnel are not notified immediately when storage volume reaches a maximum of 75 percent utilization, they are unable to plan for audit record storage capacity expansion. The notification can be set to trigger at lower utilization thresholds at the information system security officer's (ISSO's) discretion.[39m

[36m```[39m
[36mNew:[39m
[36m```[39m
[36mIf security personnel are not notified immediately when storage volume reaches 75 percent utilization, they are unable to plan for audit record storage capacity expansion.[39m

[36m```[39m
[36m---[39m
[36mSV-274075:[39m
[36mOld:[39m
[36m```[39m
[36mIf security personnel are not notified immediately when storage volume[39m
[36mreaches 75 percent utilization, they are unable to plan for audit record[39m
[36mstorage capacity expansion.[39m

[36m```[39m
[36mNew:[39m
[36m```[39m
[36mIt is critical for the appropriate personnel to be aware if a system is at risk of failing to process audit logs as required. Without this notification, the security personnel may be unaware of an impending failure of the audit capability, and system operation may be adversely affected.[39m

[36mAudit processing failures include software/hardware errors, failures in the audit capturing mechanisms, and audit storage capacity being reached or exceeded.[39m

[36mThis requirement applies to each audit data storage repository (i.e., distinct information system component where audit records are stored), the centralized audit storage capacity of organizations (i.e., all audit data storage repositories combined), or both.[39m

[36m```[39m
[36m---[39m
[36mSV-274077:[39m
[36mOld:[39m
[36m```[39m
[36mrsyslogd is a system utility providing support for message logging. Support for both internet and Unix domain sockets enables this utility to support both local and remote logging. Couple this utility with "gnutls" (which is a secure communications library implementing the SSL, TLS, and DTLS protocols), to create a method to securely encrypt and offload auditing.[39m

[36m```[39m
[36mNew:[39m
[36m```[39m
[36mInformation stored in one location is vulnerable to accidental or incidental deletion or alteration.[39m

[36m```[39m
[36m---[39m
[36mSV-274079:[39m
[36mOld:[39m
[36m```[39m
[36mInformation stored in one location is vulnerable to accidental or incidental deletion or alteration.[39m

[36mOff-loading is a common process in information systems with limited audit storage capacity.[39m

[36mRHEL 9 installation media provides "rsyslogd", a system utility providing support for message logging. Support for both internet and Unix domain sockets enables this utility to support both local and remote logging. Coupling this utility with "gnutls" (a secure communications library implementing the SSL, TLS and DTLS protocols) creates a method to securely encrypt and off-load auditing.[39m

[36mRsyslog provides three ways to forward message: the traditional UDP transport, which is extremely lossy but standard; the plain TCP based transport, which loses messages only during certain situations but is widely available; and the RELP transport, which does not lose messages but is currently available only as part of the rsyslogd 3.15.0 and above.[39m

[36mExamples of each configuration:[39m
[36mUDP *.* @remotesystemname[39m
[36mTCP *.* @@remotesystemname[39m
[36mRELP *.* :omrelp:remotesystemname:2514[39m
[36mNote that a port number was given as there is no standard port for RELP.[39m

[36m```[39m
[36mNew:[39m
[36m```[39m
[36mInformation stored in one location is vulnerable to accidental or incidental deletion or alteration.[39m

[36mOff-loading is a common process in information systems with limited audit storage capacity.[39m

[36mSupport for both internet and Unix domain sockets enables this utility to support both local and remote logging. Coupling this utility with "gnutls" (a secure communications library implementing the SSL, TLS, and DTLS protocols) creates a method to securely encrypt and off-load auditing.[39m

[36m```[39m
[36m---[39m
[36mSV-274080:[39m
[36mOld:[39m
[36m```[39m
[36mInformation stored in one location is vulnerable to accidental or incidental deletion or alteration.[39m

[36mOffloading is a common process in information systems with limited audit storage capacity.[39m

[36mRHEL 9 installation media provides "rsyslogd", a system utility providing support for message logging. Support for both internet and Unix domain sockets enables this utility to support both local and remote logging. Coupling this utility with "gnutls" (a secure communications library implementing the SSL, TLS and DTLS protocols) creates a method to securely encrypt and offload auditing.[39m

[36m"Rsyslog" supported authentication modes include:[39m
[36manon - anonymous authentication[39m
[36mx509/fingerprint - certificate fingerprint authentication[39m
[36mx509/certvalid - certificate validation only[39m
[36mx509/name - certificate validation and subject name authentication[39m

[36m```[39m
[36mNew:[39m
[36m```[39m
[36mThe auditd service does not include the ability to send audit records to a centralized server for management directly. However, it can use a plug-in for audit event multiplexor (audispd) to pass audit records to the local syslog server.[39m



[36m```[39m
[36m---[39m
[36mSV-274081:[39m
[36mOld:[39m
[36m```[39m
[36mThe actions taken by system administrators must be audited to keep a record of what was executed on the system, as well as for accountability purposes. Editing the sudoers file may be sign of an attacker trying to establish persistent methods to a system, auditing the editing of the sudoers files mitigates this risk.[39m

[36m```[39m
[36mNew:[39m
[36m```[39m
[36mThe actions taken by system administrators must be audited to keep a record of what was executed on the system, as well as for accountability purposes. Editing the sudoers file may be sign of an attacker trying to establish persistent methods to a system, auditing the editing of the sudoers files mitigates this risk.[39m



[36m```[39m
[36m---[39m
[36mSV-274082:[39m
[36mOld:[39m
[36m```[39m
[36mThe actions taken by system administrators must be audited to keep a record of what was executed on the system, as well as for accountability purposes. Editing the sudoers file may be sign of an attacker trying to establish persistent methods to a system, auditing the editing of the sudoers files mitigates this risk.[39m

[36m```[39m
[36mNew:[39m
[36m```[39m
[36mThe actions taken by system administrators must be audited to keep a record of what was executed on the system, as well as for accountability purposes. Editing the sudoers file may be sign of an attacker trying to establish persistent methods to a system, auditing the editing of the sudoers files mitigates this risk.[39m



[36m```[39m
[36m---[39m
[36mSV-274083:[39m
[36mOld:[39m
[36m```[39m
[36mIn addition to auditing new user and group accounts, these watches will alert the system administrator(s) to any modifications. Any unexpected users, groups, or modifications must be investigated for legitimacy.[39m

[36m```[39m
[36mNew:[39m
[36m```[39m
[36mIn addition to auditing new user and group accounts, these watches will alert the system administrator(s) to any modifications. Any unexpected users, groups, or modifications must be investigated for legitimacy.[39m



[36m```[39m
[36m---[39m
[36mSV-274084:[39m
[36mOld:[39m
[36m```[39m
[36mIn addition to auditing new user and group accounts, these watches will alert the system administrator(s) to any modifications. Any unexpected users, groups, or modifications should be investigated for legitimacy.[39m

[36m```[39m
[36mNew:[39m
[36m```[39m
[36mIn addition to auditing new user and group accounts, these watches will alert the system administrator(s) to any modifications. Any unexpected users, groups, or modifications must be investigated for legitimacy.[39m



[36m```[39m
[36m---[39m
[36mSV-274085:[39m
[36mOld:[39m
[36m```[39m
[36mIn addition to auditing new user and group accounts, these watches will alert the system administrator(s) to any modifications. Any unexpected users, groups, or modifications should be investigated for legitimacy.[39m

[36m```[39m
[36mNew:[39m
[36m```[39m
[36mIn addition to auditing new user and group accounts, these watches will alert the system administrator(s) to any modifications. Any unexpected users, groups, or modifications must be investigated for legitimacy.[39m



[36m```[39m
[36m---[39m
[36mSV-274086:[39m
[36mOld:[39m
[36m```[39m
[36mMisuse of privileged functions, either intentionally or[39m
[36munintentionally by authorized users, or by unauthorized external entities that[39m
[36mhave compromised information system accounts, is a serious and ongoing concern[39m
[36mand can have significant adverse impacts on organizations. Auditing the use of[39m
[36mprivileged functions is one way to detect such misuse and identify the risk[39m
[36mfrom insider threats and the advanced persistent threat.[39m

[36m```[39m
[36mNew:[39m
[36m```[39m
[36mMisuse of privileged functions, either intentionally or unintentionally by authorized users, or by unauthorized external entities that have compromised information system accounts, is a serious and ongoing concern and can have significant adverse impacts on organizations. Auditing the use of privileged functions is one way to detect such misuse and identify the risk from insider threats and the advanced persistent threat.[39m



[36m```[39m
[36m---[39m
[36mSV-274087:[39m
[36mOld:[39m
[36m```[39m
[36mWithout generating audit records specific to the security and mission needs of the organization, it would be difficult to establish, correlate, and investigate the events relating to an incident or identify those responsible for one.[39m

[36mAudit records can be generated from various components within the information system (e.g., module or policy filter).[39m

[36mWhen a user logs on, the auid is set to the uid of the account being authenticated. Daemons are not user sessions and have the loginuid set to -1. The auid representation is an unsigned 32-bit integer, which equals 4294967295. The audit system interprets -1, 4294967295, and "unset" in the same way.[39m

[36mThe system call rules are loaded into a matching engine that intercepts each system call made by all programs on the system. Therefore, it is very important to use system call rules only when absolutely necessary since these affect performance. The more rules, the bigger the performance hit. The performance can be helped, however, by combining system calls into one rule whenever possible.[39m

[36m```[39m
[36mNew:[39m
[36m```[39m
[36mWithout generating audit records specific to the security and mission needs of the organization, it would be difficult to establish, correlate, and investigate the events relating to an incident or identify those responsible for one.[39m

[36mAudit records can be generated from various components within the information system (e.g., module or policy filter).[39m

[36mWhen a user logs on, the auid is set to the uid of the account being authenticated. Daemons are not user sessions and have the loginuid set to -1. The auid representation is an unsigned 32-bit integer, which equals 4294967295. The audit system interprets -1, 4294967295, and "unset" in the same way.[39m

[36mThe system call rules are loaded into a matching engine that intercepts each system call made by all programs on the system. Therefore, it is very important to use system call rules only when absolutely necessary since these affect performance. The more rules, the bigger the performance hit. The performance can be helped, however, by combining system calls into one rule whenever possible.[39m



[36m```[39m
[36m---[39m
[36mSV-274088:[39m
[36mOld:[39m
[36m```[39m
[36mWithout generating audit records specific to the security and mission needs of the organization, it would be difficult to establish, correlate, and investigate the events relating to an incident or identify those responsible for one.[39m

[36mAudit records can be generated from various components within the information system (e.g., module or policy filter).[39m

[36mWhen a user logs on, the auid is set to the uid of the account being authenticated. Daemons are not user sessions and have the loginuid set to -1. The auid representation is an unsigned 32-bit integer, which equals 4294967295. The audit system interprets -1, 4294967295, and "unset" in the same way.[39m

[36mThe system call rules are loaded into a matching engine that intercepts each system call made by all programs on the system. Therefore, it is very important to use system call rules only when absolutely necessary since these affect performance. The more rules, the bigger the performance hit. The performance can be helped, however, by combining system calls into one rule whenever possible.[39m

[36m```[39m
[36mNew:[39m
[36m```[39m
[36mWithout generating audit records specific to the security and mission needs of the organization, it would be difficult to establish, correlate, and investigate the events relating to an incident or identify those responsible for one.[39m

[36mAudit records can be generated from various components within the information system (e.g., module or policy filter).[39m

[36mWhen a user logs on, the auid is set to the uid of the account being authenticated. Daemons are not user sessions and have the loginuid set to -1. The auid representation is an unsigned 32-bit integer, which equals 4294967295. The audit system interprets -1, 4294967295, and "unset" in the same way.[39m

[36mThe system call rules are loaded into a matching engine that intercepts each system call made by all programs on the system. Therefore, it is very important to use system call rules only when absolutely necessary since these affect performance. The more rules, the bigger the performance hit. The performance can be helped, however, by combining system calls into one rule whenever possible.[39m



[36m```[39m
[36m---[39m
[36mSV-274089:[39m
[36mOld:[39m
[36m```[39m
[36mWithout generating audit records specific to the security and mission needs of the organization, it would be difficult to establish, correlate, and investigate the events relating to an incident or identify those responsible for one.[39m

[36mAudit records can be generated from various components within the information system (e.g., module or policy filter).[39m

[36mWhen a user logs on, the auid is set to the uid of the account being authenticated. Daemons are not user sessions and have the loginuid set to -1. The auid representation is an unsigned 32-bit integer, which equals 4294967295. The audit system interprets -1, 4294967295, and "unset" in the same way.[39m

[36mThe system call rules are loaded into a matching engine that intercepts each system call made by all programs on the system. Therefore, it is very important to use system call rules only when absolutely necessary since these affect performance. The more rules, the bigger the performance hit. The performance can be helped, however, by combining system calls into one rule whenever possible.[39m

[36m```[39m
[36mNew:[39m
[36m```[39m
[36mWithout generating audit records specific to the security and mission needs of the organization, it would be difficult to establish, correlate, and investigate the events relating to an incident or identify those responsible for one.[39m

[36mAudit records can be generated from various components within the information system (e.g., module or policy filter).[39m

[36mWhen a user logs on, the auid is set to the uid of the account being authenticated. Daemons are not user sessions and have the loginuid set to -1. The auid representation is an unsigned 32-bit integer, which equals 4294967295. The audit system interprets -1, 4294967295, and "unset" in the same way.[39m

[36mThe system call rules are loaded into a matching engine that intercepts each system call made by all programs on the system. Therefore, it is very important to use system call rules only when absolutely necessary since these affect performance. The more rules, the bigger the performance hit. The performance can be helped, however, by combining system calls into one rule whenever possible.[39m



[36m```[39m
[36m---[39m
[36mSV-274090:[39m
[36mOld:[39m
[36m```[39m
[36mWithout generating audit records specific to the security and mission needs of the organization, it would be difficult to establish, correlate, and investigate the events relating to an incident or identify those responsible for one.[39m

[36mAudit records can be generated from various components within the information system (e.g., module or policy filter).[39m

[36mWhen a user logs on, the auid is set to the uid of the account being authenticated. Daemons are not user sessions and have the loginuid set to -1. The auid representation is an unsigned 32-bit integer, which equals 4294967295. The audit system interprets -1, 4294967295, and "unset" in the same way.[39m

[36mThe system call rules are loaded into a matching engine that intercepts each system call made by all programs on the system. Therefore, it is very important to use system call rules only when absolutely necessary since these affect performance. The more rules, the bigger the performance hit. The performance can be helped, however, by combining system calls into one rule whenever possible.[39m

[36m```[39m
[36mNew:[39m
[36m```[39m
[36mWithout generating audit records specific to the security and mission needs of the organization, it would be difficult to establish, correlate, and investigate the events relating to an incident or identify those responsible for one.[39m

[36mAudit records can be generated from various components within the information system (e.g., module or policy filter).[39m

[36mWhen a user logs on, the auid is set to the uid of the account being authenticated. Daemons are not user sessions and have the loginuid set to -1. The auid representation is an unsigned 32-bit integer, which equals 4294967295. The audit system interprets -1, 4294967295, and "unset" in the same way.[39m

[36mThe system call rules are loaded into a matching engine that intercepts each system call made by all programs on the system. Therefore, it is very important to use system call rules only when absolutely necessary since these affect performance. The more rules, the bigger the performance hit. The performance can be helped, however, by combining system calls into one rule whenever possible.[39m



[36m```[39m
[36m---[39m
[36mSV-274091:[39m
[36mOld:[39m
[36m```[39m
[36mWithout generating audit records specific to the security and mission needs of the organization, it would be difficult to establish, correlate, and investigate the events relating to an incident or identify those responsible for one.[39m

[36mAudit records can be generated from various components within the information system (e.g., module or policy filter).[39m

[36mWhen a user logs on, the auid is set to the uid of the account being authenticated. Daemons are not user sessions and have the loginuid set to -1. The auid representation is an unsigned 32-bit integer, which equals 4294967295. The audit system interprets -1, 4294967295, and "unset" in the same way.[39m

[36mThe system call rules are loaded into a matching engine that intercepts each system call made by all programs on the system. Therefore, it is very important to use system call rules only when absolutely necessary since these affect performance. The more rules, the bigger the performance hit. The performance can be helped, however, by combining system calls into one rule whenever possible.[39m

[36m```[39m
[36mNew:[39m
[36m```[39m
[36mWithout generating audit records specific to the security and mission needs of the organization, it would be difficult to establish, correlate, and investigate the events relating to an incident or identify those responsible for one.[39m

[36mAudit records can be generated from various components within the information system (e.g., module or policy filter).[39m

[36mWhen a user logs on, the auid is set to the uid of the account being authenticated. Daemons are not user sessions and have the loginuid set to -1. The auid representation is an unsigned 32-bit integer, which equals 4294967295. The audit system interprets -1, 4294967295, and "unset" in the same way.[39m

[36mThe system call rules are loaded into a matching engine that intercepts each system call made by all programs on the system. Therefore, it is very important to use system call rules only when absolutely necessary since these affect performance. The more rules, the bigger the performance hit. The performance can be helped, however, by combining system calls into one rule whenever possible.[39m



[36m```[39m
[36m---[39m
[36mSV-274092:[39m
[36mOld:[39m
[36m```[39m
[36mWithout generating audit records specific to the security and mission needs of the organization, it would be difficult to establish, correlate, and investigate the events relating to an incident or identify those responsible for one.[39m

[36mAudit records can be generated from various components within the information system (e.g., module or policy filter).[39m

[36mWhen a user logs on, the auid is set to the uid of the account being authenticated. Daemons are not user sessions and have the loginuid set to -1. The auid representation is an unsigned 32-bit integer, which equals 4294967295. The audit system interprets -1, 4294967295, and "unset" in the same way.[39m

[36mThe system call rules are loaded into a matching engine that intercepts each system call made by all programs on the system. Therefore, it is very important to use system call rules only when absolutely necessary since these affect performance. The more rules, the bigger the performance hit. The performance can be helped, however, by combining system calls into one rule whenever possible.[39m

[36m```[39m
[36mNew:[39m
[36m```[39m
[36mWithout generating audit records specific to the security and mission needs of the organization, it would be difficult to establish, correlate, and investigate the events relating to an incident or identify those responsible for one.[39m

[36mAudit records can be generated from various components within the information system (e.g., module or policy filter).[39m

[36mWhen a user logs on, the auid is set to the uid of the account being authenticated. Daemons are not user sessions and have the loginuid set to -1. The auid representation is an unsigned 32-bit integer, which equals 4294967295. The audit system interprets -1, 4294967295, and "unset" in the same way.[39m

[36mThe system call rules are loaded into a matching engine that intercepts each system call made by all programs on the system. Therefore, it is very important to use system call rules only when absolutely necessary since these affect performance. The more rules, the bigger the performance hit. The performance can be helped, however, by combining system calls into one rule whenever possible.[39m



[36m```[39m
[36m---[39m
[36mSV-274093:[39m
[36mOld:[39m
[36m```[39m
[36mWithout generating audit records that are specific to the security and mission needs of the organization, it would be difficult to establish, correlate, and investigate the events relating to an incident or identify those responsible for one.[39m

[36mAudit records can be generated from various components within the information system (e.g., module or policy filter).[39m

[36mWhen a user logs on, the auid is set to the uid of the account being authenticated. Daemons are not user sessions and have the loginuid set to -1. The auid representation is an unsigned 32-bit integer, which equals 4294967295. The audit system interprets -1, 4294967295, and "unset" in the same way.[39m

[36mThe system call rules are loaded into a matching engine that intercepts each system call made by all programs on the system. Therefore, it is very important to use system call rules only when absolutely necessary since these affect performance. The more rules, the bigger the performance hit. The performance can be helped, however, by combining system calls into one rule whenever possible.[39m

[36m```[39m
[36mNew:[39m
[36m```[39m
[36mWithout generating audit records specific to the security and mission needs of the organization, it would be difficult to establish, correlate, and investigate the events relating to an incident or identify those responsible for one.[39m

[36mAudit records can be generated from various components within the information system (e.g., module or policy filter).[39m

[36mWhen a user logs on, the auid is set to the uid of the account being authenticated. Daemons are not user sessions and have the loginuid set to -1. The auid representation is an unsigned 32-bit integer, which equals 4294967295. The audit system interprets -1, 4294967295, and "unset" in the same way.[39m

[36mThe system call rules are loaded into a matching engine that intercepts each system call made by all programs on the system. Therefore, it is very important to use system call rules only when absolutely necessary since these affect performance. The more rules, the bigger the performance hit. The performance can be helped, however, by combining system calls into one rule whenever possible.[39m



[36m```[39m
[36m---[39m
[36mSV-274094:[39m
[36mOld:[39m
[36m```[39m
[36mWithout generating audit records specific to the security and mission needs of the organization, it would be difficult to establish, correlate, and investigate the events relating to an incident or identify those responsible for one.[39m

[36mAudit records can be generated from various components within the information system (e.g., module or policy filter).[39m

[36mWhen a user logs on, the auid is set to the uid of the account being authenticated. Daemons are not user sessions and have the loginuid set to -1. The auid representation is an unsigned 32-bit integer, which equals 4294967295. The audit system interprets -1, 4294967295, and "unset" in the same way.[39m

[36mThe system call rules are loaded into a matching engine that intercepts each system call made by all programs on the system. Therefore, it is very important to use system call rules only when absolutely necessary since these affect performance. The more rules, the bigger the performance hit. The performance can be helped, however, by combining system calls into one rule whenever possible.[39m

[36m```[39m
[36mNew:[39m
[36m```[39m
[36mWithout generating audit records specific to the security and mission needs of the organization, it would be difficult to establish, correlate, and investigate the events relating to an incident or identify those responsible for one.[39m

[36mAudit records can be generated from various components within the information system (e.g., module or policy filter).[39m

[36mWhen a user logs on, the auid is set to the uid of the account being authenticated. Daemons are not user sessions and have the loginuid set to -1. The auid representation is an unsigned 32-bit integer, which equals 4294967295. The audit system interprets -1, 4294967295, and "unset" in the same way.[39m

[36mThe system call rules are loaded into a matching engine that intercepts each system call made by all programs on the system. Therefore, it is very important to use system call rules only when absolutely necessary since these affect performance. The more rules, the bigger the performance hit. The performance can be helped, however, by combining system calls into one rule whenever possible.[39m



[36m```[39m
[36m---[39m
[36mSV-274095:[39m
[36mOld:[39m
[36m```[39m
[36mWithout generating audit records that are specific to the security and mission needs of the organization, it would be difficult to establish, correlate, and investigate the events relating to an incident or identify those responsible for one.[39m

[36mAudit records can be generated from various components within the information system (e.g., module or policy filter).[39m

[36mWhen a user logs on, the auid is set to the uid of the account that is being authenticated. Daemons are not user sessions and have the loginuid set to -1. The auid representation is an unsigned 32-bit integer, which equals 4294967295. The audit system interprets -1, 4294967295, and "unset" in the same way.[39m

[36mThe system call rules are loaded into a matching engine that intercepts each system call made by all programs on the system. Therefore, it is very important to use system call rules only when absolutely necessary since these affect performance. The more rules, the bigger the performance hit. The performance can be helped, however, by combining system calls into one rule whenever possible.[39m

[36m```[39m
[36mNew:[39m
[36m```[39m
[36mWithout generating audit records specific to the security and mission needs of the organization, it would be difficult to establish, correlate, and investigate the events relating to an incident or identify those responsible for one.[39m

[36mAudit records can be generated from various components within the information system (e.g., module or policy filter).[39m

[36mWhen a user logs on, the auid is set to the uid of the account being authenticated. Daemons are not user sessions and have the loginuid set to -1. The auid representation is an unsigned 32-bit integer, which equals 4294967295. The audit system interprets -1, 4294967295, and "unset" in the same way.[39m

[36mThe system call rules are loaded into a matching engine that intercepts each system call made by all programs on the system. Therefore, it is very important to use system call rules only when absolutely necessary since these affect performance. The more rules, the bigger the performance hit. The performance can be helped, however, by combining system calls into one rule whenever possible.[39m



[36m```[39m
[36m---[39m
[36mSV-274096:[39m
[36mOld:[39m
[36m```[39m
[36mWithout generating audit records specific to the security and mission needs of the organization, it would be difficult to establish, correlate, and investigate the events relating to an incident or identify those responsible for one.[39m

[36m```[39m
[36mNew:[39m
[36m```[39m
[36mWithout generating audit records specific to the security and mission needs of the organization, it would be difficult to establish, correlate, and investigate the events relating to an incident or identify those responsible for one.[39m



[36m```[39m
[36m---[39m
[36mSV-274097:[39m
[36mOld:[39m
[36m```[39m
[36mWithout generating audit records specific to the security and mission needs of the organization, it would be difficult to establish, correlate, and investigate the events relating to an incident or identify those responsible for one.[39m

[36m```[39m
[36mNew:[39m
[36m```[39m
[36mWithout generating audit records specific to the security and mission needs of the organization, it would be difficult to establish, correlate, and investigate the events relating to an incident or identify those responsible for one.[39m



[36m```[39m
[36m---[39m
[36mSV-274101:[39m
[36mOld:[39m
[36m```[39m
[36mProtecting audit information also includes identifying and protecting the tools used to view and manipulate log data. Therefore, protecting audit tools is necessary to prevent unauthorized operation on audit information.[39m

[36mRHEL 9 systems providing tools to interface with audit information will leverage user permissions and roles identifying the user accessing the tools, and the corresponding rights the user enjoys, to make access decisions regarding the access to audit tools.[39m

[36mAudit tools include, but are not limited to, vendor-provided and open source audit tools needed to successfully view and manipulate audit information system activity and records. Audit tools include custom queries and report generators.[39m

[36m```[39m
[36mNew:[39m
[36m```[39m
[36mProtecting audit information also includes identifying and protecting the tools used to view and manipulate log data. Therefore, protecting audit tools is necessary to prevent unauthorized operation on audit information.[39m

[36mOperating systems providing tools to interface with audit information will leverage user permissions and roles identifying the user accessing the tools and the corresponding rights the user enjoys to make access decisions regarding the access to audit tools.[39m

[36mAudit tools include, but are not limited to, vendor-provided and open source audit tools needed to successfully view and manipulate audit information system activity and records. Audit tools include custom queries and report generators.[39m

[36m```[39m
[36m---[39m
[36mSV-274102:[39m
[36mOld:[39m
[36m```[39m
[36mProtecting audit information also includes identifying and protecting the tools used to view and manipulate log data. Therefore, protecting audit tools is necessary to prevent unauthorized operation on audit information.[39m

[36mRHEL 9 systems providing tools to interface with audit information will leverage user permissions and roles identifying the user accessing the tools, and the corresponding rights the user enjoys, to make access decisions regarding the access to audit tools.[39m

[36mAudit tools include, but are not limited to, vendor-provided and open source audit tools needed to successfully view and manipulate audit information system activity and records. Audit tools include custom queries and report generators.[39m

[36m```[39m
[36mNew:[39m
[36m```[39m
[36mProtecting audit information also includes identifying and protecting the tools used to view and manipulate log data. Therefore, protecting audit tools is necessary to prevent unauthorized operation on audit information.[39m

[36mOperating systems providing tools to interface with audit information will leverage user permissions and roles identifying the user accessing the tools and the corresponding rights the user enjoys to make access decisions regarding the access to audit tools.[39m

[36mAudit tools include, but are not limited to, vendor-provided and open source audit tools needed to successfully view and manipulate audit information system activity and records. Audit tools include custom queries and report generators.[39m

[36m```[39m
[36m---[39m
[36mSV-274103:[39m
[36mOld:[39m
[36m```[39m
[36mProtecting audit information also includes identifying and protecting the tools used to view and manipulate log data; therefore, protecting audit tools is necessary to prevent unauthorized operation on audit information.[39m

[36mRHEL 9 systems providing tools to interface with audit information will leverage user permissions and roles identifying the user accessing the tools, and the corresponding rights the user enjoys, to make access decisions regarding the access to audit tools.[39m

[36mAudit tools include, but are not limited to, vendor-provided and open source audit tools needed to successfully view and manipulate audit information system activity and records. Audit tools include custom queries and report generators.[39m

[36m```[39m
[36mNew:[39m
[36m```[39m
[36mProtecting audit information also includes identifying and protecting the tools used to view and manipulate log data. Therefore, protecting audit tools is necessary to prevent unauthorized operation on audit information.[39m

[36mOperating systems providing tools to interface with audit information will leverage user permissions and roles identifying the user accessing the tools and the corresponding rights the user enjoys to make access decisions regarding the access to audit tools.[39m

[36mAudit tools include, but are not limited to, vendor-provided and open source audit tools needed to successfully view and manipulate audit information system activity and records. Audit tools include custom queries and report generators.[39m

[36m```[39m
[36m---[39m
[36mSV-274105:[39m
[36mOld:[39m
[36m```[39m
[36mWithout generating audit records specific to the security and mission needs of the organization, it would be difficult to establish, correlate, and investigate the events relating to an incident or identify those responsible for one.[39m

[36mAudit records can be generated from various components within the information system (e.g., module or policy filter).[39m

[36mWhen a user logs on, the auid is set to the uid of the account being authenticated. Daemons are not user sessions and have the loginuid set to -1. The auid representation is an unsigned 32-bit integer, which equals 4294967295. The audit system interprets -1, 4294967295, and "unset" in the same way.[39m

[36mThe system call rules are loaded into a matching engine that intercepts each system call made by all programs on the system. Therefore, it is very important to use system call rules only when absolutely necessary since these affect performance. The more rules, the bigger the performance hit. The performance can be helped, however, by combining system calls into one rule whenever possible.[39m

[36m```[39m
[36mNew:[39m
[36m```[39m
[36mReconstruction of harmful events or forensic analysis is not possible if audit records do not contain enough information.[39m

[36mAt a minimum, the organization must audit the full-text recording of privileged commands. The organization must maintain audit trails in sufficient detail to reconstruct events to determine the cause and impact of compromise.[39m



[36m```[39m
[36m---[39m
[36mSV-274107:[39m
[36mOld:[39m
[36m```[39m
[36mInformation stored in one location is vulnerable to accidental or incidental deletion or alteration.[39m

[36mOffloading is a common process in information systems with limited audit storage capacity.[39m

[36mRHEL 9 installation media provides "rsyslogd", a system utility providing support for message logging. Support for both internet and Unix domain sockets enables this utility to support both local and remote logging. Coupling this utility with "gnutls" (a secure communications library implementing the SSL, TLS and DTLS protocols) creates a method to securely encrypt and offload auditing.[39m

[36m```[39m
[36mNew:[39m
[36m```[39m
[36mInformation stored in one location is vulnerable to accidental or incidental deletion or alteration.[39m

[36mOff-loading is a common process in information systems with limited audit storage capacity.[39m

[36m```[39m
[36m---[39m
[36mSV-274108:[39m
[36mOld:[39m
[36m```[39m
[36mUnauthorized disclosure of audit records can reveal system and configuration data to attackers, thus compromising its confidentiality.[39m

[36m```[39m
[36mNew:[39m
[36m```[39m
[36mUnauthorized disclosure of audit records can reveal system and configuration data to attackers, thus compromising its confidentiality.[39m

[36mAudit information includes all information (e.g., audit records, audit settings, audit reports) needed to successfully audit operating system activity.[39m



[36m```[39m
[36m---[39m
[36mSV-274109:[39m
[36mOld:[39m
[36m```[39m
[36mUnauthorized disclosure of audit records can reveal system and configuration data to attackers, thus compromising its confidentiality.[39m

[36m```[39m
[36mNew:[39m
[36m```[39m
[36mUnauthorized disclosure of audit records can reveal system and configuration data to attackers, thus compromising its confidentiality.[39m

[36mAudit information includes all information (e.g., audit records, audit settings, audit reports) needed to successfully audit operating system activity.[39m



[36m```[39m
[36m---[39m
[36mSV-274110:[39m
[36mOld:[39m
[36m```[39m
[36mOnly authorized personnel should be aware of errors and the details of the errors. Error messages are an indicator of an organization's operational state or can identify the RHEL 9 system or platform. Additionally, Personally Identifiable Information (PII) and operational information must not be revealed through error messages to unauthorized personnel or their designated representatives.[39m

[36mThe structure and content of error messages must be carefully considered by the organization and development team. The extent to which the information system is able to identify and handle error conditions is guided by organizational policy and operational requirements.[39m

[36m```[39m
[36mNew:[39m
[36m```[39m
[36mUnauthorized disclosure of audit records can reveal system and configuration data to attackers, thus compromising its confidentiality.[39m

[36mAudit information includes all information (e.g., audit records, audit settings, audit reports) needed to successfully audit operating system activity.[39m



[36m```[39m
[36m---[39m
[36mSV-274111:[39m
[36mOld:[39m
[36m```[39m
[36mWithout the capability to restrict the roles and individuals that can[39m
[36mselect which events are audited, unauthorized personnel may be able to prevent[39m
[36mthe auditing of critical events. Misconfigured audits may degrade the system's[39m
[36mperformance by overwhelming the audit log. Misconfigured audits may also make[39m
[36mit more difficult to establish, correlate, and investigate the events relating[39m
[36mto an incident or identify those responsible for one.[39m

[36m```[39m
[36mNew:[39m
[36m```[39m
[36mWithout the capability to restrict which roles and individuals can select which events are audited, unauthorized personnel may be able to prevent the auditing of critical events. Misconfigured audits may degrade the system's performance by overwhelming the audit log. Misconfigured audits may also make it more difficult to establish, correlate, and investigate the events relating to an incident or identify those responsible for one.[39m

[36m```[39m
[36m---[39m
[36mSV-274112:[39m
[36mOld:[39m
[36m```[39m
[36mWithout generating audit record specific to the security and mission needs of the organization, it would be difficult to establish, correlate, and investigate the events relating to an incident or identify those responsible for one.[39m

[36mAudit records can be generated from various components within the information system (e.g., module or policy filter).[39m

[36mWhen a user logs on, the auid is set to the uid of the account being authenticated. Daemons are not user sessions and have the loginuid set to -1. The auid representation is an unsigned 32-bit integer, which equals 4294967295. The audit system interprets -1, 4294967295, and "unset" in the same way.[39m

[36mThe system call rules are loaded into a matching engine that intercepts each system call made by all programs on the system. Therefore, it is very important to use system call rules only when absolutely necessary since these affect performance. The more rules, the bigger the performance hit. The performance can be helped, however, by combining system calls into one rule whenever possible.[39m

[36m```[39m
[36mNew:[39m
[36m```[39m
[36mWithout generating audit records specific to the security and mission needs of the organization, it would be difficult to establish, correlate, and investigate the events relating to an incident or identify those responsible for one.[39m

[36mAudit records can be generated from various components within the information system (e.g., module or policy filter).[39m



[36m```[39m
[36m---[39m
[36mSV-274113:[39m
[36mOld:[39m
[36m```[39m
[36mIn addition to auditing new user and group accounts, these watches will alert the system administrator(s) to any modifications. Any unexpected users, groups, or modifications should be investigated for legitimacy.[39m

[36m```[39m
[36mNew:[39m
[36m```[39m
[36mIn addition to auditing new user and group accounts, these watches will alert the system administrator(s) (SAs) to any modifications. Any unexpected users, groups, or modifications should be investigated for legitimacy.[39m



[36m```[39m
[36m---[39m
[36mSV-274114:[39m
[36mOld:[39m
[36m```[39m
[36mIn addition to auditing new user and group accounts, these watches will alert the system administrator(s) to any modifications. Any unexpected users, groups, or modifications should be investigated for legitimacy.[39m

[36m```[39m
[36mNew:[39m
[36m```[39m
[36mIn addition to auditing new user and group accounts, these watches will alert the system administrator(s) (SAs) to any modifications. Any unexpected users, groups, or modifications should be investigated for legitimacy.[39m



[36m```[39m
[36m---[39m
[36mSV-274115:[39m
[36mOld:[39m
[36m```[39m
[36mWithout establishing what type of events occurred, the source of[39m
[36mevents, where events occurred, and the outcome of events, it would be difficult[39m
[36mto establish, correlate, and investigate the events leading up to an outage or[39m
[36mattack.[39m

[36m    Audit record content that may be necessary to satisfy this requirement[39m
[36mincludes, for example, time stamps, source and destination addresses,[39m
[36muser/process identifiers, event descriptions, success/fail indications,[39m
[36mfilenames involved, and access control or flow control rules invoked.[39m

[36m    Enriched logging aids in making sense of who, what, and when events occur[39m
[36mon a system.  Without this, determining root cause of an event will be much[39m
[36mmore difficult.[39m

[36m```[39m
[36mNew:[39m
[36m```[39m
[36mWithout information that establishes the identity of the subjects (i.e., users or processes acting on behalf of users) associated with the events, security personnel cannot determine responsibility for the potentially harmful event.[39m

[36m```[39m
[36m---[39m
[36mSV-274116:[39m
[36mOld:[39m
[36m```[39m
[36mOnly authorized personnel should be aware of errors and the details of the errors. Error messages are an indicator of an organization's operational state or can identify the RHEL 9 system or platform. Additionally, personally identifiable information (PII) and operational information must not be revealed through error messages to unauthorized personnel or their designated representatives.[39m

[36mThe structure and content of error messages must be carefully considered by the organization and development team. The extent to which the information system is able to identify and handle error conditions is guided by organizational policy and operational requirements.[39m

[36m```[39m
[36mNew:[39m
[36m```[39m
[36mOnly authorized personnel should be aware of errors and the details of the errors. Error messages are an indicator of an organization's operational state or can identify Amazon Linux 2023 or platform. Additionally, Personally Identifiable Information (PII) and operational information must not be revealed through error messages to unauthorized personnel or their designated representatives.[39m

[36mThe structure and content of error messages must be carefully considered by the organization and development team. The extent to which the information system is able to identify and handle error conditions is guided by organizational policy and operational requirements.[39m

[36m```[39m
[36m---[39m
[36mSV-274117:[39m
[36mOld:[39m
[36m```[39m
[36mOnly authorized personnel should be aware of errors and the details of the errors. Error messages are an indicator of an organization's operational state or can identify the RHEL 9 system or platform. Additionally, personally identifiable information (PII) and operational information must not be revealed through error messages to unauthorized personnel or their designated representatives.[39m

[36mThe structure and content of error messages must be carefully considered by the organization and development team. The extent to which the information system is able to identify and handle error conditions is guided by organizational policy and operational requirements.[39m

[36m```[39m
[36mNew:[39m
[36m```[39m
[36mOnly authorized personnel should be aware of errors and the details of the errors. Error messages are an indicator of an organization's operational state or can identify Amazon Linux 2023 or platform. Additionally, Personally Identifiable Information (PII) and operational information must not be revealed through error messages to unauthorized personnel or their designated representatives.[39m

[36mThe structure and content of error messages must be carefully considered by the organization and development team. The extent to which the information system is able to identify and handle error conditions is guided by organizational policy and operational requirements.[39m

[36m```[39m
[36m---[39m
[36mSV-274119:[39m
[36mOld:[39m
[36m```[39m
[36mIf RHEL 9 allowed any user to make changes to software libraries, then those changes might be implemented without undergoing the appropriate testing and approvals that are part of a robust change management process.[39m

[36mThis requirement applies to RHEL 9 with software libraries that are accessible and configurable, as in the case of interpreted languages. Software libraries also include privileged programs that execute with escalated privileges.[39m

[36m```[39m
[36mNew:[39m
[36m```[39m
[36mIf Amazon Linux 2023 were to allow any user to make changes to software libraries, then those changes might be implemented without undergoing the appropriate testing and approvals that are part of a robust change management process.[39m

[36mThis requirement applies to operating systems with software libraries that are accessible and configurable, as in the case of interpreted languages. Software libraries also include privileged programs which execute with escalated privileges. Only qualified and authorized individuals shall be allowed to obtain access to information system components for purposes of initiating changes, including upgrades and modifications.[39m

[36m```[39m
[36m---[39m
[36mSV-274120:[39m
[36mOld:[39m
[36m```[39m
[36mIf RHEL 9 allowed any user to make changes to software libraries, then those changes might be implemented without undergoing the appropriate testing and approvals that are part of a robust change management process.[39m

[36mThis requirement applies to RHEL 9 with software libraries that are accessible and configurable, as in the case of interpreted languages. Software libraries also include privileged programs that execute with escalated privileges.[39m

[36m```[39m
[36mNew:[39m
[36m```[39m
[36mIf Amazon Linux 2023 were to allow any user to make changes to software libraries, then those changes might be implemented without undergoing the appropriate testing and approvals that are part of a robust change management process.[39m

[36mThis requirement applies to operating systems with software libraries that are accessible and configurable, as in the case of interpreted languages. Software libraries also include privileged programs which execute with escalated privileges. Only qualified and authorized individuals shall be allowed to obtain access to information system components for purposes of initiating changes, including upgrades and modifications.[39m

[36m```[39m
[36m---[39m
[36mSV-274121:[39m
[36mOld:[39m
[36m```[39m
[36mIf RHEL 9 allowed any user to make changes to software libraries, then those changes might be implemented without undergoing the appropriate testing and approvals that are part of a robust change management process.[39m

[36mThis requirement applies to RHEL 9 with software libraries that are accessible and configurable, as in the case of interpreted languages. Software libraries also include privileged programs that execute with escalated privileges.[39m

[36m```[39m
[36mNew:[39m
[36m```[39m
[36mIf Amazon Linux 2023 were to allow any user to make changes to software libraries, then those changes might be implemented without undergoing the appropriate testing and approvals that are part of a robust change management process.[39m

[36mThis requirement applies to operating systems with software libraries that are accessible and configurable, as in the case of interpreted languages. Software libraries also include privileged programs that execute with escalated privileges. Only qualified and authorized individuals will be allowed to obtain access to information system components for purposes of initiating changes, including upgrades and modifications.[39m

[36m```[39m
[36m---[39m
[36mSV-274122:[39m
[36mOld:[39m
[36m```[39m
[36mIf RHEL 9 allowed any user to make changes to software libraries, then those changes might be implemented without undergoing the appropriate testing and approvals that are part of a robust change management process.[39m

[36mThis requirement applies to RHEL 9 with software libraries that are accessible and configurable, as in the case of interpreted languages. Software libraries also include privileged programs that execute with escalated privileges.[39m

[36m```[39m
[36mNew:[39m
[36m```[39m
[36mIf Amazon Linux 2023 were to allow any user to make changes to software libraries, then those changes might be implemented without undergoing the appropriate testing and approvals that are part of a robust change management process.[39m

[36mThis requirement applies to operating systems with software libraries that are accessible and configurable, as in the case of interpreted languages. Software libraries also include privileged programs that execute with escalated privileges. Only qualified and authorized individuals shall be allowed to obtain access to information system components for purposes of initiating changes, including upgrades and modifications.[39m

[36m```[39m
[36m---[39m
[36mSV-274123:[39m
[36mOld:[39m
[36m```[39m
[36mIf RHEL 9 allowed any user to make changes to software libraries, then those changes might be implemented without undergoing the appropriate testing and approvals that are part of a robust change management process.[39m

[36mThis requirement applies to RHEL 9 with software libraries that are accessible and configurable, as in the case of interpreted languages. Software libraries also include privileged programs that execute with escalated privileges.[39m

[36m```[39m
[36mNew:[39m
[36m```[39m
[36mIf Amazon Linux 2023 were to allow any user to make changes to software libraries, then those changes might be implemented without undergoing the appropriate testing and approvals that are part of a robust change management process.[39m

[36mThis requirement applies to operating systems with software libraries that are accessible and configurable, as in the case of interpreted languages. Software libraries also include privileged programs which execute with escalated privileges. Only qualified and authorized individuals shall be allowed to obtain access to information system components for purposes of initiating changes, including upgrades and modifications.[39m

[36m```[39m
[36m---[39m
[36mSV-274124:[39m
[36mOld:[39m
[36m```[39m
[36mIf RHEL 9 allowed any user to make changes to software libraries, then those changes might be implemented without undergoing the appropriate testing and approvals that are part of a robust change management process.[39m

[36mThis requirement applies to RHEL 9 with software libraries that are accessible and configurable, as in the case of interpreted languages. Software libraries also include privileged programs that execute with escalated privileges.[39m

[36m```[39m
[36mNew:[39m
[36m```[39m
[36mIf Amazon Linux 2023 were to allow any user to make changes to software libraries, then those changes might be implemented without undergoing the appropriate testing and approvals that are part of a robust change management process.[39m

[36mThis requirement applies to operating systems with software libraries that are accessible and configurable, as in the case of interpreted languages. Software libraries also include privileged programs which execute with escalated privileges. Only qualified and authorized individuals shall be allowed to obtain access to information system components for purposes of initiating changes, including upgrades and modifications.[39m

[36m```[39m
[36m---[39m
[36mSV-274125:[39m
[36mOld:[39m
[36m```[39m
[36mOnly authorized personnel should be aware of errors and the details of the errors. Error messages are an indicator of an organization's operational state or can identify the RHEL 9 system or platform. Additionally, personally identifiable information (PII) and operational information must not be revealed through error messages to unauthorized personnel or their designated representatives.[39m

[36mThe structure and content of error messages must be carefully considered by the organization and development team. The extent to which the information system is able to identify and handle error conditions is guided by organizational policy and operational requirements.[39m

[36m```[39m
[36mNew:[39m
[36m```[39m
[36mOnly authorized personnel should be aware of errors and the details of the errors. Error messages are an indicator of an organization's operational state or can identify Amazon Linux 2023 or platform. Additionally, Personally Identifiable Information (PII) and operational information must not be revealed through error messages to unauthorized personnel or their designated representatives.[39m

[36mThe structure and content of error messages must be carefully considered by the organization and development team. The extent to which the information system is able to identify and handle error conditions is guided by organizational policy and operational requirements.[39m

[36m```[39m
[36m---[39m
[36mSV-274128:[39m
[36mOld:[39m
[36m```[39m
[36mOnly authorized personnel should be aware of errors and the details of the errors. Error messages are an indicator of an organization's operational state or can identify the RHEL 9 system or platform. Additionally, personally identifiable information (PII) and operational information must not be revealed through error messages to unauthorized personnel or their designated representatives.[39m

[36mThe structure and content of error messages must be carefully considered by the organization and development team. The extent to which the information system is able to identify and handle error conditions is guided by organizational policy and operational requirements.[39m

[36m```[39m
[36mNew:[39m
[36m```[39m
[36mOnly authorized personnel should be aware of errors and the details of the errors. Error messages are an indicator of an organization's operational state or can identify Amazon Linux 2023 or platform. Additionally, Personally Identifiable Information (PII) and operational information must not be revealed through error messages to unauthorized personnel or their designated representatives.[39m

[36mThe structure and content of error messages must be carefully considered by the organization and development team. The extent to which the information system is able to identify and handle error conditions is guided by organizational policy and operational requirements.[39m

[36m```[39m
[36m---[39m
[36mSV-274129:[39m
[36mOld:[39m
[36m```[39m
[36mOnly authorized personnel should be aware of errors and the details of the errors. Error messages are an indicator of an organization's operational state or can identify the RHEL 9 system or platform. Additionally, personally identifiable information (PII) and operational information must not be revealed through error messages to unauthorized personnel or their designated representatives.[39m

[36mThe structure and content of error messages must be carefully considered by the organization and development team. The extent to which the information system is able to identify and handle error conditions is guided by organizational policy and operational requirements.[39m

[36m```[39m
[36mNew:[39m
[36m```[39m
[36mOnly authorized personnel should be aware of errors and the details of the errors. Error messages are an indicator of an organization's operational state or can identify Amazon Linux 2023 or platform. Additionally, Personally Identifiable Information (PII) and operational information must not be revealed through error messages to unauthorized personnel or their designated representatives.[39m

[36mThe structure and content of error messages must be carefully considered by the organization and development team. The extent to which the information system is able to identify and handle error conditions is guided by organizational policy and operational requirements.[39m

[36m```[39m
[36m---[39m
[36mSV-274130:[39m
[36mOld:[39m
[36m```[39m
[36mOnly authorized personnel should be aware of errors and the details of the errors. Error messages are an indicator of an organization's operational state or can identify the RHEL 9 system or platform. Additionally, personally identifiable information (PII) and operational information must not be revealed through error messages to unauthorized personnel or their designated representatives.[39m

[36mThe structure and content of error messages must be carefully considered by the organization and development team. The extent to which the information system is able to identify and handle error conditions is guided by organizational policy and operational requirements.[39m

[36m```[39m
[36mNew:[39m
[36m```[39m
[36mOnly authorized personnel should be aware of errors and the details of the errors. Error messages are an indicator of an organization's operational state or can identify Amazon Linux 2023 or platform. Additionally, Personally Identifiable Information (PII) and operational information must not be revealed through error messages to unauthorized personnel or their designated representatives.[39m

[36mThe structure and content of error messages must be carefully considered by the organization and development team. The extent to which the information system is able to identify and handle error conditions is guided by organizational policy and operational requirements.[39m

[36m```[39m
[36m---[39m
[36mSV-274131:[39m
[36mOld:[39m
[36m```[39m
[36mIf RHEL 9 allowed any user to make changes to software libraries, then those changes might be implemented without undergoing the appropriate testing and approvals that are part of a robust change management process.[39m

[36mThis requirement applies to RHEL 9 with software libraries that are accessible and configurable, as in the case of interpreted languages. Software libraries also include privileged programs that execute with escalated privileges.[39m

[36m```[39m
[36mNew:[39m
[36m```[39m
[36mIf Amazon Linux 2023 were to allow any user to make changes to software libraries, then those changes might be implemented without undergoing the appropriate testing and approvals that are part of a robust change management process.[39m

[36mThis requirement applies to operating systems with software libraries that are accessible and configurable, as in the case of interpreted languages. Software libraries also include privileged programs which execute with escalated privileges. Only qualified and authorized individuals shall be allowed to obtain access to information system components for purposes of initiating changes, including upgrades and modifications.[39m

[36m```[39m
[36m---[39m
[36mSV-274132:[39m
[36mOld:[39m
[36m```[39m
[36mIf RHEL 9 allowed any user to make changes to software libraries, then those changes might be implemented without undergoing the appropriate testing and approvals that are part of a robust change management process.[39m

[36mThis requirement applies to RHEL 9 with software libraries that are accessible and configurable, as in the case of interpreted languages. Software libraries also include privileged programs that execute with escalated privileges.[39m

[36m```[39m
[36mNew:[39m
[36m```[39m
[36mIf Amazon Linux 2023 were to allow any user to make changes to software libraries, then those changes might be implemented without undergoing the appropriate testing and approvals that are part of a robust change management process.[39m

[36mThis requirement applies to operating systems with software libraries that are accessible and configurable, as in the case of interpreted languages. Software libraries also include privileged programs which execute with escalated privileges. Only qualified and authorized individuals shall be allowed to obtain access to information system components for purposes of initiating changes, including upgrades and modifications.[39m

[36m```[39m
[36m---[39m
[36mSV-274133:[39m
[36mOld:[39m
[36m```[39m
[36mUse of a complex password helps to increase the time and resources required to compromise the password. Password complexity, or strength, is a measure of the effectiveness of a password in resisting attempts at guessing and brute-force attacks. Password complexity is one factor of several that determines how long it takes to crack a password. The more complex the password, the greater the number of possible combinations that need to be tested before the password is compromised. Requiring a minimum number of uppercase characters makes password guessing attacks more difficult by ensuring a larger search space.[39m

[36m```[39m
[36mNew:[39m
[36m```[39m
[36mUse of a complex password helps to increase the time and resources required to compromise the password. Password complexity, or strength, is a measure of the effectiveness of a password in resisting attempts at guessing and brute-force attacks.[39m

[36mPassword complexity is one factor of several that determines how long it takes to crack a password. The more complex the password, the greater the number of possible combinations that need to be tested before the password is compromised.[39m



[36m```[39m
[36m---[39m
[36mSV-274134:[39m
[36mOld:[39m
[36m```[39m
[36mUse of a complex password helps to increase the time and resources required to compromise the password. Password complexity, or strength, is a measure of the effectiveness of a password in resisting attempts at guessing and brute-force attacks.[39m

[36mPassword complexity is one factor of several that determines how long it takes to crack a password. The more complex the password, the greater the number of possible combinations that need to be tested before the password is compromised. Requiring a minimum number of lowercase characters makes password guessing attacks more difficult by ensuring a larger search space.[39m

[36m```[39m
[36mNew:[39m
[36m```[39m
[36mUse of a complex password helps to increase the time and resources required to compromise the password. Password complexity, or strength, is a measure of the effectiveness of a password in resisting attempts at guessing and brute-force attacks.[39m

[36mPassword complexity is one factor of several that determines how long it takes to crack a password. The more complex the password, the greater the number of possible combinations that need to be tested before the password is compromised.[39m



[36m```[39m
[36m---[39m
[36mSV-274135:[39m
[36mOld:[39m
[36m```[39m
[36mUse of a complex password helps to increase the time and resources required to compromise the password. Password complexity, or strength, is a measure of the effectiveness of a password in resisting attempts at guessing and brute-force attacks.[39m

[36mPassword complexity is one factor of several that determines how long it takes to crack a password. The more complex the password, the greater the number of possible combinations that need to be tested before the password is compromised. Requiring digits makes password guessing attacks more difficult by ensuring a larger search space.[39m

[36m```[39m
[36mNew:[39m
[36m```[39m
[36mUse of a complex password helps to increase the time and resources required to compromise the password. Password complexity, or strength, is a measure of the effectiveness of a password in resisting attempts at guessing and brute-force attacks.[39m

[36mPassword complexity is one factor of several that determines how long it takes to crack a password. The more complex the password, the greater the number of possible combinations that need to be tested before the password is compromised.[39m



[36m```[39m
[36m---[39m
[36mSV-274136:[39m
[36mOld:[39m
[36m```[39m
[36mUse of a complex password helps to increase the time and resources required to compromise the password. Password complexity, or strength, is a measure of the effectiveness of a password in resisting attempts at guessing and brute-force attacks.[39m

[36mPassword complexity is one factor of several that determines how long it takes to crack a password. The more complex the password, the greater the number of possible combinations that need to be tested before the password is compromised. Requiring a minimum number of different characters during password changes ensures that newly changed passwords will not resemble previously compromised ones. Note that passwords changed on compromised systems will still be compromised.[39m

[36m```[39m
[36mNew:[39m
[36m```[39m
[36mIf Amazon Linux 2023 allows the user to consecutively reuse extensive portions of passwords, this increases the chances of password compromise by increasing the window of opportunity for attempts at guessing and brute-force attacks.[39m

[36mThe number of changed characters refers to the number of changes required with respect to the total number of positions in the current password. In other words, characters may be the same within the two passwords; however, the positions of the like characters must be different.[39m

[36mIf the password length is an odd number then number of changed characters must be rounded up. For example, a password length of 15 characters must require the change of at least 8 characters.[39m



[36m```[39m
[36m---[39m
[36mSV-274137:[39m
[36mOld:[39m
[36m```[39m
[36mThe shorter the password, the lower the number of possible combinations that need to be tested before the password is compromised.[39m

[36mPassword complexity, or strength, is a measure of the effectiveness of a password in resisting attempts at guessing and brute-force attacks. Password length is one factor of several that helps to determine strength and how long it takes to crack a password. Use of more characters in a password helps to increase exponentially the time and/or resources required to compromise the password.[39m

[36mRHEL 9 uses "pwquality" as a mechanism to enforce password complexity. Configurations are set in the "etc/security/pwquality.conf" file.[39m

[36mThe "minlen", sometimes noted as minimum length, acts as a "score" of complexity based on the credit components of the "pwquality" module. By setting the credit components to a negative value, not only will those components be required, but they will not count toward the total "score" of "minlen". This will enable "minlen" to require a 15-character minimum.[39m

[36mThe DOD minimum password requirement is 15 characters.[39m

[36m```[39m
[36mNew:[39m
[36m```[39m
[36mThe shorter the password, the lower the number of possible combinations that need to be tested before the password is compromised.[39m

[36mPassword complexity, or strength, is a measure of the effectiveness of a password in resisting attempts at guessing and brute-force attacks. Password length is one factor of several that helps to determine strength and how long it takes to crack a password. Use of more characters in a password helps to exponentially increase the time and/or resources required to compromise the password.[39m



[36m```[39m
[36m---[39m
[36mSV-274138:[39m
[36mOld:[39m
[36m```[39m
[36mUse of a complex password helps to increase the time and resources required to compromise the password. Password complexity, or strength, is a measure of the effectiveness of a password in resisting attempts at guessing and brute-force attacks. Password complexity is one factor of several that determines how long it takes to crack a password. The more complex the password, the greater the number of possible combinations that need to be tested before the password is compromised. RHEL 9 utilizes "pwquality" as a mechanism to enforce password complexity. Note that to require special characters without degrading the "minlen" value, the credit value must be expressed as a negative number in "/etc/security/pwquality.conf".[39m

[36m```[39m
[36mNew:[39m
[36m```[39m
[36mUse of a complex password helps to increase the time and resources required to compromise the password. Password complexity or strength is a measure of the effectiveness of a password in resisting attempts at guessing and brute-force attacks.[39m

[36mPassword complexity is one factor in determining how long it takes to crack a password. The more complex the password, the greater the number of possible combinations that need to be tested before the password is compromised.[39m

[36mSpecial characters are those characters that are not alphanumeric. Examples include: ~ ! @ # $ % ^ *.[39m



[36m```[39m
[36m---[39m
[36mSV-274139:[39m
[36mOld:[39m
[36m```[39m
[36mUse of a complex password helps to increase the time and resources required to compromise the password. Password complexity, or strength, is a measure of the effectiveness of a password in resisting attempts at guessing and brute-force attacks.[39m

[36mPassword complexity is one factor of several that determines how long it takes to crack a password. The more complex the password, the greater the number of possible combinations that need to be tested before the password is compromised.[39m

[36m```[39m
[36mNew:[39m
[36m```[39m
[36mUse of a complex password helps to increase the time and resources required to compromise the password. Password complexity, or strength, is a measure of the effectiveness of a password in resisting attempts at guessing and brute-force attacks.[39m

[36mPassword complexity is one factor of several that determines how long it takes to crack a password. The more complex the password, the greater the number of possible combinations that need to be tested before the password is compromised.[39m



[36m```[39m
[36m---[39m
[36mSV-274140:[39m
[36mOld:[39m
[36m```[39m
[36mUse of a complex password helps to increase the time and resources required to compromise the password. Password complexity, or strength, is a measure of the effectiveness of a password in resisting attempts at guessing and brute-force attacks. If RHEL 9 allows the user to select passwords based on dictionary words, this increases the chances of password compromise by increasing the opportunity for successful guesses, and brute-force attacks.[39m

[36m```[39m
[36mNew:[39m
[36m```[39m
[36mUse of a complex password helps to increase the time and resources required to compromise the password. Password complexity, or strength, is a measure of the effectiveness of a password in resisting attempts at guessing and brute-force attacks. If Amazon Linux 2023 allows the user to select passwords based on dictionary words, this increases the chances of password compromise by increasing the opportunity for successful guesses, and brute-force attacks.[39m



[36m```[39m
[36m---[39m
[36mSV-274141:[39m
[36mOld:[39m
[36m```[39m
[36mOperating system management includes the ability to control the number of users and user sessions that utilize an operating system. Limiting the number of allowed users and sessions per user is helpful in reducing the risks related to denial-of-service (DoS) attacks.[39m

[36mThis requirement addresses concurrent sessions for information system accounts and does not address concurrent sessions by single users via multiple system accounts. The maximum number of concurrent sessions must be defined based on mission needs and the operational environment for each system.[39m

[36m```[39m
[36mNew:[39m
[36m```[39m
[36mOperating system management includes the ability to control the number of users and user sessions that utilize an operating system. Limiting the number of allowed users and sessions per user is helpful in reducing the risks related to denial-of-service (DoS) attacks.[39m

[36mThis requirement addresses concurrent sessions for information system accounts and does not address concurrent sessions by single users via multiple system accounts. The maximum number of concurrent sessions should be defined based on mission needs and the operational environment for each system.[39m

[36m```[39m
[36m---[39m
[36mSV-274142:[39m
[36mOld:[39m
[36m```[39m
[36mTerminating an idle interactive command shell user session within a short time period reduces the window of opportunity for unauthorized personnel to take control of it when left unattended in a virtual terminal or physical console.[39m



[36m```[39m
[36mNew:[39m
[36m```[39m
[36mTerminating an idle interactive command shell user session within a short time period reduces the window of opportunity for unauthorized personnel to take control of it when left unattended in a virtual terminal or physical console.[39m

[36m```[39m
[36m---[39m
[36mSV-274143:[39m
[36mOld:[39m
[36m```[39m
[36mEnforcing a minimum password lifetime helps to prevent repeated[39m
[36mpassword changes to defeat the password reuse or history enforcement[39m
[36mrequirement. If users are allowed to immediately and continually change their[39m
[36mpassword, the password could be repeatedly changed in a short period of time to[39m
[36mdefeat the organization's policy regarding password reuse.[39m

[36m```[39m
[36mNew:[39m
[36m```[39m
[36mEnforcing a minimum password lifetime helps to prevent repeated password changes to defeat the password reuse or history enforcement requirement. If users are allowed to immediately and continually change their password, then the password could be repeatedly changed in a short period of time to defeat the organization's policy regarding password reuse.[39m

[36m```[39m
[36m---[39m
[36mSV-274144:[39m
[36mOld:[39m
[36m```[39m
[36mIncreasing the time between a failed authentication attempt and reprompting to enter credentials helps to slow a single-threaded brute force attack.[39m

[36m```[39m
[36mNew:[39m
[36m```[39m
[36mIncreasing the time between a failed authentication attempt and re-prompting to enter credentials helps to slow a single-threaded brute force attack.[39m

[36m```[39m
[36m---[39m
[36mSV-274145:[39m
[36mOld:[39m
[36m```[39m
[36mSetting the most restrictive default permissions ensures that when new[39m
[36maccounts are created, they do not have unnecessary access.[39m

[36m```[39m
[36mNew:[39m
[36m```[39m
[36mSetting the most restrictive default permissions ensures that when new accounts are created, they do not have unnecessary access.[39m



[36m```[39m
[36m---[39m
[36mSV-274147:[39m
[36mOld:[39m
[36m```[39m
[36mWithout auditing of these events, it may be harder or impossible to identify what an attacker did after an attack.[39m

[36m```[39m
[36mNew:[39m
[36m```[39m
[36mBy limiting the number of failed logon attempts, the risk of unauthorized system access via user password guessing, otherwise known as brute-force attacks, is reduced. Limits are imposed by locking the account.[39m

[36mAmazon Linux 2023 can utilize the "pam_faillock.so" for this purpose. Note that manual changes to the listed files may be overwritten by the "authselect" program.[39m

[36mFrom "Pam_Faillock" man pages: Note that the default directory that "pam_faillock" uses is usually cleared on system boot so the access will be re-enabled after system reboot. If that is undesirable, a different tally directory must be set with the "dir" option.[39m

[36m```[39m
[36m---[39m
[36mSV-274148:[39m
[36mOld:[39m
[36m```[39m
[36mAny password, no matter how complex, can eventually be cracked; therefore, passwords need to be changed periodically. If RHEL 9 does not limit the lifetime of passwords and force users to change their passwords, there is the risk that RHEL 9 passwords could be compromised.[39m

[36m```[39m
[36mNew:[39m
[36m```[39m
[36mAny password, no matter how complex, can eventually be cracked. Therefore, passwords need to be changed periodically. If Amazon Linux 2023 does not limit the lifetime of passwords and force users to change their passwords, there is the risk that Amazon Linux 2023 passwords could be compromised.[39m

[36m```[39m
[36m---[39m
[36mSV-274149:[39m
[36mOld:[39m
[36m```[39m
[36mInactive identifiers pose a risk to systems and applications because attackers may exploit an inactive identifier and potentially obtain undetected access to the system.[39m

[36mDisabling inactive accounts ensures that accounts which may not have been responsibly removed are not available to attackers who may have compromised their credentials.[39m

[36mOwners of inactive accounts will not notice if unauthorized access to their user account has been obtained.[39m

[36m```[39m
[36mNew:[39m
[36m```[39m
[36mInactive identifiers pose a risk to systems and applications because attackers may exploit an inactive identifier and potentially obtain undetected access to the system. Owners of inactive accounts will not notice if unauthorized access to their user account has been obtained.[39m

[36mOperating systems need to track periods of inactivity and disable application identifiers after 35 days of inactivity.[39m



[36m```[39m
[36m---[39m
[36mSV-274150:[39m
[36mOld:[39m
[36m```[39m
[36mTemporary accounts are privileged or nonprivileged accounts that are[39m
[36m    established during pressing circumstances, such as new software or hardware[39m
[36m    configuration or an incident response, where the need for prompt account[39m
[36m    activation requires bypassing normal account authorization procedures.[39m

[36m    If any inactive temporary accounts are left enabled on the system and are[39m
[36m    not either manually removed or automatically expired within 72 hours, the[39m
[36m    security posture of the system will be degraded and exposed to exploitation[39m
[36m    by unauthorized users or insider threat actors.[39m

[36m    Temporary accounts are different from emergency accounts. Emergency accounts,[39m
[36m    also known as "last resort" or "break glass" accounts, are local logon accounts[39m
[36m    enabled on the system for emergency use by authorized system administrators[39m
[36m    to manage a system when standard logon methods are failing or not available.[39m

[36m    Emergency accounts are not subject to manual removal or scheduled expiration[39m
[36m    requirements.[39m

[36m    The automatic expiration of temporary accounts may be extended as needed by[39m
[36m    the circumstances but it must not be extended indefinitely. A documented[39m
[36m    permanent account should be established for privileged users who need long-term[39m
[36m    maintenance accounts.[39m

[36m```[39m
[36mNew:[39m
[36m```[39m
[36mTemporary accounts are privileged or nonprivileged accounts that are established during pressing circumstances, such as new software or hardware configuration or an incident response, where the need for prompt account activation requires bypassing normal account authorization procedures. If any inactive temporary accounts are left enabled on the system and are not either manually removed or automatically expired within 72 hours, the security posture of the system will be degraded and exposed to exploitation by unauthorized users or insider threat actors.[39m

[36mTemporary accounts are different from emergency accounts. Emergency accounts, also known as "last resort" or "break glass" accounts, are local logon accounts enabled on the system for emergency use by authorized system administrators to manage a system when standard logon methods are failing or not available. Emergency accounts are not subject to manual removal or scheduled expiration requirements.[39m

[36mThe automatic expiration of temporary accounts may be extended as needed by the circumstances but it must not be extended indefinitely. A documented permanent account must be established for privileged users who need long-term maintenance accounts.[39m

[36m```[39m
[36m---[39m
[36mSV-274153:[39m
[36mOld:[39m
[36m```[39m
[36mWithout verification of the security functions, security functions may[39m
[36mnot operate correctly and the failure may go unnoticed. Security function is[39m
[36mdefined as the hardware, software, and/or firmware of the information system[39m
[36mresponsible for enforcing the system security policy and supporting the[39m
[36misolation of code and data on which the protection is based. Security[39m
[36mfunctionality includes, but is not limited to, establishing system accounts,[39m
[36mconfiguring access authorizations (i.e., permissions, privileges), setting[39m
[36mevents to be audited, and setting intrusion detection parameters.[39m

[36m    This requirement applies to operating systems performing security function[39m
[36mverification/testing and/or systems and environments that require this[39m
[36mfunctionality.[39m

[36m```[39m
[36mNew:[39m
[36m```[39m
[36mAn isolation boundary provides access control and protects the integrity of the hardware, software, and firmware that perform security functions.[39m

[36mSecurity functions are the hardware, software, and/or firmware of the information system responsible for enforcing the system security policy and supporting the isolation of code and data on which the protection is based. Operating systems implement code separation (i.e., separation of security functions from nonsecurity functions) in a number of ways, including through the provision of security kernels via processor rings or processor modes. For nonkernel code, security function isolation is often achieved through file system protections that serve to protect the code on disk and address space protections that protect executing code.[39m

[36mDevelopers and implementers can increase the assurance in security functions by employing well-defined security policy models; structured, disciplined, and rigorous hardware and software development techniques; and sound system/security engineering principles. Implementation may include isolation of memory space and libraries. Operating systems restrict access to security functions through the use of access control mechanisms and by implementing least privilege capabilities.[39m



[36m```[39m
[36m---[39m
[36mSV-274154:[39m
[36mOld:[39m
[36m```[39m
[36mBy limiting the number of failed logon attempts, the risk of unauthorized system access via user password guessing, otherwise known as brute-force attacks, is reduced. Limits are imposed by locking the account.[39m

[36m```[39m
[36mNew:[39m
[36m```[39m
[36mBy limiting the number of failed logon attempts, the risk of unauthorized system access via user password guessing, otherwise known as brute-forcing, is reduced. Limits are imposed by locking the account.[39m

[36m```[39m
[36m---[39m
[36mSV-274155:[39m
[36mOld:[39m
[36m```[39m
[36mBy limiting the number of failed logon attempts, the risk of unauthorized system access via user password guessing, also known as brute-forcing, is reduced. Limits are imposed by locking the account.[39m

[36m```[39m
[36mNew:[39m
[36m```[39m
[36mBy limiting the number of failed logon attempts, the risk of unauthorized system access via user password guessing, otherwise known as brute-forcing, is reduced. Limits are imposed by locking the account.[39m

[36m```[39m
[36m---[39m
[36mSV-274156:[39m
[36mOld:[39m
[36m```[39m
[36mBy limiting the number of failed logon attempts the risk of unauthorized system access via user password guessing, otherwise known as brute-forcing, is reduced. Limits are imposed by locking the account.[39m

[36m```[39m
[36mNew:[39m
[36m```[39m
[36mBy limiting the number of failed logon attempts, the risk of unauthorized system access via user password guessing, otherwise known as brute-forcing, is reduced. Limits are imposed by locking the account.[39m

[36m```[39m
[36m---[39m
[36mSV-274157:[39m
[36mOld:[39m
[36m```[39m
[36mBy limiting the number of failed logon attempts the risk of unauthorized system access via user password guessing, otherwise known as brute-forcing, is reduced. Limits are imposed by locking the account.[39m

[36m```[39m
[36mNew:[39m
[36m```[39m
[36mBy limiting the number of failed logon attempts, the risk of unauthorized system access via user password guessing, otherwise known as brute-forcing, is reduced. Limits are imposed by locking the account.[39m

[36m```[39m
[36m---[39m
[36mSV-274158:[39m
[36mOld:[39m
[36m```[39m
[36mNot exposing the management interface of the chrony daemon on the network diminishes the attack space.[39m

[36m```[39m
[36mNew:[39m
[36m```[39m
[36mTo prevent unauthorized connection of devices, unauthorized transfer of information, or unauthorized tunneling (i.e., embedding of data types within data types), organizations must disable or restrict unused or unnecessary physical and logical ports/protocols on information systems.[39m

[36mOperating systems are capable of providing a variety of functions and services. Some of the functions and services provided by default may not be necessary to support essential organizational operations. Additionally, it is sometimes convenient to provide multiple services from a single component (e.g., VPN and IPS); however, doing so increases risk over limiting the services provided by any one component.[39m

[36mTo support the requirements and principles of least functionality, Amazon Linux 2023 must support the organizational requirements, providing only essential capabilities and limiting the use of ports, protocols, and/or services to only those required, authorized, and approved to conduct official business or to address authorized quality of life issues.[39m



[36m```[39m
[36m---[39m
[36mSV-274159:[39m
[36mOld:[39m
[36m```[39m
[36mTo ensure accountability and prevent unauthenticated access, interactive users must be identified and authenticated to prevent potential misuse and compromise of the system.[39m

[36m```[39m
[36mNew:[39m
[36m```[39m
[36mIf a user is assigned the group identifier (GID) of a group that does not exist on the system, and a group with the GID is subsequently created, the user may have unintended rights to any files associated with the group.[39m



[36m```[39m
[36m---[39m
[36mSV-274160:[39m
[36mOld:[39m
[36m```[39m
[36mIf a user is assigned the Group Identifier (GID) of a group that does not exist on the system, and a group with the GID is subsequently created, the user may have unintended rights to any files associated with the group.[39m

[36m```[39m
[36mNew:[39m
[36m```[39m
[36mTo ensure accountability and prevent unauthenticated access, interactive users must be identified and authenticated to prevent potential misuse and compromise of the system.[39m



[36m```[39m
[36m---[39m
[36mSV-274162:[39m
[36mOld:[39m
[36m```[39m
[36mPasswords need to be protected at all times, and encryption is the standard method for protecting passwords. If passwords are not encrypted, they can be plainly read (i.e., clear text) and easily compromised. Passwords that are encrypted with a weak algorithm are no more protected than if they are kept in plain text.[39m

[36mUsing more hashing rounds makes password cracking attacks more difficult.[39m

[36m```[39m
[36mNew:[39m
[36m```[39m
[36mUnapproved mechanisms, used for authentication to the cryptographic module are not verified and therefore, cannot be relied upon to provide confidentiality or integrity, and DOD data may be compromised.[39m

[36mOperating systems utilizing encryption are required to use FIPS-compliant mechanisms for authenticating to cryptographic modules. [39m

[36mFIPS 140-2/140-3 is the current standard for validating that mechanisms used to access cryptographic modules utilize authentication that meets DOD requirements. This allows for Security Levels 1, 2, 3, or 4 for use on a general purpose computing system.[39m



[36m```[39m
[36m---[39m
[36mSV-274163:[39m
[36mOld:[39m
[36m```[39m
[36mPasswords need to be protected at all times, and encryption is the standard method for protecting passwords. If passwords are not encrypted, they can be plainly read (i.e., clear text) and easily compromised. Passwords that are encrypted with a weak algorithm are no more protected than if they are kept in plain text.[39m

[36mUsing more hashing rounds makes password cracking attacks more difficult.[39m

[36m```[39m
[36mNew:[39m
[36m```[39m
[36mUnapproved mechanisms used for authentication to the cryptographic module are not verified and therefore, cannot be relied upon to provide confidentiality or integrity, and DOD data may be compromised.[39m

[36mOperating systems utilizing encryption are required to use FIPS-compliant mechanisms for authenticating to cryptographic modules. [39m

[36mFIPS 140-2/140-3 is the current standard for validating that mechanisms used to access cryptographic modules utilize authentication that meets DOD requirements. This allows for Security Levels 1, 2, 3, or 4 for use on a general purpose computing system.[39m



[36m```[39m
[36m---[39m
[36mSV-274165:[39m
[36mOld:[39m
[36m```[39m
[36mPreventing unauthorized information transfers mitigates the risk of information, including encrypted representations of information, produced by the actions of prior users/roles (or the actions of processes acting on behalf of prior users/roles) from being available to any current users/roles (or current processes) that obtain access to shared system resources (e.g., registers, main memory, hard disks) after those resources have been released back to information systems. The control of information in shared resources is also commonly referred to as object reuse and residual information protection.[39m

[36mThis requirement generally applies to the design of an information technology product, but it can also apply to the configuration of particular information system components that are, or use, such products. This can be verified by acceptance/validation processes in DOD or other government agencies.[39m

[36m```[39m
[36mNew:[39m
[36m```[39m
[36mPreventing unauthorized information transfers mitigates the risk of information, including encrypted representations of information, produced by the actions of prior users/roles (or the actions of processes acting on behalf of prior users/roles) from being available to any current users/roles (or current processes) that obtain access to shared system resources (e.g., registers, main memory, hard disks) after those resources have been released back to information systems. The control of information in shared resources is also commonly referred to as object reuse and residual information protection.[39m

[36mThis requirement generally applies to the design of an information technology product, but it can also apply to the configuration of particular information system components that are, or use, such products. This can be verified by acceptance/validation processes in DOD or other government agencies.[39m

[36mThere may be shared resources with configurable protections (e.g., files in storage) that may be assessed on specific information system components.[39m

[36m```[39m
[36m---[39m
[36mSV-274166:[39m
[36mOld:[39m
[36m```[39m
[36mTerminating an idle session within a short time period reduces the window of opportunity for unauthorized personnel to take control of a management session enabled on the console or console port that has been left unattended.[39m

[36m```[39m
[36mNew:[39m
[36m```[39m
[36mTerminating an idle session within a short time period reduces the window of opportunity for unauthorized personnel to take control of a management session enabled on the console or console port that has been left unattended. In addition, quickly terminating an idle session will also free up resources committed by the managed network element. [39m

[36mTerminating network connections associated with communications sessions includes, for example, de-allocating associated TCP/IP address/port pairs at Amazon Linux 2023 level, and de-allocating networking assignments at the application level if multiple application sessions are using a single operating system-level network connection. This does not mean that Amazon Linux 2023 terminates all sessions or network access; it only ends the inactive session and releases the resources associated with that session.[39m

[36m```[39m
[36m---[39m
[36mSV-274167:[39m
[36mOld:[39m
[36m```[39m
[36mWithout generating audit records specific to the security and mission needs of the organization, it would be difficult to establish, correlate, and investigate the events relating to an incident or identify those responsible for one.[39m

[36mAudit records can be generated from various components within the information system (e.g., module or policy filter).[39m

[36mWhen a user logs on, the auid is set to the uid of the account being authenticated. Daemons are not user sessions and have the loginuid set to -1. The auid representation is an unsigned 32-bit integer, which equals 4294967295. The audit system interprets -1, 4294967295, and "unset" in the same way.[39m

[36mThe system call rules are loaded into a matching engine that intercepts each system call made by all programs on the system. Therefore, it is very important to use system call rules only when absolutely necessary since these affect performance. The more rules, the bigger the performance hit. The performance can be helped, however, by combining system calls into one rule whenever possible.[39m

[36m```[39m
[36mNew:[39m
[36m```[39m
[36mWithout the capability to generate audit records, it would be difficult to establish, correlate, and investigate the events relating to an incident or identify those responsible for one.[39m

[36mIf auditing is enabled late in the startup process, the actions of some startup processes may not be audited. Some audit systems also maintain state information only available if auditing is enabled before a given process is created.[39m



[36m```[39m
[36m---[39m
[36mSV-274168:[39m
[36mOld:[39m
[36m```[39m
[36mWithout the capability to generate audit records, it would be[39m
[36mdifficult to establish, correlate, and investigate the events relating to an[39m
[36mincident or identify those responsible for one.[39m

[36m    If auditing is enabled late in the startup process, the actions of some[39m
[36mstartup processes may not be audited. Some audit systems also maintain state[39m
[36minformation only available if auditing is enabled before a given process is[39m
[36mcreated.[39m

[36m    Audit records can be generated from various components within the[39m
[36minformation system (e.g., module or policy filter).[39m

[36m    Allocating an audit_backlog_limit of sufficient size is critical in[39m
[36mmaintaining a stable boot process.  With an insufficient limit allocated, the[39m
[36msystem is susceptible to boot failures and crashes.[39m

[36m```[39m
[36mNew:[39m
[36m```[39m
[36mWithout the capability to generate audit records, it would be difficult to establish, correlate, and investigate the events relating to an incident or identify those responsible for one.[39m

[36mIf auditing is enabled late in the startup process, the actions of some startup processes may not be audited. Some audit systems also maintain state information only available if auditing is enabled before a given process is created.[39m

[36mAudit records can be generated from various components within the information system (e.g., module or policy filter).[39m

[36mAllocating an audit_backlog_limit of sufficient size is critical in maintaining a stable boot process. With an insufficient limit allocated, the system is susceptible to boot failures and crashes.[39m



[36m```[39m
[36m---[39m
[36mSV-274169:[39m
[36mOld:[39m
[36m```[39m
[36mDAC is based on the notion that individual users are "owners" of objects and therefore have discretion over who should be authorized to access the object and in which mode (e.g., read or write). Ownership is usually acquired as a consequence of creating the object or via specified ownership assignment. DAC allows the owner to determine who will have access to objects they control. An example of DAC includes user-controlled file permissions.[39m

[36mWhen discretionary access control policies are implemented, subjects are not constrained with regard to what actions they can take with information for which they have already been granted access. Thus, subjects that have been granted access to information are not prevented from passing (i.e., the subjects have the discretion to pass) the information to other subjects or objects. A subject that is constrained in its operation by Mandatory Access Control policies is still able to operate under the less rigorous constraints of this requirement. Thus, while Mandatory Access Control imposes constraints preventing a subject from passing information to another subject operating at a different sensitivity level, this requirement permits the subject to pass the information to any subject at the same sensitivity level. The policy is bounded by the information system boundary. Once the information is passed outside the control of the information system, additional means may be required to ensure the constraints remain in effect. While the older, more traditional definitions of discretionary access control require identity-based access control, that limitation is not required for this use of discretionary access control.[39m

[36mBy enabling the fs.protected_hardlinks kernel parameter, users can no longer create soft or hard links to files they do not own. Disallowing such hardlinks mitigate vulnerabilities based on insecure file system accessed by privileged programs, avoiding an exploitation vector exploiting unsafe use of open() or creat().[39m

[36mThe sysctl --system command will load settings from all system configuration files. All configuration files are sorted by their filename in lexicographical order, regardless of the directories in which they reside. If multiple files specify the same option, the entry in the file with the lexicographically latest name will take precedence. Files are read from directories in the following list from top to bottom. Once a file of a given filename is loaded, any file of the same name in subsequent directories is ignored.[39m

[36m/etc/sysctl.d/*.conf[39m
[36m/run/sysctl.d/*.conf[39m
[36m/usr/local/lib/sysctl.d/*.conf[39m
[36m/usr/lib/sysctl.d/*.conf[39m
[36m/lib/sysctl.d/*.conf[39m
[36m/etc/sysctl.conf[39m

[36m```[39m
[36mNew:[39m
[36m```[39m
[36mBy enabling the fs.protected_hardlinks kernel parameter, users can no longer create soft or hard links to files they do not own. Disallowing such hardlinks mitigates vulnerabilities based on insecure file system accessed by privileged programs, avoiding an exploitation vector exploiting unsafe use of open() or creat().[39m



[36m```[39m
[36m---[39m
[36mSV-274170:[39m
[36mOld:[39m
[36m```[39m
[36mDAC is based on the notion that individual users are "owners" of objects and therefore have discretion over who should be authorized to access the object and in which mode (e.g., read or write). Ownership is usually acquired as a consequence of creating the object or via specified ownership assignment. DAC allows the owner to determine who will have access to objects they control. An example of DAC includes user-controlled file permissions.[39m

[36mWhen discretionary access control policies are implemented, subjects are not constrained with regard to what actions they can take with information for which they have already been granted access. Thus, subjects that have been granted access to information are not prevented from passing (i.e., the subjects have the discretion to pass) the information to other subjects or objects. A subject that is constrained in its operation by Mandatory Access Control policies is still able to operate under the less rigorous constraints of this requirement. Thus, while Mandatory Access Control imposes constraints preventing a subject from passing information to another subject operating at a different sensitivity level, this requirement permits the subject to pass the information to any subject at the same sensitivity level. The policy is bounded by the information system boundary. Once the information is passed outside the control of the information system, additional means may be required to ensure the constraints remain in effect. While the older, more traditional definitions of discretionary access control require identity-based access control, that limitation is not required for this use of discretionary access control.[39m

[36mBy enabling the fs.protected_symlinks kernel parameter, symbolic links are permitted to be followed only when outside a sticky world-writable directory, or when the UID of the link and follower match, or when the directory owner matches the symlink's owner. Disallowing such symlinks helps mitigate vulnerabilities based on insecure file system accessed by privileged programs, avoiding an exploitation vector exploiting unsafe use of open() or creat().[39m

[36mThe sysctl --system command will load settings from all system configuration files. All configuration files are sorted by their filename in lexicographical order, regardless of the directories in which they reside. If multiple files specify the same option, the entry in the file with the lexicographically latest name will take precedence. Files are read from directories in the following list from top to bottom. Once a file of a given filename is loaded, any file of the same name in subsequent directories is ignored.[39m

[36m/etc/sysctl.d/*.conf[39m
[36m/run/sysctl.d/*.conf[39m
[36m/usr/local/lib/sysctl.d/*.conf[39m
[36m/usr/lib/sysctl.d/*.conf[39m
[36m/lib/sysctl.d/*.conf[39m
[36m/etc/sysctl.conf[39m

[36m```[39m
[36mNew:[39m
[36m```[39m
[36mBy enabling the fs.protected_symlinks kernel parameter, symbolic links are permitted to be followed only when outside a sticky world-writable directory, or when the user identifier (UID) of the link and follower match, or when the directory owner matches the symlink's owner. Disallowing such symlinks helps mitigate vulnerabilities based on insecure file system accessed by privileged programs, avoiding an exploitation vector exploiting unsafe use of open() or creat().[39m



[36m```[39m
[36m---[39m
[36mSV-274173:[39m
[36mOld:[39m
[36m```[39m
[36mThe debug-shell requires no authentication and provides root[39m
[36mprivileges to anyone who has physical access to the machine.  While this[39m
[36mfeature is disabled by default, masking it adds an additional layer of[39m
[36massurance that it will not be enabled via a dependency in systemd.  This also[39m
[36mprevents attackers with physical access from trivially bypassing security on[39m
[36mthe machine through valid troubleshooting configurations and gaining root[39m
[36maccess when the system is rebooted.[39m

[36m```[39m
[36mNew:[39m
[36m```[39m
[36mThe debug-shell requires no authentication and provides root privileges to anyone who has physical access to the machine. While this feature is disabled by default, masking it adds an additional layer of assurance that it will not be enabled via a dependency in systemd. This also prevents attackers with physical access from trivially bypassing security on the machine through valid troubleshooting configurations and gaining root access when the system is rebooted.[39m

[36m```[39m
[36m---[39m
[36mSV-274175:[39m
[36mOld:[39m
[36m```[39m
[36mInaccurate time stamps make it more difficult to correlate events and can lead to an inaccurate analysis. Determining the correct time a particular event occurred on a system is critical when conducting forensic analysis and investigating system events. Sources outside the configured acceptable allowance (drift) may be inaccurate.[39m

[36mSynchronizing internal information system clocks provides uniformity of time stamps for information systems with multiple system clocks and systems connected over a network.[39m

[36mDepending on the infrastructure being used the "pool" directive may not be supported.[39m

[36mAuthoritative time sources include the United States Naval Observatory (USNO) time servers, a time server designated for the appropriate DOD network (NIPRNet/SIPRNet), and/or the Global Positioning System (GPS).[39m

[36m```[39m
[36mNew:[39m
[36m```[39m
[36mInaccurate time stamps make it more difficult to correlate events and can lead to an inaccurate analysis. Determining the correct time a particular event occurred on a system is critical when conducting forensic analysis and investigating system events. Sources outside the configured acceptable allowance (drift) may be inaccurate.[39m

[36mSynchronizing internal information system clocks provides uniformity of time stamps for information systems with multiple system clocks and systems connected over a network.[39m

[36mDepending on the infrastructure in use, the "pool" directive may not be supported.[39m



[36m```[39m
[36m---[39m
[36mSV-274177:[39m
[36mOld:[39m
[36m```[39m
[36mThe Red Hat Subscription Manager application manages software subscriptions and software repositories for installed software products on the local system. It communicates with backend servers, such as the Red Hat Customer Portal or an on-premise instance of Subscription Asset Manager, to register the local system and grant access to software resources determined by the subscription entitlement.[39m

[36m```[39m
[36mNew:[39m
[36m```[39m
[36mChanges to any software components can have significant effects on the overall security of Amazon Linux 2023. This requirement ensures the software has not been tampered with and that it has been provided by a trusted vendor.[39m

[36mAll software packages must be signed with a cryptographic key recognized and approved by the organization.[39m

[36mVerifying the authenticity of software prior to installation validates the integrity of the software package received from a vendor. This verifies the software has not been tampered with and that it has been provided by a trusted vendor.[39m

[36m```[39m
[36m---[39m
[36mSV-274178:[39m
[36mOld:[39m
[36m```[39m
[36mThe "nodev" mount option causes the system to not interpret character or block special devices. Executing character or block special devices from untrusted file systems increases the opportunity for nonprivileged users to attain unauthorized administrative access.[39m

[36mThe only legitimate location for device files is the "/dev" directory located on the root partition, with the exception of chroot jails if implemented.[39m

[36m```[39m
[36mNew:[39m
[36m```[39m
[36mThe "nosuid" mount option causes the system not to execute "setuid" and "setgid" files with owner privileges. This option must be used for mounting any file system not containing approved "setuid" and "setguid" files. Executing files from untrusted file systems increases the opportunity for nonprivileged users to attain unauthorized administrative access.[39m

[36m```[39m
[36m---[39m
[36mSV-274179:[39m
[36mOld:[39m
[36m```[39m
[36mThe "nodev" mount option causes the system to not interpret character or block special devices. Executing character or block special devices from untrusted file systems increases the opportunity for nonprivileged users to attain unauthorized administrative access.[39m

[36mThe only legitimate location for device files is the "/dev" directory located on the root partition, with the exception of chroot jails if implemented.[39m

[36m```[39m
[36mNew:[39m
[36m```[39m
[36mThe "nodev" mount option causes the system to not interpret character or block special devices. Executing character or block special devices from untrusted file systems increases the opportunity for nonprivileged users to attain unauthorized administrative access.[39m

[36m```[39m
[36m---[39m
[36mSV-274181:[39m
[36mOld:[39m
[36m```[39m
[36mThe information system ensures that even if the information system is compromised, that compromise will not affect credentials stored on the authentication device.[39m

[36mThe daemon program for pcsc-lite and the MuscleCard framework is pcscd. It is a resource manager that coordinates communications with smart card readers and smart cards and cryptographic tokens that are connected to the system.[39m

[36m```[39m
[36mNew:[39m
[36m```[39m
[36mThe information system ensures that even if the information system is compromised, that compromise will not affect credentials stored on the authentication device.[39m

[36mThe daemon program for pcsc-lite and the MuscleCard framework is pcscd. It is a resource manager that coordinates communications with smart card readers and smart cards and cryptographic tokens connected to the system.[39m

[36m```[39m
[36m---[39m
[36mSV-274182:[39m
[36mOld:[39m
[36m```[39m
[36mThe USBguard-daemon is the main component of the USBGuard software framework. It runs as a service in the background and enforces the USB device authorization policy for all USB devices. The policy is defined by a set of rules using a rule language described in the usbguard-rules.conf file. The policy and the authorization state of USB devices can be modified during runtime using the usbguard tool.[39m

[36mThe system administrator (SA) must work with the site information system security officer (ISSO) to determine a list of authorized peripherals and establish rules within the USBGuard software framework to allow only authorized devices.[39m

[36m```[39m
[36mNew:[39m
[36m```[39m
[36mWithout authenticating devices, unidentified or unknown devices may be introduced, thereby facilitating malicious activity.[39m

[36mPeripherals include, but are not limited to, such devices as flash drives, external storage, and printers.[39m

[36m```[39m
[36m---[39m
[36mSV-274183:[39m
[36mOld:[39m
[36m```[39m
[36mDoS is a condition when a resource is not available for legitimate users. When this occurs, the organization either cannot accomplish its mission or must operate at degraded capacity.[39m

[36mThis requirement addresses the configuration of RHEL 9 to mitigate the impact of DoS attacks that have occurred or are ongoing on system availability. For each system, known and potential DoS attacks must be identified and solutions for each type implemented. A variety of technologies exists to limit or, in some cases, eliminate the effects of DoS attacks (e.g., limiting processes or establishing memory partitions). Employing increased capacity and bandwidth, combined with service redundancy, may reduce the susceptibility to some DoS attacks.[39m

[36m```[39m
[36mNew:[39m
[36m```[39m
[36mDoS is a condition when a resource is not available for legitimate users. When this occurs, the organization either cannot accomplish its mission or must operate at degraded capacity.[39m

[36mThis requirement addresses the configuration of Amazon Linux 2023 to mitigate the impact of DoS attacks that have occurred or are ongoing on system availability. For each system, known and potential DoS attacks must be identified and solutions for each type implemented. A variety of technologies exist to limit or, in some cases, eliminate the effects of DoS attacks (e.g., limiting processes or establishing memory partitions). Employing increased capacity and bandwidth, combined with service redundancy, may reduce the susceptibility to some DoS attacks.[39m

[36m```[39m
[36m---[39m
[36mSV-274184:[39m
[36mOld:[39m
[36m```[39m
[36mExecShield uses the segmentation feature on all x86 systems to prevent execution in memory higher than a certain address. It writes an address as a limit in the code segment descriptor, to control where code can be executed, on a per-process basis. When the kernel places a process's memory regions such as the stack and heap higher than this address, the hardware prevents execution in that address range. This is enabled by default on the latest Red Hat and Fedora systems if supported by the hardware.[39m

[36mChecking dmesg will return a false-positive if the system has generated enough kernel messages that the "(Execute Disable) protection: active" line is no longer present in the output from dmesg(1). A better way to ensure that ExecShield is enabled is to first ensure all processors support the NX feature, and then to check that noexec was not passed to the kernel command line.[39m

[36m```[39m
[36mNew:[39m
[36m```[39m
[36mThe no-execute (NX) feature uses the segmentation feature on all x86 systems to prevent execution in memory higher than a certain address. It writes an address as a limit in the code segment descriptor, to control where code can be executed, on a per-process basis. When the kernel places a process's memory regions such as the stack and heap higher than this address, the hardware prevents execution in that address range. This is enabled by default on the latest Red Hat and Fedora systems if supported by the hardware.[39m

[36m```[39m
[36m---[39m
[36mSV-274187:[39m
[36mOld:[39m
[36m```[39m
[36mIf modification of login user identifiers (UIDs) is not prevented, they can be changed by nonprivileged users and make auditing complicated or impossible.[39m

[36m```[39m
[36mNew:[39m
[36m```[39m
[36mIf modification of login UIDs is not prevented, they can be changed by nonprivileged users and make auditing complicated or impossible.[39m



[36m```[39m
[36m---[39m
[36mSV-283440:[39m
[36mOld:[39m
[36m```[39m
[36mWithout cryptographic integrity protections, information can be altered by unauthorized users without detection.[39m

[36mCryptographic mechanisms used for protecting the integrity of information include, for example, signed hash functions using asymmetric cryptography enabling distribution of the public key to verify the hash information while maintaining the confidentiality of the secret key used to generate the hash.[39m

[36mRHEL 9 incorporates system-wide crypto policies by default. The employed algorithms can be viewed in the /etc/crypto-policies/back-ends/ directory.[39m

[36m```[39m
[36mNew:[39m
[36m```[39m
[36mWithout cryptographic integrity protections, information can be altered by unauthorized users without detection.[39m

[36mCryptographic mechanisms used for protecting the integrity of information include, for example, signed hash functions using asymmetric cryptography enabling distribution of the public key to verify the hash information while maintaining the confidentiality of the secret key used to generate the hash.[39m

[36mAmazon Linux 2023 incorporates system-wide crypto policies by default. The employed algorithms can be viewed in the /etc/crypto-policies/back-ends/ directory.[39m



[36m```[39m
[36m---[39m
[36mSV-283441:[39m
[36mOld:[39m
[36m```[39m
[36mOverriding the system crypto policy makes the behavior of the Libreswan service violate expectations, and makes system configuration more fragmented.[39m

[36m```[39m
[36mNew:[39m
[36m```[39m
[36mUse of weak or untested encryption algorithms undermines the purposes of utilizing encryption to protect data. The operating system must implement cryptographic modules adhering to the higher standards approved by the federal government since this provides assurance they have been tested and validated. This includes NIST FIPS-validated cryptography for the following: Provisioning digital signatures, generating cryptographic hashes, and to protect data requiring data-at-rest protections in accordance with applicable federal laws, Executive Orders, directives, policies, regulations, and standards.[39m



[36m```[39m
[36m---[39m
[36mSV-283442:[39m
[36mOld:[39m
[36m```[39m
[36mWithout cryptographic integrity protections, information can be altered by unauthorized users without detection.[39m

[36mRemote access (e.g., RDP) is access to DOD nonpublic information systems by an authorized user (or an information system) communicating through an external, nonorganization-controlled network. Remote access methods include, for example, dial-up, broadband, and wireless.[39m

[36mCryptographic mechanisms used for protecting the integrity of information include, for example, signed hash functions using asymmetric cryptography, enabling distribution of the public key to verify the hash information while maintaining the confidentiality of the secret key used to generate the hash.[39m

[36mRHEL 9 incorporates systemwide crypto policies by default. The SSH configuration file has no effect on the ciphers, MACs, or algorithms unless specifically defined in the /etc/sysconfig/sshd file. The employed algorithms can be viewed in the /etc/crypto-policies/back-ends/openssh.config file.[39m

[36m```[39m
[36mNew:[39m
[36m```[39m
[36mWithout cryptographic integrity protections, information can be altered by unauthorized users without detection. [39m

[36mRemote access (e.g., RDP) is access to DOD nonpublic information systems by an authorized user (or an information system) communicating through an external, nonorganization-controlled network. Remote access methods include, for example, dial-up, broadband, and wireless. [39m

[36mCryptographic mechanisms used for protecting the integrity of information include, for example, signed hash functions using asymmetric cryptography, enabling distribution of the public key to verify the hash information while maintaining the confidentiality of the secret key used to generate the hash. [39m

[36mAmazon Linux 2023 incorporates systemwide crypto policies by default. The SSH configuration file has no effect on the ciphers, MACs, or algorithms unless specifically defined in the /etc/sysconfig/sshd file. The employed algorithms can be viewed in the /etc/crypto-policies/back-ends/openssh.config file.[39m

[36m```[39m
[36m---[39m
[36mSV-283443:[39m
[36mOld:[39m
[36m```[39m
[36mWithout cryptographic integrity protections, information can be altered by unauthorized users without detection.[39m

[36mRemote access (e.g., RDP) is access to DOD nonpublic information systems by an authorized user (or an information system) communicating through an external, nonorganization-controlled network. Remote access methods include, for example, dial-up, broadband, and wireless.[39m

[36mCryptographic mechanisms used for protecting the integrity of information include, for example, signed hash functions using asymmetric cryptography, enabling distribution of the public key to verify the hash information while maintaining the confidentiality of the secret key used to generate the hash.[39m

[36mRHEL 9 incorporates systemwide crypto policies by default. The SSH configuration file has no effect on the ciphers, MACs, or algorithms unless specifically defined in the /etc/sysconfig/sshd file. The employed algorithms can be viewed in the /etc/crypto-policies/back-ends/openssh.config file.[39m

[36m```[39m
[36mNew:[39m
[36m```[39m
[36mWithout cryptographic integrity protections, information can be altered by unauthorized users without detection. [39m

[36mRemote access (e.g., RDP) is access to DOD nonpublic information systems by an authorized user (or an information system) communicating through an external, nonorganization-controlled network. Remote access methods include, for example, dial-up, broadband, and wireless. [39m

[36mCryptographic mechanisms used for protecting the integrity of information include, for example, signed hash functions using asymmetric cryptography, enabling distribution of the public key to verify the hash information while maintaining the confidentiality of the secret key used to generate the hash. [39m

[36mAmazon Linux 2023 incorporates systemwide crypto policies by default. The SSH configuration file has no effect on the ciphers, MACs, or algorithms unless specifically defined in the /etc/sysconfig/sshd file. The employed algorithms can be viewed in the /etc/crypto-policies/back-ends/openssh.config file.[39m

[36m```[39m
[36m---[39m
[36mSV-283452:[39m
[36mOld:[39m
[36m```[39m
[36mCentralized cryptographic policies simplify applying secure ciphers across an operating system and the applications that run on that operating system. Use of weak or untested encryption algorithms undermines the purposes of using encryption to protect data.[39m

[36m```[39m
[36mNew:[39m
[36m```[39m
[36mCentralized cryptographic policies simplify applying secure ciphers across an operating system and the applications that run on that operating system. Use of weak or untested encryption algorithms undermines the purposes of utilizing encryption to protect data.[39m



[36m```[39m
[36m---[39m
[36m</details>[39m
[36m[39m
[36mDelta Process completed successfully[39m
[36m[39m
